ISO-10303-21;
HEADER;
/* Generated by software containing ST-Developer
 * from STEP Tools, Inc. (www.steptools.com) 
 */

FILE_DESCRIPTION(
/* description */ (''),
/* implementation_level */ '2;1');

FILE_NAME(
/* name */ 'Veekos-top.step',
/* time_stamp */ '2026-09-16T17:21:14+05:30',
/* author */ (''),
/* organization */ (''),
/* preprocessor_version */ 'ST-DEVELOPER v20.2',
/* originating_system */ 'Autodesk Translation Framework v15.15.0.0',
/* authorisation */ '');

FILE_SCHEMA (('AUTOMOTIVE_DESIGN { 1 0 10303 214 3 1 1 }'));
ENDSEC;

DATA;
#10=MECHANICAL_DESIGN_GEOMETRIC_PRESENTATION_REPRESENTATION('',(#13),#8063);
#11=SHAPE_REPRESENTATION_RELATIONSHIP('SRR','None',#8070,#12);
#12=ADVANCED_BREP_SHAPE_REPRESENTATION('',(#14),#8062);
#13=STYLED_ITEM('',(#8079),#14);
#14=MANIFOLD_SOLID_BREP('Body1',#4787);
#15=FACE_BOUND('',#432,.T.);
#16=FACE_BOUND('',#433,.T.);
#17=FACE_BOUND('',#434,.T.);
#18=FACE_BOUND('',#435,.T.);
#19=FACE_BOUND('',#436,.T.);
#20=FACE_BOUND('',#437,.T.);
#21=FACE_BOUND('',#438,.T.);
#22=FACE_BOUND('',#439,.T.);
#23=FACE_BOUND('',#440,.T.);
#24=FACE_BOUND('',#441,.T.);
#25=FACE_BOUND('',#442,.T.);
#26=FACE_BOUND('',#443,.T.);
#27=FACE_BOUND('',#444,.T.);
#28=FACE_BOUND('',#445,.T.);
#29=FACE_BOUND('',#446,.T.);
#30=FACE_BOUND('',#447,.T.);
#31=FACE_BOUND('',#448,.T.);
#32=FACE_BOUND('',#449,.T.);
#33=FACE_BOUND('',#450,.T.);
#34=FACE_BOUND('',#451,.T.);
#35=FACE_BOUND('',#452,.T.);
#36=FACE_BOUND('',#453,.T.);
#37=FACE_BOUND('',#454,.T.);
#38=FACE_BOUND('',#455,.T.);
#39=FACE_BOUND('',#456,.T.);
#40=FACE_BOUND('',#457,.T.);
#41=FACE_BOUND('',#458,.T.);
#42=FACE_BOUND('',#459,.T.);
#43=FACE_BOUND('',#460,.T.);
#44=FACE_BOUND('',#461,.T.);
#45=FACE_BOUND('',#462,.T.);
#46=FACE_BOUND('',#694,.T.);
#47=FACE_BOUND('',#695,.T.);
#48=FACE_BOUND('',#696,.T.);
#49=FACE_BOUND('',#697,.T.);
#50=FACE_BOUND('',#698,.T.);
#51=FACE_BOUND('',#699,.T.);
#52=FACE_BOUND('',#700,.T.);
#53=FACE_BOUND('',#701,.T.);
#54=FACE_BOUND('',#702,.T.);
#55=FACE_BOUND('',#703,.T.);
#56=FACE_BOUND('',#704,.T.);
#57=FACE_BOUND('',#705,.T.);
#58=FACE_BOUND('',#706,.T.);
#59=FACE_BOUND('',#707,.T.);
#60=FACE_BOUND('',#708,.T.);
#61=FACE_BOUND('',#709,.T.);
#62=FACE_BOUND('',#710,.T.);
#63=FACE_BOUND('',#711,.T.);
#64=FACE_BOUND('',#712,.T.);
#65=FACE_BOUND('',#713,.T.);
#66=FACE_BOUND('',#714,.T.);
#67=FACE_BOUND('',#715,.T.);
#68=FACE_BOUND('',#716,.T.);
#69=FACE_BOUND('',#717,.T.);
#70=FACE_BOUND('',#718,.T.);
#71=FACE_BOUND('',#719,.T.);
#72=FACE_BOUND('',#720,.T.);
#73=FACE_BOUND('',#721,.T.);
#74=FACE_BOUND('',#722,.T.);
#75=FACE_BOUND('',#723,.T.);
#76=FACE_BOUND('',#724,.T.);
#77=PLANE('',#4804);
#78=PLANE('',#4805);
#79=PLANE('',#4923);
#80=PLANE('',#4926);
#81=PLANE('',#4931);
#82=PLANE('',#4934);
#83=PLANE('',#4937);
#84=PLANE('',#4940);
#85=PLANE('',#4943);
#86=PLANE('',#4946);
#87=PLANE('',#4949);
#88=PLANE('',#4952);
#89=PLANE('',#4955);
#90=PLANE('',#4958);
#91=PLANE('',#4961);
#92=PLANE('',#4964);
#93=PLANE('',#4969);
#94=PLANE('',#4972);
#95=PLANE('',#4975);
#96=PLANE('',#4978);
#97=PLANE('',#4979);
#98=PLANE('',#4982);
#99=PLANE('',#4985);
#100=PLANE('',#4988);
#101=PLANE('',#4991);
#102=PLANE('',#4994);
#103=PLANE('',#4997);
#104=PLANE('',#5000);
#105=PLANE('',#5003);
#106=PLANE('',#5006);
#107=PLANE('',#5009);
#108=PLANE('',#5012);
#109=PLANE('',#5015);
#110=PLANE('',#5018);
#111=PLANE('',#5021);
#112=PLANE('',#5024);
#113=PLANE('',#5029);
#114=PLANE('',#5032);
#115=PLANE('',#5035);
#116=PLANE('',#5038);
#117=PLANE('',#5041);
#118=PLANE('',#5044);
#119=PLANE('',#5047);
#120=PLANE('',#5050);
#121=PLANE('',#5053);
#122=PLANE('',#5056);
#123=PLANE('',#5059);
#124=PLANE('',#5062);
#125=PLANE('',#5065);
#126=PLANE('',#5068);
#127=PLANE('',#5071);
#128=PLANE('',#5074);
#129=PLANE('',#5079);
#130=PLANE('',#5082);
#131=PLANE('',#5085);
#132=PLANE('',#5088);
#133=PLANE('',#5091);
#134=PLANE('',#5094);
#135=PLANE('',#5097);
#136=PLANE('',#5100);
#137=PLANE('',#5105);
#138=PLANE('',#5108);
#139=PLANE('',#5111);
#140=PLANE('',#5114);
#141=PLANE('',#5115);
#142=PLANE('',#5118);
#143=PLANE('',#5121);
#144=PLANE('',#5124);
#145=PLANE('',#5127);
#146=PLANE('',#5130);
#147=PLANE('',#5133);
#148=PLANE('',#5136);
#149=PLANE('',#5139);
#150=PLANE('',#5142);
#151=PLANE('',#5145);
#152=PLANE('',#5148);
#153=PLANE('',#5151);
#154=PLANE('',#5154);
#155=PLANE('',#5157);
#156=PLANE('',#5160);
#157=PLANE('',#5163);
#158=PLANE('',#5166);
#159=PLANE('',#5169);
#160=PLANE('',#5172);
#161=PLANE('',#5177);
#162=PLANE('',#5180);
#163=PLANE('',#5183);
#164=PLANE('',#5186);
#165=PLANE('',#5187);
#166=PLANE('',#5190);
#167=PLANE('',#5193);
#168=PLANE('',#5196);
#169=PLANE('',#5199);
#170=PLANE('',#5202);
#171=PLANE('',#5205);
#172=PLANE('',#5208);
#173=PLANE('',#5213);
#174=PLANE('',#5216);
#175=PLANE('',#5219);
#176=PLANE('',#5222);
#177=PLANE('',#5225);
#178=PLANE('',#5228);
#179=PLANE('',#5231);
#180=PLANE('',#5234);
#181=PLANE('',#5237);
#182=PLANE('',#5240);
#183=PLANE('',#5243);
#184=PLANE('',#5246);
#185=PLANE('',#5249);
#186=PLANE('',#5252);
#187=PLANE('',#5255);
#188=PLANE('',#5258);
#189=PLANE('',#5261);
#190=PLANE('',#5262);
#191=PLANE('',#5263);
#192=PLANE('',#5264);
#193=PLANE('',#5265);
#194=PLANE('',#5266);
#195=FACE_OUTER_BOUND('',#429,.T.);
#196=FACE_OUTER_BOUND('',#430,.T.);
#197=FACE_OUTER_BOUND('',#431,.T.);
#198=FACE_OUTER_BOUND('',#463,.T.);
#199=FACE_OUTER_BOUND('',#464,.T.);
#200=FACE_OUTER_BOUND('',#465,.T.);
#201=FACE_OUTER_BOUND('',#466,.T.);
#202=FACE_OUTER_BOUND('',#467,.T.);
#203=FACE_OUTER_BOUND('',#468,.T.);
#204=FACE_OUTER_BOUND('',#469,.T.);
#205=FACE_OUTER_BOUND('',#470,.T.);
#206=FACE_OUTER_BOUND('',#471,.T.);
#207=FACE_OUTER_BOUND('',#472,.T.);
#208=FACE_OUTER_BOUND('',#473,.T.);
#209=FACE_OUTER_BOUND('',#474,.T.);
#210=FACE_OUTER_BOUND('',#475,.T.);
#211=FACE_OUTER_BOUND('',#476,.T.);
#212=FACE_OUTER_BOUND('',#477,.T.);
#213=FACE_OUTER_BOUND('',#478,.T.);
#214=FACE_OUTER_BOUND('',#479,.T.);
#215=FACE_OUTER_BOUND('',#480,.T.);
#216=FACE_OUTER_BOUND('',#481,.T.);
#217=FACE_OUTER_BOUND('',#482,.T.);
#218=FACE_OUTER_BOUND('',#483,.T.);
#219=FACE_OUTER_BOUND('',#484,.T.);
#220=FACE_OUTER_BOUND('',#485,.T.);
#221=FACE_OUTER_BOUND('',#486,.T.);
#222=FACE_OUTER_BOUND('',#487,.T.);
#223=FACE_OUTER_BOUND('',#488,.T.);
#224=FACE_OUTER_BOUND('',#489,.T.);
#225=FACE_OUTER_BOUND('',#490,.T.);
#226=FACE_OUTER_BOUND('',#491,.T.);
#227=FACE_OUTER_BOUND('',#492,.T.);
#228=FACE_OUTER_BOUND('',#493,.T.);
#229=FACE_OUTER_BOUND('',#494,.T.);
#230=FACE_OUTER_BOUND('',#495,.T.);
#231=FACE_OUTER_BOUND('',#496,.T.);
#232=FACE_OUTER_BOUND('',#497,.T.);
#233=FACE_OUTER_BOUND('',#498,.T.);
#234=FACE_OUTER_BOUND('',#499,.T.);
#235=FACE_OUTER_BOUND('',#500,.T.);
#236=FACE_OUTER_BOUND('',#501,.T.);
#237=FACE_OUTER_BOUND('',#502,.T.);
#238=FACE_OUTER_BOUND('',#503,.T.);
#239=FACE_OUTER_BOUND('',#504,.T.);
#240=FACE_OUTER_BOUND('',#505,.T.);
#241=FACE_OUTER_BOUND('',#506,.T.);
#242=FACE_OUTER_BOUND('',#507,.T.);
#243=FACE_OUTER_BOUND('',#508,.T.);
#244=FACE_OUTER_BOUND('',#509,.T.);
#245=FACE_OUTER_BOUND('',#510,.T.);
#246=FACE_OUTER_BOUND('',#511,.T.);
#247=FACE_OUTER_BOUND('',#512,.T.);
#248=FACE_OUTER_BOUND('',#513,.T.);
#249=FACE_OUTER_BOUND('',#514,.T.);
#250=FACE_OUTER_BOUND('',#515,.T.);
#251=FACE_OUTER_BOUND('',#516,.T.);
#252=FACE_OUTER_BOUND('',#517,.T.);
#253=FACE_OUTER_BOUND('',#518,.T.);
#254=FACE_OUTER_BOUND('',#519,.T.);
#255=FACE_OUTER_BOUND('',#520,.T.);
#256=FACE_OUTER_BOUND('',#521,.T.);
#257=FACE_OUTER_BOUND('',#522,.T.);
#258=FACE_OUTER_BOUND('',#523,.T.);
#259=FACE_OUTER_BOUND('',#524,.T.);
#260=FACE_OUTER_BOUND('',#525,.T.);
#261=FACE_OUTER_BOUND('',#526,.T.);
#262=FACE_OUTER_BOUND('',#527,.T.);
#263=FACE_OUTER_BOUND('',#528,.T.);
#264=FACE_OUTER_BOUND('',#529,.T.);
#265=FACE_OUTER_BOUND('',#530,.T.);
#266=FACE_OUTER_BOUND('',#531,.T.);
#267=FACE_OUTER_BOUND('',#532,.T.);
#268=FACE_OUTER_BOUND('',#533,.T.);
#269=FACE_OUTER_BOUND('',#534,.T.);
#270=FACE_OUTER_BOUND('',#535,.T.);
#271=FACE_OUTER_BOUND('',#536,.T.);
#272=FACE_OUTER_BOUND('',#537,.T.);
#273=FACE_OUTER_BOUND('',#538,.T.);
#274=FACE_OUTER_BOUND('',#539,.T.);
#275=FACE_OUTER_BOUND('',#540,.T.);
#276=FACE_OUTER_BOUND('',#541,.T.);
#277=FACE_OUTER_BOUND('',#542,.T.);
#278=FACE_OUTER_BOUND('',#543,.T.);
#279=FACE_OUTER_BOUND('',#544,.T.);
#280=FACE_OUTER_BOUND('',#545,.T.);
#281=FACE_OUTER_BOUND('',#546,.T.);
#282=FACE_OUTER_BOUND('',#547,.T.);
#283=FACE_OUTER_BOUND('',#548,.T.);
#284=FACE_OUTER_BOUND('',#549,.T.);
#285=FACE_OUTER_BOUND('',#550,.T.);
#286=FACE_OUTER_BOUND('',#551,.T.);
#287=FACE_OUTER_BOUND('',#552,.T.);
#288=FACE_OUTER_BOUND('',#553,.T.);
#289=FACE_OUTER_BOUND('',#554,.T.);
#290=FACE_OUTER_BOUND('',#555,.T.);
#291=FACE_OUTER_BOUND('',#556,.T.);
#292=FACE_OUTER_BOUND('',#557,.T.);
#293=FACE_OUTER_BOUND('',#558,.T.);
#294=FACE_OUTER_BOUND('',#559,.T.);
#295=FACE_OUTER_BOUND('',#560,.T.);
#296=FACE_OUTER_BOUND('',#561,.T.);
#297=FACE_OUTER_BOUND('',#562,.T.);
#298=FACE_OUTER_BOUND('',#563,.T.);
#299=FACE_OUTER_BOUND('',#564,.T.);
#300=FACE_OUTER_BOUND('',#565,.T.);
#301=FACE_OUTER_BOUND('',#566,.T.);
#302=FACE_OUTER_BOUND('',#567,.T.);
#303=FACE_OUTER_BOUND('',#568,.T.);
#304=FACE_OUTER_BOUND('',#569,.T.);
#305=FACE_OUTER_BOUND('',#570,.T.);
#306=FACE_OUTER_BOUND('',#571,.T.);
#307=FACE_OUTER_BOUND('',#572,.T.);
#308=FACE_OUTER_BOUND('',#573,.T.);
#309=FACE_OUTER_BOUND('',#574,.T.);
#310=FACE_OUTER_BOUND('',#575,.T.);
#311=FACE_OUTER_BOUND('',#576,.T.);
#312=FACE_OUTER_BOUND('',#577,.T.);
#313=FACE_OUTER_BOUND('',#578,.T.);
#314=FACE_OUTER_BOUND('',#579,.T.);
#315=FACE_OUTER_BOUND('',#580,.T.);
#316=FACE_OUTER_BOUND('',#581,.T.);
#317=FACE_OUTER_BOUND('',#582,.T.);
#318=FACE_OUTER_BOUND('',#583,.T.);
#319=FACE_OUTER_BOUND('',#584,.T.);
#320=FACE_OUTER_BOUND('',#585,.T.);
#321=FACE_OUTER_BOUND('',#586,.T.);
#322=FACE_OUTER_BOUND('',#587,.T.);
#323=FACE_OUTER_BOUND('',#588,.T.);
#324=FACE_OUTER_BOUND('',#589,.T.);
#325=FACE_OUTER_BOUND('',#590,.T.);
#326=FACE_OUTER_BOUND('',#591,.T.);
#327=FACE_OUTER_BOUND('',#592,.T.);
#328=FACE_OUTER_BOUND('',#593,.T.);
#329=FACE_OUTER_BOUND('',#594,.T.);
#330=FACE_OUTER_BOUND('',#595,.T.);
#331=FACE_OUTER_BOUND('',#596,.T.);
#332=FACE_OUTER_BOUND('',#597,.T.);
#333=FACE_OUTER_BOUND('',#598,.T.);
#334=FACE_OUTER_BOUND('',#599,.T.);
#335=FACE_OUTER_BOUND('',#600,.T.);
#336=FACE_OUTER_BOUND('',#601,.T.);
#337=FACE_OUTER_BOUND('',#602,.T.);
#338=FACE_OUTER_BOUND('',#603,.T.);
#339=FACE_OUTER_BOUND('',#604,.T.);
#340=FACE_OUTER_BOUND('',#605,.T.);
#341=FACE_OUTER_BOUND('',#606,.T.);
#342=FACE_OUTER_BOUND('',#607,.T.);
#343=FACE_OUTER_BOUND('',#608,.T.);
#344=FACE_OUTER_BOUND('',#609,.T.);
#345=FACE_OUTER_BOUND('',#610,.T.);
#346=FACE_OUTER_BOUND('',#611,.T.);
#347=FACE_OUTER_BOUND('',#612,.T.);
#348=FACE_OUTER_BOUND('',#613,.T.);
#349=FACE_OUTER_BOUND('',#614,.T.);
#350=FACE_OUTER_BOUND('',#615,.T.);
#351=FACE_OUTER_BOUND('',#616,.T.);
#352=FACE_OUTER_BOUND('',#617,.T.);
#353=FACE_OUTER_BOUND('',#618,.T.);
#354=FACE_OUTER_BOUND('',#619,.T.);
#355=FACE_OUTER_BOUND('',#620,.T.);
#356=FACE_OUTER_BOUND('',#621,.T.);
#357=FACE_OUTER_BOUND('',#622,.T.);
#358=FACE_OUTER_BOUND('',#623,.T.);
#359=FACE_OUTER_BOUND('',#624,.T.);
#360=FACE_OUTER_BOUND('',#625,.T.);
#361=FACE_OUTER_BOUND('',#626,.T.);
#362=FACE_OUTER_BOUND('',#627,.T.);
#363=FACE_OUTER_BOUND('',#628,.T.);
#364=FACE_OUTER_BOUND('',#629,.T.);
#365=FACE_OUTER_BOUND('',#630,.T.);
#366=FACE_OUTER_BOUND('',#631,.T.);
#367=FACE_OUTER_BOUND('',#632,.T.);
#368=FACE_OUTER_BOUND('',#633,.T.);
#369=FACE_OUTER_BOUND('',#634,.T.);
#370=FACE_OUTER_BOUND('',#635,.T.);
#371=FACE_OUTER_BOUND('',#636,.T.);
#372=FACE_OUTER_BOUND('',#637,.T.);
#373=FACE_OUTER_BOUND('',#638,.T.);
#374=FACE_OUTER_BOUND('',#639,.T.);
#375=FACE_OUTER_BOUND('',#640,.T.);
#376=FACE_OUTER_BOUND('',#641,.T.);
#377=FACE_OUTER_BOUND('',#642,.T.);
#378=FACE_OUTER_BOUND('',#643,.T.);
#379=FACE_OUTER_BOUND('',#644,.T.);
#380=FACE_OUTER_BOUND('',#645,.T.);
#381=FACE_OUTER_BOUND('',#646,.T.);
#382=FACE_OUTER_BOUND('',#647,.T.);
#383=FACE_OUTER_BOUND('',#648,.T.);
#384=FACE_OUTER_BOUND('',#649,.T.);
#385=FACE_OUTER_BOUND('',#650,.T.);
#386=FACE_OUTER_BOUND('',#651,.T.);
#387=FACE_OUTER_BOUND('',#652,.T.);
#388=FACE_OUTER_BOUND('',#653,.T.);
#389=FACE_OUTER_BOUND('',#654,.T.);
#390=FACE_OUTER_BOUND('',#655,.T.);
#391=FACE_OUTER_BOUND('',#656,.T.);
#392=FACE_OUTER_BOUND('',#657,.T.);
#393=FACE_OUTER_BOUND('',#658,.T.);
#394=FACE_OUTER_BOUND('',#659,.T.);
#395=FACE_OUTER_BOUND('',#660,.T.);
#396=FACE_OUTER_BOUND('',#661,.T.);
#397=FACE_OUTER_BOUND('',#662,.T.);
#398=FACE_OUTER_BOUND('',#663,.T.);
#399=FACE_OUTER_BOUND('',#664,.T.);
#400=FACE_OUTER_BOUND('',#665,.T.);
#401=FACE_OUTER_BOUND('',#666,.T.);
#402=FACE_OUTER_BOUND('',#667,.T.);
#403=FACE_OUTER_BOUND('',#668,.T.);
#404=FACE_OUTER_BOUND('',#669,.T.);
#405=FACE_OUTER_BOUND('',#670,.T.);
#406=FACE_OUTER_BOUND('',#671,.T.);
#407=FACE_OUTER_BOUND('',#672,.T.);
#408=FACE_OUTER_BOUND('',#673,.T.);
#409=FACE_OUTER_BOUND('',#674,.T.);
#410=FACE_OUTER_BOUND('',#675,.T.);
#411=FACE_OUTER_BOUND('',#676,.T.);
#412=FACE_OUTER_BOUND('',#677,.T.);
#413=FACE_OUTER_BOUND('',#678,.T.);
#414=FACE_OUTER_BOUND('',#679,.T.);
#415=FACE_OUTER_BOUND('',#680,.T.);
#416=FACE_OUTER_BOUND('',#681,.T.);
#417=FACE_OUTER_BOUND('',#682,.T.);
#418=FACE_OUTER_BOUND('',#683,.T.);
#419=FACE_OUTER_BOUND('',#684,.T.);
#420=FACE_OUTER_BOUND('',#685,.T.);
#421=FACE_OUTER_BOUND('',#686,.T.);
#422=FACE_OUTER_BOUND('',#687,.T.);
#423=FACE_OUTER_BOUND('',#688,.T.);
#424=FACE_OUTER_BOUND('',#689,.T.);
#425=FACE_OUTER_BOUND('',#690,.T.);
#426=FACE_OUTER_BOUND('',#691,.T.);
#427=FACE_OUTER_BOUND('',#692,.T.);
#428=FACE_OUTER_BOUND('',#693,.T.);
#429=EDGE_LOOP('',(#3045,#3046,#3047,#3048));
#430=EDGE_LOOP('',(#3049,#3050,#3051,#3052));
#431=EDGE_LOOP('',(#3053,#3054,#3055,#3056,#3057,#3058,#3059,#3060,#3061,
#3062,#3063,#3064));
#432=EDGE_LOOP('',(#3065,#3066,#3067,#3068,#3069,#3070,#3071,#3072));
#433=EDGE_LOOP('',(#3073,#3074,#3075,#3076,#3077,#3078,#3079,#3080));
#434=EDGE_LOOP('',(#3081,#3082,#3083,#3084,#3085,#3086,#3087,#3088));
#435=EDGE_LOOP('',(#3089,#3090,#3091,#3092,#3093,#3094,#3095,#3096));
#436=EDGE_LOOP('',(#3097));
#437=EDGE_LOOP('',(#3098,#3099,#3100,#3101,#3102,#3103,#3104,#3105));
#438=EDGE_LOOP('',(#3106,#3107,#3108,#3109,#3110,#3111,#3112,#3113));
#439=EDGE_LOOP('',(#3114,#3115,#3116,#3117,#3118,#3119,#3120,#3121));
#440=EDGE_LOOP('',(#3122,#3123,#3124,#3125,#3126,#3127,#3128,#3129));
#441=EDGE_LOOP('',(#3130,#3131,#3132,#3133,#3134,#3135,#3136,#3137));
#442=EDGE_LOOP('',(#3138,#3139,#3140,#3141,#3142,#3143,#3144,#3145));
#443=EDGE_LOOP('',(#3146,#3147,#3148,#3149,#3150,#3151,#3152,#3153));
#444=EDGE_LOOP('',(#3154,#3155,#3156,#3157,#3158,#3159,#3160,#3161));
#445=EDGE_LOOP('',(#3162,#3163,#3164,#3165,#3166,#3167,#3168,#3169));
#446=EDGE_LOOP('',(#3170,#3171,#3172,#3173,#3174,#3175,#3176,#3177));
#447=EDGE_LOOP('',(#3178,#3179,#3180,#3181,#3182,#3183,#3184,#3185));
#448=EDGE_LOOP('',(#3186));
#449=EDGE_LOOP('',(#3187,#3188,#3189,#3190,#3191,#3192,#3193,#3194));
#450=EDGE_LOOP('',(#3195,#3196,#3197,#3198,#3199,#3200,#3201,#3202));
#451=EDGE_LOOP('',(#3203,#3204,#3205,#3206,#3207,#3208,#3209,#3210));
#452=EDGE_LOOP('',(#3211,#3212,#3213,#3214,#3215,#3216,#3217,#3218));
#453=EDGE_LOOP('',(#3219));
#454=EDGE_LOOP('',(#3220,#3221,#3222,#3223,#3224,#3225,#3226,#3227));
#455=EDGE_LOOP('',(#3228,#3229,#3230,#3231,#3232,#3233,#3234,#3235));
#456=EDGE_LOOP('',(#3236,#3237,#3238,#3239,#3240,#3241,#3242,#3243));
#457=EDGE_LOOP('',(#3244,#3245,#3246,#3247,#3248,#3249,#3250,#3251));
#458=EDGE_LOOP('',(#3252,#3253,#3254,#3255,#3256,#3257,#3258,#3259));
#459=EDGE_LOOP('',(#3260,#3261,#3262,#3263,#3264,#3265,#3266,#3267));
#460=EDGE_LOOP('',(#3268,#3269,#3270,#3271,#3272,#3273,#3274,#3275));
#461=EDGE_LOOP('',(#3276));
#462=EDGE_LOOP('',(#3277,#3278,#3279,#3280,#3281,#3282,#3283,#3284));
#463=EDGE_LOOP('',(#3285,#3286,#3287,#3288));
#464=EDGE_LOOP('',(#3289,#3290,#3291,#3292));
#465=EDGE_LOOP('',(#3293,#3294,#3295,#3296));
#466=EDGE_LOOP('',(#3297,#3298,#3299,#3300));
#467=EDGE_LOOP('',(#3301,#3302,#3303,#3304));
#468=EDGE_LOOP('',(#3305,#3306,#3307,#3308));
#469=EDGE_LOOP('',(#3309,#3310,#3311,#3312));
#470=EDGE_LOOP('',(#3313,#3314,#3315,#3316));
#471=EDGE_LOOP('',(#3317,#3318,#3319,#3320));
#472=EDGE_LOOP('',(#3321,#3322,#3323,#3324));
#473=EDGE_LOOP('',(#3325,#3326,#3327,#3328));
#474=EDGE_LOOP('',(#3329,#3330,#3331,#3332));
#475=EDGE_LOOP('',(#3333,#3334,#3335,#3336));
#476=EDGE_LOOP('',(#3337,#3338,#3339,#3340));
#477=EDGE_LOOP('',(#3341,#3342,#3343,#3344));
#478=EDGE_LOOP('',(#3345,#3346,#3347,#3348));
#479=EDGE_LOOP('',(#3349,#3350,#3351,#3352));
#480=EDGE_LOOP('',(#3353,#3354,#3355,#3356));
#481=EDGE_LOOP('',(#3357,#3358,#3359,#3360));
#482=EDGE_LOOP('',(#3361,#3362,#3363,#3364));
#483=EDGE_LOOP('',(#3365,#3366,#3367,#3368));
#484=EDGE_LOOP('',(#3369,#3370,#3371,#3372));
#485=EDGE_LOOP('',(#3373,#3374,#3375,#3376));
#486=EDGE_LOOP('',(#3377,#3378,#3379,#3380));
#487=EDGE_LOOP('',(#3381,#3382,#3383,#3384));
#488=EDGE_LOOP('',(#3385,#3386,#3387,#3388));
#489=EDGE_LOOP('',(#3389,#3390,#3391,#3392));
#490=EDGE_LOOP('',(#3393,#3394,#3395,#3396));
#491=EDGE_LOOP('',(#3397,#3398,#3399,#3400));
#492=EDGE_LOOP('',(#3401,#3402,#3403,#3404));
#493=EDGE_LOOP('',(#3405,#3406,#3407,#3408));
#494=EDGE_LOOP('',(#3409,#3410,#3411,#3412));
#495=EDGE_LOOP('',(#3413,#3414,#3415,#3416));
#496=EDGE_LOOP('',(#3417,#3418,#3419,#3420));
#497=EDGE_LOOP('',(#3421,#3422,#3423,#3424));
#498=EDGE_LOOP('',(#3425,#3426,#3427,#3428));
#499=EDGE_LOOP('',(#3429,#3430,#3431,#3432));
#500=EDGE_LOOP('',(#3433,#3434,#3435,#3436));
#501=EDGE_LOOP('',(#3437,#3438,#3439,#3440));
#502=EDGE_LOOP('',(#3441,#3442,#3443,#3444));
#503=EDGE_LOOP('',(#3445,#3446,#3447,#3448));
#504=EDGE_LOOP('',(#3449,#3450,#3451,#3452));
#505=EDGE_LOOP('',(#3453,#3454,#3455,#3456));
#506=EDGE_LOOP('',(#3457,#3458,#3459,#3460));
#507=EDGE_LOOP('',(#3461,#3462,#3463,#3464));
#508=EDGE_LOOP('',(#3465,#3466,#3467,#3468));
#509=EDGE_LOOP('',(#3469,#3470,#3471,#3472));
#510=EDGE_LOOP('',(#3473,#3474,#3475,#3476));
#511=EDGE_LOOP('',(#3477,#3478,#3479,#3480));
#512=EDGE_LOOP('',(#3481,#3482,#3483,#3484));
#513=EDGE_LOOP('',(#3485,#3486,#3487,#3488));
#514=EDGE_LOOP('',(#3489,#3490,#3491,#3492));
#515=EDGE_LOOP('',(#3493,#3494,#3495,#3496));
#516=EDGE_LOOP('',(#3497,#3498,#3499,#3500));
#517=EDGE_LOOP('',(#3501,#3502,#3503,#3504));
#518=EDGE_LOOP('',(#3505,#3506,#3507,#3508));
#519=EDGE_LOOP('',(#3509,#3510,#3511,#3512));
#520=EDGE_LOOP('',(#3513,#3514,#3515,#3516));
#521=EDGE_LOOP('',(#3517,#3518,#3519,#3520));
#522=EDGE_LOOP('',(#3521,#3522,#3523,#3524));
#523=EDGE_LOOP('',(#3525,#3526,#3527,#3528));
#524=EDGE_LOOP('',(#3529,#3530,#3531,#3532));
#525=EDGE_LOOP('',(#3533,#3534,#3535,#3536));
#526=EDGE_LOOP('',(#3537,#3538,#3539,#3540));
#527=EDGE_LOOP('',(#3541,#3542,#3543,#3544));
#528=EDGE_LOOP('',(#3545,#3546,#3547,#3548));
#529=EDGE_LOOP('',(#3549,#3550,#3551,#3552));
#530=EDGE_LOOP('',(#3553,#3554,#3555,#3556));
#531=EDGE_LOOP('',(#3557,#3558,#3559,#3560));
#532=EDGE_LOOP('',(#3561,#3562,#3563,#3564));
#533=EDGE_LOOP('',(#3565,#3566,#3567,#3568));
#534=EDGE_LOOP('',(#3569,#3570,#3571,#3572));
#535=EDGE_LOOP('',(#3573,#3574,#3575,#3576));
#536=EDGE_LOOP('',(#3577,#3578,#3579,#3580));
#537=EDGE_LOOP('',(#3581,#3582,#3583,#3584));
#538=EDGE_LOOP('',(#3585,#3586,#3587,#3588));
#539=EDGE_LOOP('',(#3589,#3590,#3591,#3592));
#540=EDGE_LOOP('',(#3593,#3594,#3595,#3596));
#541=EDGE_LOOP('',(#3597,#3598,#3599,#3600));
#542=EDGE_LOOP('',(#3601,#3602,#3603,#3604));
#543=EDGE_LOOP('',(#3605,#3606,#3607,#3608));
#544=EDGE_LOOP('',(#3609,#3610,#3611,#3612));
#545=EDGE_LOOP('',(#3613,#3614,#3615,#3616));
#546=EDGE_LOOP('',(#3617,#3618,#3619,#3620));
#547=EDGE_LOOP('',(#3621,#3622,#3623,#3624));
#548=EDGE_LOOP('',(#3625,#3626,#3627,#3628));
#549=EDGE_LOOP('',(#3629,#3630,#3631,#3632));
#550=EDGE_LOOP('',(#3633,#3634,#3635,#3636));
#551=EDGE_LOOP('',(#3637,#3638,#3639,#3640));
#552=EDGE_LOOP('',(#3641,#3642,#3643,#3644));
#553=EDGE_LOOP('',(#3645,#3646,#3647,#3648));
#554=EDGE_LOOP('',(#3649,#3650,#3651,#3652));
#555=EDGE_LOOP('',(#3653,#3654,#3655,#3656));
#556=EDGE_LOOP('',(#3657,#3658,#3659,#3660));
#557=EDGE_LOOP('',(#3661,#3662,#3663,#3664));
#558=EDGE_LOOP('',(#3665,#3666,#3667,#3668));
#559=EDGE_LOOP('',(#3669,#3670,#3671,#3672));
#560=EDGE_LOOP('',(#3673,#3674,#3675,#3676));
#561=EDGE_LOOP('',(#3677,#3678,#3679,#3680));
#562=EDGE_LOOP('',(#3681,#3682,#3683,#3684));
#563=EDGE_LOOP('',(#3685,#3686,#3687,#3688));
#564=EDGE_LOOP('',(#3689,#3690,#3691,#3692));
#565=EDGE_LOOP('',(#3693,#3694,#3695,#3696));
#566=EDGE_LOOP('',(#3697,#3698,#3699,#3700));
#567=EDGE_LOOP('',(#3701,#3702,#3703,#3704));
#568=EDGE_LOOP('',(#3705,#3706,#3707,#3708));
#569=EDGE_LOOP('',(#3709,#3710,#3711,#3712));
#570=EDGE_LOOP('',(#3713,#3714,#3715,#3716));
#571=EDGE_LOOP('',(#3717,#3718,#3719,#3720));
#572=EDGE_LOOP('',(#3721,#3722,#3723,#3724));
#573=EDGE_LOOP('',(#3725,#3726,#3727,#3728));
#574=EDGE_LOOP('',(#3729,#3730,#3731,#3732));
#575=EDGE_LOOP('',(#3733,#3734,#3735,#3736));
#576=EDGE_LOOP('',(#3737,#3738,#3739,#3740));
#577=EDGE_LOOP('',(#3741,#3742,#3743,#3744));
#578=EDGE_LOOP('',(#3745,#3746,#3747,#3748));
#579=EDGE_LOOP('',(#3749,#3750,#3751,#3752));
#580=EDGE_LOOP('',(#3753,#3754,#3755,#3756));
#581=EDGE_LOOP('',(#3757,#3758,#3759,#3760));
#582=EDGE_LOOP('',(#3761,#3762,#3763,#3764));
#583=EDGE_LOOP('',(#3765,#3766,#3767,#3768));
#584=EDGE_LOOP('',(#3769,#3770,#3771,#3772));
#585=EDGE_LOOP('',(#3773,#3774,#3775,#3776));
#586=EDGE_LOOP('',(#3777,#3778,#3779,#3780));
#587=EDGE_LOOP('',(#3781,#3782,#3783,#3784));
#588=EDGE_LOOP('',(#3785,#3786,#3787,#3788));
#589=EDGE_LOOP('',(#3789,#3790,#3791,#3792));
#590=EDGE_LOOP('',(#3793,#3794,#3795,#3796));
#591=EDGE_LOOP('',(#3797,#3798,#3799,#3800));
#592=EDGE_LOOP('',(#3801,#3802,#3803,#3804));
#593=EDGE_LOOP('',(#3805,#3806,#3807,#3808));
#594=EDGE_LOOP('',(#3809,#3810,#3811,#3812));
#595=EDGE_LOOP('',(#3813,#3814,#3815,#3816));
#596=EDGE_LOOP('',(#3817,#3818,#3819,#3820));
#597=EDGE_LOOP('',(#3821,#3822,#3823,#3824));
#598=EDGE_LOOP('',(#3825,#3826,#3827,#3828));
#599=EDGE_LOOP('',(#3829,#3830,#3831,#3832));
#600=EDGE_LOOP('',(#3833,#3834,#3835,#3836));
#601=EDGE_LOOP('',(#3837,#3838,#3839,#3840));
#602=EDGE_LOOP('',(#3841,#3842,#3843,#3844));
#603=EDGE_LOOP('',(#3845,#3846,#3847,#3848));
#604=EDGE_LOOP('',(#3849,#3850,#3851,#3852));
#605=EDGE_LOOP('',(#3853,#3854,#3855,#3856));
#606=EDGE_LOOP('',(#3857,#3858,#3859,#3860));
#607=EDGE_LOOP('',(#3861,#3862,#3863,#3864));
#608=EDGE_LOOP('',(#3865,#3866,#3867,#3868));
#609=EDGE_LOOP('',(#3869,#3870,#3871,#3872));
#610=EDGE_LOOP('',(#3873,#3874,#3875,#3876));
#611=EDGE_LOOP('',(#3877,#3878,#3879,#3880));
#612=EDGE_LOOP('',(#3881,#3882,#3883,#3884));
#613=EDGE_LOOP('',(#3885,#3886,#3887,#3888));
#614=EDGE_LOOP('',(#3889,#3890,#3891,#3892));
#615=EDGE_LOOP('',(#3893,#3894,#3895,#3896));
#616=EDGE_LOOP('',(#3897,#3898,#3899,#3900));
#617=EDGE_LOOP('',(#3901,#3902,#3903,#3904));
#618=EDGE_LOOP('',(#3905,#3906,#3907,#3908));
#619=EDGE_LOOP('',(#3909,#3910,#3911,#3912));
#620=EDGE_LOOP('',(#3913,#3914,#3915,#3916));
#621=EDGE_LOOP('',(#3917,#3918,#3919,#3920));
#622=EDGE_LOOP('',(#3921,#3922,#3923,#3924));
#623=EDGE_LOOP('',(#3925,#3926,#3927,#3928));
#624=EDGE_LOOP('',(#3929,#3930,#3931,#3932));
#625=EDGE_LOOP('',(#3933,#3934,#3935,#3936));
#626=EDGE_LOOP('',(#3937,#3938,#3939,#3940));
#627=EDGE_LOOP('',(#3941,#3942,#3943,#3944));
#628=EDGE_LOOP('',(#3945,#3946,#3947,#3948));
#629=EDGE_LOOP('',(#3949,#3950,#3951,#3952));
#630=EDGE_LOOP('',(#3953,#3954,#3955,#3956));
#631=EDGE_LOOP('',(#3957,#3958,#3959,#3960));
#632=EDGE_LOOP('',(#3961,#3962,#3963,#3964));
#633=EDGE_LOOP('',(#3965,#3966,#3967,#3968));
#634=EDGE_LOOP('',(#3969,#3970,#3971,#3972));
#635=EDGE_LOOP('',(#3973,#3974,#3975,#3976));
#636=EDGE_LOOP('',(#3977,#3978,#3979,#3980));
#637=EDGE_LOOP('',(#3981,#3982,#3983,#3984));
#638=EDGE_LOOP('',(#3985,#3986,#3987,#3988));
#639=EDGE_LOOP('',(#3989,#3990,#3991,#3992));
#640=EDGE_LOOP('',(#3993,#3994,#3995,#3996));
#641=EDGE_LOOP('',(#3997,#3998,#3999,#4000));
#642=EDGE_LOOP('',(#4001,#4002,#4003,#4004));
#643=EDGE_LOOP('',(#4005,#4006,#4007,#4008));
#644=EDGE_LOOP('',(#4009,#4010,#4011,#4012));
#645=EDGE_LOOP('',(#4013,#4014,#4015,#4016));
#646=EDGE_LOOP('',(#4017,#4018,#4019,#4020));
#647=EDGE_LOOP('',(#4021,#4022,#4023,#4024));
#648=EDGE_LOOP('',(#4025,#4026,#4027,#4028));
#649=EDGE_LOOP('',(#4029,#4030,#4031,#4032));
#650=EDGE_LOOP('',(#4033,#4034,#4035,#4036));
#651=EDGE_LOOP('',(#4037,#4038,#4039,#4040));
#652=EDGE_LOOP('',(#4041,#4042,#4043,#4044));
#653=EDGE_LOOP('',(#4045,#4046,#4047,#4048));
#654=EDGE_LOOP('',(#4049,#4050,#4051,#4052));
#655=EDGE_LOOP('',(#4053,#4054,#4055,#4056));
#656=EDGE_LOOP('',(#4057,#4058,#4059,#4060));
#657=EDGE_LOOP('',(#4061,#4062,#4063,#4064));
#658=EDGE_LOOP('',(#4065,#4066,#4067,#4068));
#659=EDGE_LOOP('',(#4069,#4070,#4071,#4072));
#660=EDGE_LOOP('',(#4073,#4074,#4075,#4076));
#661=EDGE_LOOP('',(#4077,#4078,#4079,#4080));
#662=EDGE_LOOP('',(#4081,#4082,#4083,#4084));
#663=EDGE_LOOP('',(#4085,#4086,#4087,#4088));
#664=EDGE_LOOP('',(#4089,#4090,#4091,#4092));
#665=EDGE_LOOP('',(#4093,#4094,#4095,#4096));
#666=EDGE_LOOP('',(#4097,#4098,#4099,#4100));
#667=EDGE_LOOP('',(#4101,#4102,#4103,#4104));
#668=EDGE_LOOP('',(#4105,#4106,#4107,#4108));
#669=EDGE_LOOP('',(#4109,#4110,#4111,#4112));
#670=EDGE_LOOP('',(#4113,#4114,#4115,#4116));
#671=EDGE_LOOP('',(#4117,#4118,#4119,#4120));
#672=EDGE_LOOP('',(#4121,#4122,#4123,#4124));
#673=EDGE_LOOP('',(#4125,#4126,#4127,#4128));
#674=EDGE_LOOP('',(#4129,#4130,#4131,#4132));
#675=EDGE_LOOP('',(#4133,#4134,#4135,#4136));
#676=EDGE_LOOP('',(#4137,#4138,#4139,#4140));
#677=EDGE_LOOP('',(#4141,#4142,#4143,#4144));
#678=EDGE_LOOP('',(#4145,#4146,#4147,#4148));
#679=EDGE_LOOP('',(#4149,#4150,#4151,#4152));
#680=EDGE_LOOP('',(#4153,#4154,#4155,#4156));
#681=EDGE_LOOP('',(#4157,#4158,#4159,#4160));
#682=EDGE_LOOP('',(#4161,#4162,#4163,#4164));
#683=EDGE_LOOP('',(#4165,#4166,#4167,#4168));
#684=EDGE_LOOP('',(#4169,#4170,#4171,#4172));
#685=EDGE_LOOP('',(#4173,#4174,#4175,#4176));
#686=EDGE_LOOP('',(#4177,#4178,#4179,#4180));
#687=EDGE_LOOP('',(#4181,#4182,#4183,#4184));
#688=EDGE_LOOP('',(#4185,#4186,#4187,#4188));
#689=EDGE_LOOP('',(#4189,#4190,#4191,#4192));
#690=EDGE_LOOP('',(#4193,#4194,#4195,#4196));
#691=EDGE_LOOP('',(#4197,#4198,#4199,#4200));
#692=EDGE_LOOP('',(#4201,#4202,#4203,#4204));
#693=EDGE_LOOP('',(#4205,#4206,#4207,#4208,#4209,#4210,#4211,#4212,#4213,
#4214,#4215,#4216));
#694=EDGE_LOOP('',(#4217,#4218,#4219,#4220,#4221,#4222,#4223,#4224));
#695=EDGE_LOOP('',(#4225,#4226,#4227,#4228,#4229,#4230,#4231,#4232));
#696=EDGE_LOOP('',(#4233,#4234,#4235,#4236,#4237,#4238,#4239,#4240));
#697=EDGE_LOOP('',(#4241,#4242,#4243,#4244,#4245,#4246,#4247,#4248));
#698=EDGE_LOOP('',(#4249));
#699=EDGE_LOOP('',(#4250,#4251,#4252,#4253,#4254,#4255,#4256,#4257));
#700=EDGE_LOOP('',(#4258,#4259,#4260,#4261,#4262,#4263,#4264,#4265));
#701=EDGE_LOOP('',(#4266,#4267,#4268,#4269,#4270,#4271,#4272,#4273));
#702=EDGE_LOOP('',(#4274,#4275,#4276,#4277,#4278,#4279,#4280,#4281));
#703=EDGE_LOOP('',(#4282,#4283,#4284,#4285,#4286,#4287,#4288,#4289));
#704=EDGE_LOOP('',(#4290,#4291,#4292,#4293,#4294,#4295,#4296,#4297));
#705=EDGE_LOOP('',(#4298,#4299,#4300,#4301,#4302,#4303,#4304,#4305));
#706=EDGE_LOOP('',(#4306,#4307,#4308,#4309,#4310,#4311,#4312,#4313));
#707=EDGE_LOOP('',(#4314,#4315,#4316,#4317,#4318,#4319,#4320,#4321));
#708=EDGE_LOOP('',(#4322,#4323,#4324,#4325,#4326,#4327,#4328,#4329));
#709=EDGE_LOOP('',(#4330,#4331,#4332,#4333,#4334,#4335,#4336,#4337));
#710=EDGE_LOOP('',(#4338));
#711=EDGE_LOOP('',(#4339,#4340,#4341,#4342,#4343,#4344,#4345,#4346));
#712=EDGE_LOOP('',(#4347,#4348,#4349,#4350,#4351,#4352,#4353,#4354));
#713=EDGE_LOOP('',(#4355,#4356,#4357,#4358,#4359,#4360,#4361,#4362));
#714=EDGE_LOOP('',(#4363,#4364,#4365,#4366,#4367,#4368,#4369,#4370));
#715=EDGE_LOOP('',(#4371));
#716=EDGE_LOOP('',(#4372,#4373,#4374,#4375,#4376,#4377,#4378,#4379));
#717=EDGE_LOOP('',(#4380,#4381,#4382,#4383,#4384,#4385,#4386,#4387));
#718=EDGE_LOOP('',(#4388,#4389,#4390,#4391,#4392,#4393,#4394,#4395));
#719=EDGE_LOOP('',(#4396,#4397,#4398,#4399,#4400,#4401,#4402,#4403));
#720=EDGE_LOOP('',(#4404,#4405,#4406,#4407,#4408,#4409,#4410,#4411));
#721=EDGE_LOOP('',(#4412,#4413,#4414,#4415,#4416,#4417,#4418,#4419));
#722=EDGE_LOOP('',(#4420,#4421,#4422,#4423,#4424,#4425,#4426,#4427));
#723=EDGE_LOOP('',(#4428));
#724=EDGE_LOOP('',(#4429,#4430,#4431,#4432,#4433,#4434,#4435,#4436));
#725=LINE('',#6671,#1189);
#726=LINE('',#6674,#1190);
#727=LINE('',#6677,#1191);
#728=LINE('',#6679,#1192);
#729=LINE('',#6680,#1193);
#730=LINE('',#6683,#1194);
#731=LINE('',#6685,#1195);
#732=LINE('',#6687,#1196);
#733=LINE('',#6689,#1197);
#734=LINE('',#6691,#1198);
#735=LINE('',#6695,#1199);
#736=LINE('',#6699,#1200);
#737=LINE('',#6705,#1201);
#738=LINE('',#6709,#1202);
#739=LINE('',#6713,#1203);
#740=LINE('',#6716,#1204);
#741=LINE('',#6721,#1205);
#742=LINE('',#6725,#1206);
#743=LINE('',#6729,#1207);
#744=LINE('',#6732,#1208);
#745=LINE('',#6737,#1209);
#746=LINE('',#6741,#1210);
#747=LINE('',#6745,#1211);
#748=LINE('',#6748,#1212);
#749=LINE('',#6753,#1213);
#750=LINE('',#6757,#1214);
#751=LINE('',#6761,#1215);
#752=LINE('',#6764,#1216);
#753=LINE('',#6771,#1217);
#754=LINE('',#6775,#1218);
#755=LINE('',#6779,#1219);
#756=LINE('',#6782,#1220);
#757=LINE('',#6787,#1221);
#758=LINE('',#6791,#1222);
#759=LINE('',#6795,#1223);
#760=LINE('',#6798,#1224);
#761=LINE('',#6801,#1225);
#762=LINE('',#6805,#1226);
#763=LINE('',#6809,#1227);
#764=LINE('',#6813,#1228);
#765=LINE('',#6819,#1229);
#766=LINE('',#6823,#1230);
#767=LINE('',#6827,#1231);
#768=LINE('',#6830,#1232);
#769=LINE('',#6835,#1233);
#770=LINE('',#6839,#1234);
#771=LINE('',#6843,#1235);
#772=LINE('',#6846,#1236);
#773=LINE('',#6851,#1237);
#774=LINE('',#6855,#1238);
#775=LINE('',#6859,#1239);
#776=LINE('',#6862,#1240);
#777=LINE('',#6867,#1241);
#778=LINE('',#6871,#1242);
#779=LINE('',#6875,#1243);
#780=LINE('',#6878,#1244);
#781=LINE('',#6883,#1245);
#782=LINE('',#6887,#1246);
#783=LINE('',#6891,#1247);
#784=LINE('',#6894,#1248);
#785=LINE('',#6897,#1249);
#786=LINE('',#6901,#1250);
#787=LINE('',#6905,#1251);
#788=LINE('',#6909,#1252);
#789=LINE('',#6915,#1253);
#790=LINE('',#6919,#1254);
#791=LINE('',#6923,#1255);
#792=LINE('',#6926,#1256);
#793=LINE('',#6931,#1257);
#794=LINE('',#6935,#1258);
#795=LINE('',#6939,#1259);
#796=LINE('',#6942,#1260);
#797=LINE('',#6949,#1261);
#798=LINE('',#6953,#1262);
#799=LINE('',#6957,#1263);
#800=LINE('',#6960,#1264);
#801=LINE('',#6965,#1265);
#802=LINE('',#6969,#1266);
#803=LINE('',#6973,#1267);
#804=LINE('',#6976,#1268);
#805=LINE('',#6981,#1269);
#806=LINE('',#6985,#1270);
#807=LINE('',#6989,#1271);
#808=LINE('',#6992,#1272);
#809=LINE('',#6997,#1273);
#810=LINE('',#7001,#1274);
#811=LINE('',#7005,#1275);
#812=LINE('',#7008,#1276);
#813=LINE('',#7015,#1277);
#814=LINE('',#7019,#1278);
#815=LINE('',#7023,#1279);
#816=LINE('',#7026,#1280);
#817=LINE('',#7031,#1281);
#818=LINE('',#7035,#1282);
#819=LINE('',#7039,#1283);
#820=LINE('',#7042,#1284);
#821=LINE('',#7047,#1285);
#822=LINE('',#7051,#1286);
#823=LINE('',#7055,#1287);
#824=LINE('',#7058,#1288);
#825=LINE('',#7063,#1289);
#826=LINE('',#7067,#1290);
#827=LINE('',#7071,#1291);
#828=LINE('',#7074,#1292);
#829=LINE('',#7077,#1293);
#830=LINE('',#7081,#1294);
#831=LINE('',#7085,#1295);
#832=LINE('',#7089,#1296);
#833=LINE('',#7095,#1297);
#834=LINE('',#7099,#1298);
#835=LINE('',#7103,#1299);
#836=LINE('',#7106,#1300);
#837=LINE('',#7111,#1301);
#838=LINE('',#7115,#1302);
#839=LINE('',#7119,#1303);
#840=LINE('',#7122,#1304);
#841=LINE('',#7127,#1305);
#842=LINE('',#7131,#1306);
#843=LINE('',#7135,#1307);
#844=LINE('',#7139,#1308);
#845=LINE('',#7145,#1309);
#846=LINE('',#7146,#1310);
#847=LINE('',#7149,#1311);
#848=LINE('',#7150,#1312);
#849=LINE('',#7154,#1313);
#850=LINE('',#7157,#1314);
#851=LINE('',#7158,#1315);
#852=LINE('',#7162,#1316);
#853=LINE('',#7165,#1317);
#854=LINE('',#7168,#1318);
#855=LINE('',#7171,#1319);
#856=LINE('',#7172,#1320);
#857=LINE('',#7176,#1321);
#858=LINE('',#7179,#1322);
#859=LINE('',#7180,#1323);
#860=LINE('',#7184,#1324);
#861=LINE('',#7187,#1325);
#862=LINE('',#7188,#1326);
#863=LINE('',#7192,#1327);
#864=LINE('',#7194,#1328);
#865=LINE('',#7198,#1329);
#866=LINE('',#7201,#1330);
#867=LINE('',#7203,#1331);
#868=LINE('',#7204,#1332);
#869=LINE('',#7208,#1333);
#870=LINE('',#7211,#1334);
#871=LINE('',#7212,#1335);
#872=LINE('',#7216,#1336);
#873=LINE('',#7219,#1337);
#874=LINE('',#7220,#1338);
#875=LINE('',#7224,#1339);
#876=LINE('',#7227,#1340);
#877=LINE('',#7228,#1341);
#878=LINE('',#7233,#1342);
#879=LINE('',#7235,#1343);
#880=LINE('',#7236,#1344);
#881=LINE('',#7240,#1345);
#882=LINE('',#7243,#1346);
#883=LINE('',#7244,#1347);
#884=LINE('',#7248,#1348);
#885=LINE('',#7251,#1349);
#886=LINE('',#7252,#1350);
#887=LINE('',#7256,#1351);
#888=LINE('',#7259,#1352);
#889=LINE('',#7260,#1353);
#890=LINE('',#7265,#1354);
#891=LINE('',#7268,#1355);
#892=LINE('',#7271,#1356);
#893=LINE('',#7272,#1357);
#894=LINE('',#7276,#1358);
#895=LINE('',#7279,#1359);
#896=LINE('',#7280,#1360);
#897=LINE('',#7284,#1361);
#898=LINE('',#7287,#1362);
#899=LINE('',#7288,#1363);
#900=LINE('',#7292,#1364);
#901=LINE('',#7294,#1365);
#902=LINE('',#7297,#1366);
#903=LINE('',#7299,#1367);
#904=LINE('',#7300,#1368);
#905=LINE('',#7304,#1369);
#906=LINE('',#7307,#1370);
#907=LINE('',#7308,#1371);
#908=LINE('',#7312,#1372);
#909=LINE('',#7315,#1373);
#910=LINE('',#7316,#1374);
#911=LINE('',#7320,#1375);
#912=LINE('',#7323,#1376);
#913=LINE('',#7324,#1377);
#914=LINE('',#7329,#1378);
#915=LINE('',#7331,#1379);
#916=LINE('',#7332,#1380);
#917=LINE('',#7336,#1381);
#918=LINE('',#7339,#1382);
#919=LINE('',#7340,#1383);
#920=LINE('',#7344,#1384);
#921=LINE('',#7347,#1385);
#922=LINE('',#7348,#1386);
#923=LINE('',#7352,#1387);
#924=LINE('',#7355,#1388);
#925=LINE('',#7356,#1389);
#926=LINE('',#7361,#1390);
#927=LINE('',#7363,#1391);
#928=LINE('',#7364,#1392);
#929=LINE('',#7368,#1393);
#930=LINE('',#7371,#1394);
#931=LINE('',#7372,#1395);
#932=LINE('',#7376,#1396);
#933=LINE('',#7379,#1397);
#934=LINE('',#7380,#1398);
#935=LINE('',#7384,#1399);
#936=LINE('',#7387,#1400);
#937=LINE('',#7388,#1401);
#938=LINE('',#7393,#1402);
#939=LINE('',#7395,#1403);
#940=LINE('',#7396,#1404);
#941=LINE('',#7400,#1405);
#942=LINE('',#7403,#1406);
#943=LINE('',#7404,#1407);
#944=LINE('',#7408,#1408);
#945=LINE('',#7411,#1409);
#946=LINE('',#7412,#1410);
#947=LINE('',#7416,#1411);
#948=LINE('',#7419,#1412);
#949=LINE('',#7420,#1413);
#950=LINE('',#7426,#1414);
#951=LINE('',#7429,#1415);
#952=LINE('',#7431,#1416);
#953=LINE('',#7432,#1417);
#954=LINE('',#7436,#1418);
#955=LINE('',#7439,#1419);
#956=LINE('',#7440,#1420);
#957=LINE('',#7444,#1421);
#958=LINE('',#7447,#1422);
#959=LINE('',#7448,#1423);
#960=LINE('',#7452,#1424);
#961=LINE('',#7455,#1425);
#962=LINE('',#7456,#1426);
#963=LINE('',#7461,#1427);
#964=LINE('',#7463,#1428);
#965=LINE('',#7464,#1429);
#966=LINE('',#7468,#1430);
#967=LINE('',#7471,#1431);
#968=LINE('',#7472,#1432);
#969=LINE('',#7476,#1433);
#970=LINE('',#7479,#1434);
#971=LINE('',#7480,#1435);
#972=LINE('',#7484,#1436);
#973=LINE('',#7487,#1437);
#974=LINE('',#7488,#1438);
#975=LINE('',#7493,#1439);
#976=LINE('',#7495,#1440);
#977=LINE('',#7496,#1441);
#978=LINE('',#7500,#1442);
#979=LINE('',#7503,#1443);
#980=LINE('',#7504,#1444);
#981=LINE('',#7508,#1445);
#982=LINE('',#7511,#1446);
#983=LINE('',#7512,#1447);
#984=LINE('',#7516,#1448);
#985=LINE('',#7519,#1449);
#986=LINE('',#7520,#1450);
#987=LINE('',#7525,#1451);
#988=LINE('',#7527,#1452);
#989=LINE('',#7528,#1453);
#990=LINE('',#7532,#1454);
#991=LINE('',#7535,#1455);
#992=LINE('',#7536,#1456);
#993=LINE('',#7540,#1457);
#994=LINE('',#7543,#1458);
#995=LINE('',#7544,#1459);
#996=LINE('',#7548,#1460);
#997=LINE('',#7551,#1461);
#998=LINE('',#7552,#1462);
#999=LINE('',#7558,#1463);
#1000=LINE('',#7561,#1464);
#1001=LINE('',#7563,#1465);
#1002=LINE('',#7564,#1466);
#1003=LINE('',#7568,#1467);
#1004=LINE('',#7571,#1468);
#1005=LINE('',#7572,#1469);
#1006=LINE('',#7576,#1470);
#1007=LINE('',#7579,#1471);
#1008=LINE('',#7580,#1472);
#1009=LINE('',#7584,#1473);
#1010=LINE('',#7587,#1474);
#1011=LINE('',#7588,#1475);
#1012=LINE('',#7593,#1476);
#1013=LINE('',#7595,#1477);
#1014=LINE('',#7596,#1478);
#1015=LINE('',#7600,#1479);
#1016=LINE('',#7603,#1480);
#1017=LINE('',#7604,#1481);
#1018=LINE('',#7608,#1482);
#1019=LINE('',#7611,#1483);
#1020=LINE('',#7612,#1484);
#1021=LINE('',#7616,#1485);
#1022=LINE('',#7619,#1486);
#1023=LINE('',#7620,#1487);
#1024=LINE('',#7625,#1488);
#1025=LINE('',#7628,#1489);
#1026=LINE('',#7631,#1490);
#1027=LINE('',#7632,#1491);
#1028=LINE('',#7636,#1492);
#1029=LINE('',#7639,#1493);
#1030=LINE('',#7640,#1494);
#1031=LINE('',#7644,#1495);
#1032=LINE('',#7647,#1496);
#1033=LINE('',#7648,#1497);
#1034=LINE('',#7652,#1498);
#1035=LINE('',#7654,#1499);
#1036=LINE('',#7657,#1500);
#1037=LINE('',#7659,#1501);
#1038=LINE('',#7660,#1502);
#1039=LINE('',#7664,#1503);
#1040=LINE('',#7667,#1504);
#1041=LINE('',#7668,#1505);
#1042=LINE('',#7672,#1506);
#1043=LINE('',#7675,#1507);
#1044=LINE('',#7676,#1508);
#1045=LINE('',#7680,#1509);
#1046=LINE('',#7683,#1510);
#1047=LINE('',#7684,#1511);
#1048=LINE('',#7689,#1512);
#1049=LINE('',#7691,#1513);
#1050=LINE('',#7692,#1514);
#1051=LINE('',#7696,#1515);
#1052=LINE('',#7699,#1516);
#1053=LINE('',#7700,#1517);
#1054=LINE('',#7704,#1518);
#1055=LINE('',#7707,#1519);
#1056=LINE('',#7708,#1520);
#1057=LINE('',#7712,#1521);
#1058=LINE('',#7715,#1522);
#1059=LINE('',#7716,#1523);
#1060=LINE('',#7721,#1524);
#1061=LINE('',#7723,#1525);
#1062=LINE('',#7724,#1526);
#1063=LINE('',#7728,#1527);
#1064=LINE('',#7731,#1528);
#1065=LINE('',#7732,#1529);
#1066=LINE('',#7736,#1530);
#1067=LINE('',#7739,#1531);
#1068=LINE('',#7740,#1532);
#1069=LINE('',#7744,#1533);
#1070=LINE('',#7747,#1534);
#1071=LINE('',#7748,#1535);
#1072=LINE('',#7753,#1536);
#1073=LINE('',#7755,#1537);
#1074=LINE('',#7756,#1538);
#1075=LINE('',#7760,#1539);
#1076=LINE('',#7763,#1540);
#1077=LINE('',#7764,#1541);
#1078=LINE('',#7768,#1542);
#1079=LINE('',#7771,#1543);
#1080=LINE('',#7772,#1544);
#1081=LINE('',#7776,#1545);
#1082=LINE('',#7779,#1546);
#1083=LINE('',#7780,#1547);
#1084=LINE('',#7785,#1548);
#1085=LINE('',#7787,#1549);
#1086=LINE('',#7788,#1550);
#1087=LINE('',#7792,#1551);
#1088=LINE('',#7795,#1552);
#1089=LINE('',#7796,#1553);
#1090=LINE('',#7800,#1554);
#1091=LINE('',#7803,#1555);
#1092=LINE('',#7804,#1556);
#1093=LINE('',#7808,#1557);
#1094=LINE('',#7811,#1558);
#1095=LINE('',#7812,#1559);
#1096=LINE('',#7817,#1560);
#1097=LINE('',#7820,#1561);
#1098=LINE('',#7823,#1562);
#1099=LINE('',#7824,#1563);
#1100=LINE('',#7828,#1564);
#1101=LINE('',#7831,#1565);
#1102=LINE('',#7832,#1566);
#1103=LINE('',#7836,#1567);
#1104=LINE('',#7839,#1568);
#1105=LINE('',#7840,#1569);
#1106=LINE('',#7844,#1570);
#1107=LINE('',#7846,#1571);
#1108=LINE('',#7849,#1572);
#1109=LINE('',#7851,#1573);
#1110=LINE('',#7852,#1574);
#1111=LINE('',#7856,#1575);
#1112=LINE('',#7859,#1576);
#1113=LINE('',#7860,#1577);
#1114=LINE('',#7864,#1578);
#1115=LINE('',#7867,#1579);
#1116=LINE('',#7868,#1580);
#1117=LINE('',#7872,#1581);
#1118=LINE('',#7875,#1582);
#1119=LINE('',#7876,#1583);
#1120=LINE('',#7881,#1584);
#1121=LINE('',#7883,#1585);
#1122=LINE('',#7884,#1586);
#1123=LINE('',#7888,#1587);
#1124=LINE('',#7891,#1588);
#1125=LINE('',#7892,#1589);
#1126=LINE('',#7896,#1590);
#1127=LINE('',#7899,#1591);
#1128=LINE('',#7900,#1592);
#1129=LINE('',#7904,#1593);
#1130=LINE('',#7907,#1594);
#1131=LINE('',#7908,#1595);
#1132=LINE('',#7914,#1596);
#1133=LINE('',#7917,#1597);
#1134=LINE('',#7919,#1598);
#1135=LINE('',#7920,#1599);
#1136=LINE('',#7924,#1600);
#1137=LINE('',#7927,#1601);
#1138=LINE('',#7928,#1602);
#1139=LINE('',#7932,#1603);
#1140=LINE('',#7935,#1604);
#1141=LINE('',#7936,#1605);
#1142=LINE('',#7940,#1606);
#1143=LINE('',#7943,#1607);
#1144=LINE('',#7944,#1608);
#1145=LINE('',#7949,#1609);
#1146=LINE('',#7951,#1610);
#1147=LINE('',#7952,#1611);
#1148=LINE('',#7956,#1612);
#1149=LINE('',#7959,#1613);
#1150=LINE('',#7960,#1614);
#1151=LINE('',#7964,#1615);
#1152=LINE('',#7967,#1616);
#1153=LINE('',#7968,#1617);
#1154=LINE('',#7972,#1618);
#1155=LINE('',#7975,#1619);
#1156=LINE('',#7976,#1620);
#1157=LINE('',#7981,#1621);
#1158=LINE('',#7983,#1622);
#1159=LINE('',#7984,#1623);
#1160=LINE('',#7988,#1624);
#1161=LINE('',#7991,#1625);
#1162=LINE('',#7992,#1626);
#1163=LINE('',#7996,#1627);
#1164=LINE('',#7999,#1628);
#1165=LINE('',#8000,#1629);
#1166=LINE('',#8004,#1630);
#1167=LINE('',#8007,#1631);
#1168=LINE('',#8008,#1632);
#1169=LINE('',#8013,#1633);
#1170=LINE('',#8015,#1634);
#1171=LINE('',#8016,#1635);
#1172=LINE('',#8020,#1636);
#1173=LINE('',#8023,#1637);
#1174=LINE('',#8024,#1638);
#1175=LINE('',#8028,#1639);
#1176=LINE('',#8031,#1640);
#1177=LINE('',#8032,#1641);
#1178=LINE('',#8036,#1642);
#1179=LINE('',#8039,#1643);
#1180=LINE('',#8040,#1644);
#1181=LINE('',#8044,#1645);
#1182=LINE('',#8047,#1646);
#1183=LINE('',#8048,#1647);
#1184=LINE('',#8051,#1648);
#1185=LINE('',#8052,#1649);
#1186=LINE('',#8055,#1650);
#1187=LINE('',#8056,#1651);
#1188=LINE('',#8058,#1652);
#1189=VECTOR('',#5273,10.);
#1190=VECTOR('',#5276,10.);
#1191=VECTOR('',#5279,10.);
#1192=VECTOR('',#5280,10.);
#1193=VECTOR('',#5281,10.);
#1194=VECTOR('',#5284,10.);
#1195=VECTOR('',#5285,10.);
#1196=VECTOR('',#5286,10.);
#1197=VECTOR('',#5287,10.);
#1198=VECTOR('',#5288,10.);
#1199=VECTOR('',#5291,10.);
#1200=VECTOR('',#5294,10.);
#1201=VECTOR('',#5299,10.);
#1202=VECTOR('',#5302,10.);
#1203=VECTOR('',#5305,10.);
#1204=VECTOR('',#5308,10.);
#1205=VECTOR('',#5311,10.);
#1206=VECTOR('',#5314,10.);
#1207=VECTOR('',#5317,10.);
#1208=VECTOR('',#5320,10.);
#1209=VECTOR('',#5323,10.);
#1210=VECTOR('',#5326,10.);
#1211=VECTOR('',#5329,10.);
#1212=VECTOR('',#5332,10.);
#1213=VECTOR('',#5335,10.);
#1214=VECTOR('',#5338,10.);
#1215=VECTOR('',#5341,10.);
#1216=VECTOR('',#5344,10.);
#1217=VECTOR('',#5349,10.);
#1218=VECTOR('',#5352,10.);
#1219=VECTOR('',#5355,10.);
#1220=VECTOR('',#5358,10.);
#1221=VECTOR('',#5361,10.);
#1222=VECTOR('',#5364,10.);
#1223=VECTOR('',#5367,10.);
#1224=VECTOR('',#5370,10.);
#1225=VECTOR('',#5371,10.);
#1226=VECTOR('',#5374,10.);
#1227=VECTOR('',#5377,10.);
#1228=VECTOR('',#5380,10.);
#1229=VECTOR('',#5385,10.);
#1230=VECTOR('',#5388,10.);
#1231=VECTOR('',#5391,10.);
#1232=VECTOR('',#5394,10.);
#1233=VECTOR('',#5397,10.);
#1234=VECTOR('',#5400,10.);
#1235=VECTOR('',#5403,10.);
#1236=VECTOR('',#5406,10.);
#1237=VECTOR('',#5409,10.);
#1238=VECTOR('',#5412,10.);
#1239=VECTOR('',#5415,10.);
#1240=VECTOR('',#5418,10.);
#1241=VECTOR('',#5421,10.);
#1242=VECTOR('',#5424,10.);
#1243=VECTOR('',#5427,10.);
#1244=VECTOR('',#5430,10.);
#1245=VECTOR('',#5433,10.);
#1246=VECTOR('',#5436,10.);
#1247=VECTOR('',#5439,10.);
#1248=VECTOR('',#5442,10.);
#1249=VECTOR('',#5443,10.);
#1250=VECTOR('',#5446,10.);
#1251=VECTOR('',#5449,10.);
#1252=VECTOR('',#5452,10.);
#1253=VECTOR('',#5457,10.);
#1254=VECTOR('',#5460,10.);
#1255=VECTOR('',#5463,10.);
#1256=VECTOR('',#5466,10.);
#1257=VECTOR('',#5469,10.);
#1258=VECTOR('',#5472,10.);
#1259=VECTOR('',#5475,10.);
#1260=VECTOR('',#5478,10.);
#1261=VECTOR('',#5483,10.);
#1262=VECTOR('',#5486,10.);
#1263=VECTOR('',#5489,10.);
#1264=VECTOR('',#5492,10.);
#1265=VECTOR('',#5495,10.);
#1266=VECTOR('',#5498,10.);
#1267=VECTOR('',#5501,10.);
#1268=VECTOR('',#5504,10.);
#1269=VECTOR('',#5507,10.);
#1270=VECTOR('',#5510,10.);
#1271=VECTOR('',#5513,10.);
#1272=VECTOR('',#5516,10.);
#1273=VECTOR('',#5519,10.);
#1274=VECTOR('',#5522,10.);
#1275=VECTOR('',#5525,10.);
#1276=VECTOR('',#5528,10.);
#1277=VECTOR('',#5533,10.);
#1278=VECTOR('',#5536,10.);
#1279=VECTOR('',#5539,10.);
#1280=VECTOR('',#5542,10.);
#1281=VECTOR('',#5545,10.);
#1282=VECTOR('',#5548,10.);
#1283=VECTOR('',#5551,10.);
#1284=VECTOR('',#5554,10.);
#1285=VECTOR('',#5557,10.);
#1286=VECTOR('',#5560,10.);
#1287=VECTOR('',#5563,10.);
#1288=VECTOR('',#5566,10.);
#1289=VECTOR('',#5569,10.);
#1290=VECTOR('',#5572,10.);
#1291=VECTOR('',#5575,10.);
#1292=VECTOR('',#5578,10.);
#1293=VECTOR('',#5579,10.);
#1294=VECTOR('',#5582,10.);
#1295=VECTOR('',#5585,10.);
#1296=VECTOR('',#5588,10.);
#1297=VECTOR('',#5593,10.);
#1298=VECTOR('',#5596,10.);
#1299=VECTOR('',#5599,10.);
#1300=VECTOR('',#5602,10.);
#1301=VECTOR('',#5605,10.);
#1302=VECTOR('',#5608,10.);
#1303=VECTOR('',#5611,10.);
#1304=VECTOR('',#5614,10.);
#1305=VECTOR('',#5617,10.);
#1306=VECTOR('',#5620,10.);
#1307=VECTOR('',#5623,10.);
#1308=VECTOR('',#5626,10.);
#1309=VECTOR('',#5633,10.);
#1310=VECTOR('',#5634,10.);
#1311=VECTOR('',#5637,10.);
#1312=VECTOR('',#5638,10.);
#1313=VECTOR('',#5643,10.);
#1314=VECTOR('',#5646,10.);
#1315=VECTOR('',#5647,10.);
#1316=VECTOR('',#5652,10.);
#1317=VECTOR('',#5655,10.);
#1318=VECTOR('',#5658,10.);
#1319=VECTOR('',#5661,10.);
#1320=VECTOR('',#5662,10.);
#1321=VECTOR('',#5667,10.);
#1322=VECTOR('',#5670,10.);
#1323=VECTOR('',#5671,10.);
#1324=VECTOR('',#5676,10.);
#1325=VECTOR('',#5679,10.);
#1326=VECTOR('',#5680,10.);
#1327=VECTOR('',#5685,10.);
#1328=VECTOR('',#5688,10.);
#1329=VECTOR('',#5693,1.45);
#1330=VECTOR('',#5696,10.);
#1331=VECTOR('',#5697,10.);
#1332=VECTOR('',#5698,10.);
#1333=VECTOR('',#5703,10.);
#1334=VECTOR('',#5706,10.);
#1335=VECTOR('',#5707,10.);
#1336=VECTOR('',#5712,10.);
#1337=VECTOR('',#5715,10.);
#1338=VECTOR('',#5716,10.);
#1339=VECTOR('',#5721,10.);
#1340=VECTOR('',#5724,10.);
#1341=VECTOR('',#5725,10.);
#1342=VECTOR('',#5732,10.);
#1343=VECTOR('',#5733,10.);
#1344=VECTOR('',#5734,10.);
#1345=VECTOR('',#5739,10.);
#1346=VECTOR('',#5742,10.);
#1347=VECTOR('',#5743,10.);
#1348=VECTOR('',#5748,10.);
#1349=VECTOR('',#5751,10.);
#1350=VECTOR('',#5752,10.);
#1351=VECTOR('',#5757,10.);
#1352=VECTOR('',#5760,10.);
#1353=VECTOR('',#5761,10.);
#1354=VECTOR('',#5768,10.);
#1355=VECTOR('',#5771,10.);
#1356=VECTOR('',#5774,10.);
#1357=VECTOR('',#5775,10.);
#1358=VECTOR('',#5780,10.);
#1359=VECTOR('',#5783,10.);
#1360=VECTOR('',#5784,10.);
#1361=VECTOR('',#5789,10.);
#1362=VECTOR('',#5792,10.);
#1363=VECTOR('',#5793,10.);
#1364=VECTOR('',#5798,10.);
#1365=VECTOR('',#5801,10.);
#1366=VECTOR('',#5804,10.);
#1367=VECTOR('',#5805,10.);
#1368=VECTOR('',#5806,10.);
#1369=VECTOR('',#5811,10.);
#1370=VECTOR('',#5814,10.);
#1371=VECTOR('',#5815,10.);
#1372=VECTOR('',#5820,10.);
#1373=VECTOR('',#5823,10.);
#1374=VECTOR('',#5824,10.);
#1375=VECTOR('',#5829,10.);
#1376=VECTOR('',#5832,10.);
#1377=VECTOR('',#5833,10.);
#1378=VECTOR('',#5840,10.);
#1379=VECTOR('',#5841,10.);
#1380=VECTOR('',#5842,10.);
#1381=VECTOR('',#5847,10.);
#1382=VECTOR('',#5850,10.);
#1383=VECTOR('',#5851,10.);
#1384=VECTOR('',#5856,10.);
#1385=VECTOR('',#5859,10.);
#1386=VECTOR('',#5860,10.);
#1387=VECTOR('',#5865,10.);
#1388=VECTOR('',#5868,10.);
#1389=VECTOR('',#5869,10.);
#1390=VECTOR('',#5876,10.);
#1391=VECTOR('',#5877,10.);
#1392=VECTOR('',#5878,10.);
#1393=VECTOR('',#5883,10.);
#1394=VECTOR('',#5886,10.);
#1395=VECTOR('',#5887,10.);
#1396=VECTOR('',#5892,10.);
#1397=VECTOR('',#5895,10.);
#1398=VECTOR('',#5896,10.);
#1399=VECTOR('',#5901,10.);
#1400=VECTOR('',#5904,10.);
#1401=VECTOR('',#5905,10.);
#1402=VECTOR('',#5912,10.);
#1403=VECTOR('',#5913,10.);
#1404=VECTOR('',#5914,10.);
#1405=VECTOR('',#5919,10.);
#1406=VECTOR('',#5922,10.);
#1407=VECTOR('',#5923,10.);
#1408=VECTOR('',#5928,10.);
#1409=VECTOR('',#5931,10.);
#1410=VECTOR('',#5932,10.);
#1411=VECTOR('',#5937,10.);
#1412=VECTOR('',#5940,10.);
#1413=VECTOR('',#5941,10.);
#1414=VECTOR('',#5950,1.45);
#1415=VECTOR('',#5953,10.);
#1416=VECTOR('',#5954,10.);
#1417=VECTOR('',#5955,10.);
#1418=VECTOR('',#5960,10.);
#1419=VECTOR('',#5963,10.);
#1420=VECTOR('',#5964,10.);
#1421=VECTOR('',#5969,10.);
#1422=VECTOR('',#5972,10.);
#1423=VECTOR('',#5973,10.);
#1424=VECTOR('',#5978,10.);
#1425=VECTOR('',#5981,10.);
#1426=VECTOR('',#5982,10.);
#1427=VECTOR('',#5989,10.);
#1428=VECTOR('',#5990,10.);
#1429=VECTOR('',#5991,10.);
#1430=VECTOR('',#5996,10.);
#1431=VECTOR('',#5999,10.);
#1432=VECTOR('',#6000,10.);
#1433=VECTOR('',#6005,10.);
#1434=VECTOR('',#6008,10.);
#1435=VECTOR('',#6009,10.);
#1436=VECTOR('',#6014,10.);
#1437=VECTOR('',#6017,10.);
#1438=VECTOR('',#6018,10.);
#1439=VECTOR('',#6025,10.);
#1440=VECTOR('',#6026,10.);
#1441=VECTOR('',#6027,10.);
#1442=VECTOR('',#6032,10.);
#1443=VECTOR('',#6035,10.);
#1444=VECTOR('',#6036,10.);
#1445=VECTOR('',#6041,10.);
#1446=VECTOR('',#6044,10.);
#1447=VECTOR('',#6045,10.);
#1448=VECTOR('',#6050,10.);
#1449=VECTOR('',#6053,10.);
#1450=VECTOR('',#6054,10.);
#1451=VECTOR('',#6061,10.);
#1452=VECTOR('',#6062,10.);
#1453=VECTOR('',#6063,10.);
#1454=VECTOR('',#6068,10.);
#1455=VECTOR('',#6071,10.);
#1456=VECTOR('',#6072,10.);
#1457=VECTOR('',#6077,10.);
#1458=VECTOR('',#6080,10.);
#1459=VECTOR('',#6081,10.);
#1460=VECTOR('',#6086,10.);
#1461=VECTOR('',#6089,10.);
#1462=VECTOR('',#6090,10.);
#1463=VECTOR('',#6099,1.45);
#1464=VECTOR('',#6102,10.);
#1465=VECTOR('',#6103,10.);
#1466=VECTOR('',#6104,10.);
#1467=VECTOR('',#6109,10.);
#1468=VECTOR('',#6112,10.);
#1469=VECTOR('',#6113,10.);
#1470=VECTOR('',#6118,10.);
#1471=VECTOR('',#6121,10.);
#1472=VECTOR('',#6122,10.);
#1473=VECTOR('',#6127,10.);
#1474=VECTOR('',#6130,10.);
#1475=VECTOR('',#6131,10.);
#1476=VECTOR('',#6138,10.);
#1477=VECTOR('',#6139,10.);
#1478=VECTOR('',#6140,10.);
#1479=VECTOR('',#6145,10.);
#1480=VECTOR('',#6148,10.);
#1481=VECTOR('',#6149,10.);
#1482=VECTOR('',#6154,10.);
#1483=VECTOR('',#6157,10.);
#1484=VECTOR('',#6158,10.);
#1485=VECTOR('',#6163,10.);
#1486=VECTOR('',#6166,10.);
#1487=VECTOR('',#6167,10.);
#1488=VECTOR('',#6174,10.);
#1489=VECTOR('',#6177,10.);
#1490=VECTOR('',#6180,10.);
#1491=VECTOR('',#6181,10.);
#1492=VECTOR('',#6186,10.);
#1493=VECTOR('',#6189,10.);
#1494=VECTOR('',#6190,10.);
#1495=VECTOR('',#6195,10.);
#1496=VECTOR('',#6198,10.);
#1497=VECTOR('',#6199,10.);
#1498=VECTOR('',#6204,10.);
#1499=VECTOR('',#6207,10.);
#1500=VECTOR('',#6210,10.);
#1501=VECTOR('',#6211,10.);
#1502=VECTOR('',#6212,10.);
#1503=VECTOR('',#6217,10.);
#1504=VECTOR('',#6220,10.);
#1505=VECTOR('',#6221,10.);
#1506=VECTOR('',#6226,10.);
#1507=VECTOR('',#6229,10.);
#1508=VECTOR('',#6230,10.);
#1509=VECTOR('',#6235,10.);
#1510=VECTOR('',#6238,10.);
#1511=VECTOR('',#6239,10.);
#1512=VECTOR('',#6246,10.);
#1513=VECTOR('',#6247,10.);
#1514=VECTOR('',#6248,10.);
#1515=VECTOR('',#6253,10.);
#1516=VECTOR('',#6256,10.);
#1517=VECTOR('',#6257,10.);
#1518=VECTOR('',#6262,10.);
#1519=VECTOR('',#6265,10.);
#1520=VECTOR('',#6266,10.);
#1521=VECTOR('',#6271,10.);
#1522=VECTOR('',#6274,10.);
#1523=VECTOR('',#6275,10.);
#1524=VECTOR('',#6282,10.);
#1525=VECTOR('',#6283,10.);
#1526=VECTOR('',#6284,10.);
#1527=VECTOR('',#6289,10.);
#1528=VECTOR('',#6292,10.);
#1529=VECTOR('',#6293,10.);
#1530=VECTOR('',#6298,10.);
#1531=VECTOR('',#6301,10.);
#1532=VECTOR('',#6302,10.);
#1533=VECTOR('',#6307,10.);
#1534=VECTOR('',#6310,10.);
#1535=VECTOR('',#6311,10.);
#1536=VECTOR('',#6318,10.);
#1537=VECTOR('',#6319,10.);
#1538=VECTOR('',#6320,10.);
#1539=VECTOR('',#6325,10.);
#1540=VECTOR('',#6328,10.);
#1541=VECTOR('',#6329,10.);
#1542=VECTOR('',#6334,10.);
#1543=VECTOR('',#6337,10.);
#1544=VECTOR('',#6338,10.);
#1545=VECTOR('',#6343,10.);
#1546=VECTOR('',#6346,10.);
#1547=VECTOR('',#6347,10.);
#1548=VECTOR('',#6354,10.);
#1549=VECTOR('',#6355,10.);
#1550=VECTOR('',#6356,10.);
#1551=VECTOR('',#6361,10.);
#1552=VECTOR('',#6364,10.);
#1553=VECTOR('',#6365,10.);
#1554=VECTOR('',#6370,10.);
#1555=VECTOR('',#6373,10.);
#1556=VECTOR('',#6374,10.);
#1557=VECTOR('',#6379,10.);
#1558=VECTOR('',#6382,10.);
#1559=VECTOR('',#6383,10.);
#1560=VECTOR('',#6390,10.);
#1561=VECTOR('',#6393,10.);
#1562=VECTOR('',#6396,10.);
#1563=VECTOR('',#6397,10.);
#1564=VECTOR('',#6402,10.);
#1565=VECTOR('',#6405,10.);
#1566=VECTOR('',#6406,10.);
#1567=VECTOR('',#6411,10.);
#1568=VECTOR('',#6414,10.);
#1569=VECTOR('',#6415,10.);
#1570=VECTOR('',#6420,10.);
#1571=VECTOR('',#6423,10.);
#1572=VECTOR('',#6426,10.);
#1573=VECTOR('',#6427,10.);
#1574=VECTOR('',#6428,10.);
#1575=VECTOR('',#6433,10.);
#1576=VECTOR('',#6436,10.);
#1577=VECTOR('',#6437,10.);
#1578=VECTOR('',#6442,10.);
#1579=VECTOR('',#6445,10.);
#1580=VECTOR('',#6446,10.);
#1581=VECTOR('',#6451,10.);
#1582=VECTOR('',#6454,10.);
#1583=VECTOR('',#6455,10.);
#1584=VECTOR('',#6462,10.);
#1585=VECTOR('',#6463,10.);
#1586=VECTOR('',#6464,10.);
#1587=VECTOR('',#6469,10.);
#1588=VECTOR('',#6472,10.);
#1589=VECTOR('',#6473,10.);
#1590=VECTOR('',#6478,10.);
#1591=VECTOR('',#6481,10.);
#1592=VECTOR('',#6482,10.);
#1593=VECTOR('',#6487,10.);
#1594=VECTOR('',#6490,10.);
#1595=VECTOR('',#6491,10.);
#1596=VECTOR('',#6500,1.45);
#1597=VECTOR('',#6503,10.);
#1598=VECTOR('',#6504,10.);
#1599=VECTOR('',#6505,10.);
#1600=VECTOR('',#6510,10.);
#1601=VECTOR('',#6513,10.);
#1602=VECTOR('',#6514,10.);
#1603=VECTOR('',#6519,10.);
#1604=VECTOR('',#6522,10.);
#1605=VECTOR('',#6523,10.);
#1606=VECTOR('',#6528,10.);
#1607=VECTOR('',#6531,10.);
#1608=VECTOR('',#6532,10.);
#1609=VECTOR('',#6539,10.);
#1610=VECTOR('',#6540,10.);
#1611=VECTOR('',#6541,10.);
#1612=VECTOR('',#6546,10.);
#1613=VECTOR('',#6549,10.);
#1614=VECTOR('',#6550,10.);
#1615=VECTOR('',#6555,10.);
#1616=VECTOR('',#6558,10.);
#1617=VECTOR('',#6559,10.);
#1618=VECTOR('',#6564,10.);
#1619=VECTOR('',#6567,10.);
#1620=VECTOR('',#6568,10.);
#1621=VECTOR('',#6575,10.);
#1622=VECTOR('',#6576,10.);
#1623=VECTOR('',#6577,10.);
#1624=VECTOR('',#6582,10.);
#1625=VECTOR('',#6585,10.);
#1626=VECTOR('',#6586,10.);
#1627=VECTOR('',#6591,10.);
#1628=VECTOR('',#6594,10.);
#1629=VECTOR('',#6595,10.);
#1630=VECTOR('',#6600,10.);
#1631=VECTOR('',#6603,10.);
#1632=VECTOR('',#6604,10.);
#1633=VECTOR('',#6611,10.);
#1634=VECTOR('',#6612,10.);
#1635=VECTOR('',#6613,10.);
#1636=VECTOR('',#6618,10.);
#1637=VECTOR('',#6621,10.);
#1638=VECTOR('',#6622,10.);
#1639=VECTOR('',#6627,10.);
#1640=VECTOR('',#6630,10.);
#1641=VECTOR('',#6631,10.);
#1642=VECTOR('',#6636,10.);
#1643=VECTOR('',#6639,10.);
#1644=VECTOR('',#6640,10.);
#1645=VECTOR('',#6647,10.);
#1646=VECTOR('',#6650,10.);
#1647=VECTOR('',#6651,10.);
#1648=VECTOR('',#6654,10.);
#1649=VECTOR('',#6655,10.);
#1650=VECTOR('',#6658,10.);
#1651=VECTOR('',#6659,10.);
#1652=VECTOR('',#6662,10.);
#1653=CIRCLE('',#4802,5.);
#1654=CIRCLE('',#4803,5.);
#1655=CIRCLE('',#4806,5.);
#1656=CIRCLE('',#4807,5.);
#1657=CIRCLE('',#4808,5.);
#1658=CIRCLE('',#4809,0.499999999999998);
#1659=CIRCLE('',#4810,0.68406197161008);
#1660=CIRCLE('',#4811,0.683927096582086);
#1661=CIRCLE('',#4812,0.499999999999998);
#1662=CIRCLE('',#4813,0.500000000000007);
#1663=CIRCLE('',#4814,0.499999999999998);
#1664=CIRCLE('',#4815,0.500000000000007);
#1665=CIRCLE('',#4816,0.500000000000003);
#1666=CIRCLE('',#4817,0.499999999999998);
#1667=CIRCLE('',#4818,0.499999999999998);
#1668=CIRCLE('',#4819,0.499999999999998);
#1669=CIRCLE('',#4820,0.499999999999998);
#1670=CIRCLE('',#4821,0.499999999999998);
#1671=CIRCLE('',#4822,0.499999999999998);
#1672=CIRCLE('',#4823,0.499999999999998);
#1673=CIRCLE('',#4824,0.499999999999998);
#1674=CIRCLE('',#4825,1.45);
#1675=CIRCLE('',#4826,0.499999999999989);
#1676=CIRCLE('',#4827,0.500000000000003);
#1677=CIRCLE('',#4828,0.500000000000007);
#1678=CIRCLE('',#4829,0.500000000000003);
#1679=CIRCLE('',#4830,0.499999999999998);
#1680=CIRCLE('',#4831,0.499999999999998);
#1681=CIRCLE('',#4832,0.499999999999989);
#1682=CIRCLE('',#4833,0.499999999999998);
#1683=CIRCLE('',#4834,0.499999999999998);
#1684=CIRCLE('',#4835,0.499999999999998);
#1685=CIRCLE('',#4836,0.500000000000003);
#1686=CIRCLE('',#4837,0.499999999999998);
#1687=CIRCLE('',#4838,0.499999999999998);
#1688=CIRCLE('',#4839,0.499999999999998);
#1689=CIRCLE('',#4840,0.500000000000003);
#1690=CIRCLE('',#4841,0.500000000000003);
#1691=CIRCLE('',#4842,0.499999999999998);
#1692=CIRCLE('',#4843,0.499999999999998);
#1693=CIRCLE('',#4844,0.500000000000003);
#1694=CIRCLE('',#4845,0.499999999999998);
#1695=CIRCLE('',#4846,0.499999999999998);
#1696=CIRCLE('',#4847,0.499999999999998);
#1697=CIRCLE('',#4848,0.499999999999998);
#1698=CIRCLE('',#4849,0.500000000000003);
#1699=CIRCLE('',#4850,0.499999999999998);
#1700=CIRCLE('',#4851,0.499999999999998);
#1701=CIRCLE('',#4852,0.499999999999998);
#1702=CIRCLE('',#4853,0.499999999999998);
#1703=CIRCLE('',#4854,0.500000000000003);
#1704=CIRCLE('',#4855,0.499999999999998);
#1705=CIRCLE('',#4856,0.499999999999998);
#1706=CIRCLE('',#4857,0.499999999999989);
#1707=CIRCLE('',#4858,0.499999999999998);
#1708=CIRCLE('',#4859,0.499999999999998);
#1709=CIRCLE('',#4860,0.499999999999998);
#1710=CIRCLE('',#4861,0.499999999999998);
#1711=CIRCLE('',#4862,0.499999999999998);
#1712=CIRCLE('',#4863,0.499999999999989);
#1713=CIRCLE('',#4864,0.499999999999998);
#1714=CIRCLE('',#4865,0.500000000000007);
#1715=CIRCLE('',#4866,0.499999999999998);
#1716=CIRCLE('',#4867,0.499999999999998);
#1717=CIRCLE('',#4868,0.499999999999998);
#1718=CIRCLE('',#4869,0.500000000000003);
#1719=CIRCLE('',#4870,1.45);
#1720=CIRCLE('',#4871,0.499999999999998);
#1721=CIRCLE('',#4872,0.499999999999998);
#1722=CIRCLE('',#4873,0.499999999999998);
#1723=CIRCLE('',#4874,0.499999999999998);
#1724=CIRCLE('',#4875,0.499999999999998);
#1725=CIRCLE('',#4876,0.499999999999998);
#1726=CIRCLE('',#4877,0.499999999999989);
#1727=CIRCLE('',#4878,0.499999999999998);
#1728=CIRCLE('',#4879,0.499999999999998);
#1729=CIRCLE('',#4880,0.499999999999998);
#1730=CIRCLE('',#4881,0.500000000000003);
#1731=CIRCLE('',#4882,0.499999999999998);
#1732=CIRCLE('',#4883,0.499999999999998);
#1733=CIRCLE('',#4884,0.499999999999998);
#1734=CIRCLE('',#4885,0.500000000000003);
#1735=CIRCLE('',#4886,0.499999999999998);
#1736=CIRCLE('',#4887,1.45);
#1737=CIRCLE('',#4888,0.499999999999998);
#1738=CIRCLE('',#4889,0.500000000000007);
#1739=CIRCLE('',#4890,0.499999999999998);
#1740=CIRCLE('',#4891,0.500000000000007);
#1741=CIRCLE('',#4892,0.499999999999998);
#1742=CIRCLE('',#4893,0.499999999999998);
#1743=CIRCLE('',#4894,0.499999999999998);
#1744=CIRCLE('',#4895,0.500000000000007);
#1745=CIRCLE('',#4896,0.499999999999989);
#1746=CIRCLE('',#4897,0.716828168891113);
#1747=CIRCLE('',#4898,0.709775221105264);
#1748=CIRCLE('',#4899,0.499999999999989);
#1749=CIRCLE('',#4900,0.499999999999998);
#1750=CIRCLE('',#4901,0.499999999999998);
#1751=CIRCLE('',#4902,0.499999999999998);
#1752=CIRCLE('',#4903,0.500000000000007);
#1753=CIRCLE('',#4904,0.499999999999998);
#1754=CIRCLE('',#4905,0.499999999999998);
#1755=CIRCLE('',#4906,0.499999999999998);
#1756=CIRCLE('',#4907,0.499999999999998);
#1757=CIRCLE('',#4908,0.499999999999998);
#1758=CIRCLE('',#4909,0.499999999999998);
#1759=CIRCLE('',#4910,0.499999999999998);
#1760=CIRCLE('',#4911,0.499999999999998);
#1761=CIRCLE('',#4912,0.499999999999998);
#1762=CIRCLE('',#4913,0.499999999999998);
#1763=CIRCLE('',#4914,0.499999999999998);
#1764=CIRCLE('',#4915,0.499999999999998);
#1765=CIRCLE('',#4916,1.45);
#1766=CIRCLE('',#4917,0.499999999999989);
#1767=CIRCLE('',#4918,0.499999999999998);
#1768=CIRCLE('',#4919,0.500000000000007);
#1769=CIRCLE('',#4920,0.499999999999998);
#1770=CIRCLE('',#4922,5.);
#1771=CIRCLE('',#4925,5.);
#1772=CIRCLE('',#4928,5.);
#1773=CIRCLE('',#4930,0.499999999999989);
#1774=CIRCLE('',#4933,0.499999999999998);
#1775=CIRCLE('',#4936,0.500000000000007);
#1776=CIRCLE('',#4939,0.499999999999998);
#1777=CIRCLE('',#4942,1.45);
#1778=CIRCLE('',#4945,0.499999999999998);
#1779=CIRCLE('',#4948,0.499999999999998);
#1780=CIRCLE('',#4951,0.499999999999998);
#1781=CIRCLE('',#4954,0.499999999999998);
#1782=CIRCLE('',#4957,0.499999999999998);
#1783=CIRCLE('',#4960,0.499999999999998);
#1784=CIRCLE('',#4963,0.499999999999998);
#1785=CIRCLE('',#4966,0.499999999999998);
#1786=CIRCLE('',#4968,0.499999999999998);
#1787=CIRCLE('',#4971,0.499999999999998);
#1788=CIRCLE('',#4974,0.499999999999998);
#1789=CIRCLE('',#4977,0.499999999999998);
#1790=CIRCLE('',#4981,0.499999999999998);
#1791=CIRCLE('',#4984,0.499999999999998);
#1792=CIRCLE('',#4987,0.500000000000007);
#1793=CIRCLE('',#4990,0.499999999999998);
#1794=CIRCLE('',#4993,0.716828168891113);
#1795=CIRCLE('',#4996,0.709775221105264);
#1796=CIRCLE('',#4999,0.499999999999989);
#1797=CIRCLE('',#5002,0.499999999999989);
#1798=CIRCLE('',#5005,0.499999999999998);
#1799=CIRCLE('',#5008,0.499999999999998);
#1800=CIRCLE('',#5011,0.500000000000007);
#1801=CIRCLE('',#5014,0.499999999999998);
#1802=CIRCLE('',#5017,0.500000000000007);
#1803=CIRCLE('',#5020,0.499999999999998);
#1804=CIRCLE('',#5023,0.500000000000007);
#1805=CIRCLE('',#5026,0.499999999999998);
#1806=CIRCLE('',#5028,1.45);
#1807=CIRCLE('',#5031,0.499999999999998);
#1808=CIRCLE('',#5034,0.500000000000003);
#1809=CIRCLE('',#5037,0.499999999999998);
#1810=CIRCLE('',#5040,0.499999999999998);
#1811=CIRCLE('',#5043,0.499999999999998);
#1812=CIRCLE('',#5046,0.500000000000003);
#1813=CIRCLE('',#5049,0.499999999999998);
#1814=CIRCLE('',#5052,0.499999999999998);
#1815=CIRCLE('',#5055,0.499999999999998);
#1816=CIRCLE('',#5058,0.499999999999989);
#1817=CIRCLE('',#5061,0.499999999999998);
#1818=CIRCLE('',#5064,0.499999999999998);
#1819=CIRCLE('',#5067,0.499999999999998);
#1820=CIRCLE('',#5070,0.499999999999998);
#1821=CIRCLE('',#5073,0.499999999999998);
#1822=CIRCLE('',#5076,0.499999999999998);
#1823=CIRCLE('',#5078,1.45);
#1824=CIRCLE('',#5081,0.499999999999998);
#1825=CIRCLE('',#5084,0.499999999999998);
#1826=CIRCLE('',#5087,0.500000000000003);
#1827=CIRCLE('',#5090,0.499999999999998);
#1828=CIRCLE('',#5093,0.499999999999989);
#1829=CIRCLE('',#5096,0.499999999999998);
#1830=CIRCLE('',#5099,0.500000000000007);
#1831=CIRCLE('',#5102,0.499999999999998);
#1832=CIRCLE('',#5104,0.499999999999998);
#1833=CIRCLE('',#5107,0.499999999999998);
#1834=CIRCLE('',#5110,0.499999999999998);
#1835=CIRCLE('',#5113,0.499999999999998);
#1836=CIRCLE('',#5117,0.499999999999998);
#1837=CIRCLE('',#5120,0.499999999999998);
#1838=CIRCLE('',#5123,0.499999999999989);
#1839=CIRCLE('',#5126,0.500000000000003);
#1840=CIRCLE('',#5129,0.499999999999998);
#1841=CIRCLE('',#5132,0.499999999999998);
#1842=CIRCLE('',#5135,0.499999999999998);
#1843=CIRCLE('',#5138,0.499999999999998);
#1844=CIRCLE('',#5141,0.499999999999998);
#1845=CIRCLE('',#5144,0.499999999999998);
#1846=CIRCLE('',#5147,0.500000000000003);
#1847=CIRCLE('',#5150,0.499999999999998);
#1848=CIRCLE('',#5153,0.499999999999998);
#1849=CIRCLE('',#5156,0.500000000000003);
#1850=CIRCLE('',#5159,0.499999999999998);
#1851=CIRCLE('',#5162,0.499999999999998);
#1852=CIRCLE('',#5165,0.499999999999998);
#1853=CIRCLE('',#5168,0.500000000000003);
#1854=CIRCLE('',#5171,0.500000000000003);
#1855=CIRCLE('',#5174,0.499999999999998);
#1856=CIRCLE('',#5176,0.499999999999998);
#1857=CIRCLE('',#5179,0.499999999999998);
#1858=CIRCLE('',#5182,0.500000000000003);
#1859=CIRCLE('',#5185,0.499999999999998);
#1860=CIRCLE('',#5189,0.499999999999998);
#1861=CIRCLE('',#5192,0.499999999999989);
#1862=CIRCLE('',#5195,0.499999999999998);
#1863=CIRCLE('',#5198,0.499999999999998);
#1864=CIRCLE('',#5201,0.500000000000003);
#1865=CIRCLE('',#5204,0.500000000000007);
#1866=CIRCLE('',#5207,0.500000000000003);
#1867=CIRCLE('',#5210,0.499999999999989);
#1868=CIRCLE('',#5212,1.45);
#1869=CIRCLE('',#5215,0.499999999999998);
#1870=CIRCLE('',#5218,0.499999999999998);
#1871=CIRCLE('',#5221,0.499999999999998);
#1872=CIRCLE('',#5224,0.499999999999998);
#1873=CIRCLE('',#5227,0.499999999999998);
#1874=CIRCLE('',#5230,0.499999999999998);
#1875=CIRCLE('',#5233,0.499999999999998);
#1876=CIRCLE('',#5236,0.499999999999998);
#1877=CIRCLE('',#5239,0.499999999999998);
#1878=CIRCLE('',#5242,0.500000000000007);
#1879=CIRCLE('',#5245,0.500000000000003);
#1880=CIRCLE('',#5248,0.500000000000007);
#1881=CIRCLE('',#5251,0.68406197161008);
#1882=CIRCLE('',#5254,0.683927096582086);
#1883=CIRCLE('',#5257,0.499999999999998);
#1884=CIRCLE('',#5260,0.499999999999998);
#1885=VERTEX_POINT('',#6667);
#1886=VERTEX_POINT('',#6668);
#1887=VERTEX_POINT('',#6670);
#1888=VERTEX_POINT('',#6672);
#1889=VERTEX_POINT('',#6676);
#1890=VERTEX_POINT('',#6678);
#1891=VERTEX_POINT('',#6682);
#1892=VERTEX_POINT('',#6684);
#1893=VERTEX_POINT('',#6686);
#1894=VERTEX_POINT('',#6688);
#1895=VERTEX_POINT('',#6690);
#1896=VERTEX_POINT('',#6692);
#1897=VERTEX_POINT('',#6694);
#1898=VERTEX_POINT('',#6696);
#1899=VERTEX_POINT('',#6698);
#1900=VERTEX_POINT('',#6701);
#1901=VERTEX_POINT('',#6702);
#1902=VERTEX_POINT('',#6704);
#1903=VERTEX_POINT('',#6706);
#1904=VERTEX_POINT('',#6708);
#1905=VERTEX_POINT('',#6710);
#1906=VERTEX_POINT('',#6712);
#1907=VERTEX_POINT('',#6714);
#1908=VERTEX_POINT('',#6717);
#1909=VERTEX_POINT('',#6718);
#1910=VERTEX_POINT('',#6720);
#1911=VERTEX_POINT('',#6722);
#1912=VERTEX_POINT('',#6724);
#1913=VERTEX_POINT('',#6726);
#1914=VERTEX_POINT('',#6728);
#1915=VERTEX_POINT('',#6730);
#1916=VERTEX_POINT('',#6733);
#1917=VERTEX_POINT('',#6734);
#1918=VERTEX_POINT('',#6736);
#1919=VERTEX_POINT('',#6738);
#1920=VERTEX_POINT('',#6740);
#1921=VERTEX_POINT('',#6742);
#1922=VERTEX_POINT('',#6744);
#1923=VERTEX_POINT('',#6746);
#1924=VERTEX_POINT('',#6749);
#1925=VERTEX_POINT('',#6750);
#1926=VERTEX_POINT('',#6752);
#1927=VERTEX_POINT('',#6754);
#1928=VERTEX_POINT('',#6756);
#1929=VERTEX_POINT('',#6758);
#1930=VERTEX_POINT('',#6760);
#1931=VERTEX_POINT('',#6762);
#1932=VERTEX_POINT('',#6765);
#1933=VERTEX_POINT('',#6767);
#1934=VERTEX_POINT('',#6768);
#1935=VERTEX_POINT('',#6770);
#1936=VERTEX_POINT('',#6772);
#1937=VERTEX_POINT('',#6774);
#1938=VERTEX_POINT('',#6776);
#1939=VERTEX_POINT('',#6778);
#1940=VERTEX_POINT('',#6780);
#1941=VERTEX_POINT('',#6783);
#1942=VERTEX_POINT('',#6784);
#1943=VERTEX_POINT('',#6786);
#1944=VERTEX_POINT('',#6788);
#1945=VERTEX_POINT('',#6790);
#1946=VERTEX_POINT('',#6792);
#1947=VERTEX_POINT('',#6794);
#1948=VERTEX_POINT('',#6796);
#1949=VERTEX_POINT('',#6799);
#1950=VERTEX_POINT('',#6800);
#1951=VERTEX_POINT('',#6802);
#1952=VERTEX_POINT('',#6804);
#1953=VERTEX_POINT('',#6806);
#1954=VERTEX_POINT('',#6808);
#1955=VERTEX_POINT('',#6810);
#1956=VERTEX_POINT('',#6812);
#1957=VERTEX_POINT('',#6815);
#1958=VERTEX_POINT('',#6816);
#1959=VERTEX_POINT('',#6818);
#1960=VERTEX_POINT('',#6820);
#1961=VERTEX_POINT('',#6822);
#1962=VERTEX_POINT('',#6824);
#1963=VERTEX_POINT('',#6826);
#1964=VERTEX_POINT('',#6828);
#1965=VERTEX_POINT('',#6831);
#1966=VERTEX_POINT('',#6832);
#1967=VERTEX_POINT('',#6834);
#1968=VERTEX_POINT('',#6836);
#1969=VERTEX_POINT('',#6838);
#1970=VERTEX_POINT('',#6840);
#1971=VERTEX_POINT('',#6842);
#1972=VERTEX_POINT('',#6844);
#1973=VERTEX_POINT('',#6847);
#1974=VERTEX_POINT('',#6848);
#1975=VERTEX_POINT('',#6850);
#1976=VERTEX_POINT('',#6852);
#1977=VERTEX_POINT('',#6854);
#1978=VERTEX_POINT('',#6856);
#1979=VERTEX_POINT('',#6858);
#1980=VERTEX_POINT('',#6860);
#1981=VERTEX_POINT('',#6863);
#1982=VERTEX_POINT('',#6864);
#1983=VERTEX_POINT('',#6866);
#1984=VERTEX_POINT('',#6868);
#1985=VERTEX_POINT('',#6870);
#1986=VERTEX_POINT('',#6872);
#1987=VERTEX_POINT('',#6874);
#1988=VERTEX_POINT('',#6876);
#1989=VERTEX_POINT('',#6879);
#1990=VERTEX_POINT('',#6880);
#1991=VERTEX_POINT('',#6882);
#1992=VERTEX_POINT('',#6884);
#1993=VERTEX_POINT('',#6886);
#1994=VERTEX_POINT('',#6888);
#1995=VERTEX_POINT('',#6890);
#1996=VERTEX_POINT('',#6892);
#1997=VERTEX_POINT('',#6895);
#1998=VERTEX_POINT('',#6896);
#1999=VERTEX_POINT('',#6898);
#2000=VERTEX_POINT('',#6900);
#2001=VERTEX_POINT('',#6902);
#2002=VERTEX_POINT('',#6904);
#2003=VERTEX_POINT('',#6906);
#2004=VERTEX_POINT('',#6908);
#2005=VERTEX_POINT('',#6911);
#2006=VERTEX_POINT('',#6912);
#2007=VERTEX_POINT('',#6914);
#2008=VERTEX_POINT('',#6916);
#2009=VERTEX_POINT('',#6918);
#2010=VERTEX_POINT('',#6920);
#2011=VERTEX_POINT('',#6922);
#2012=VERTEX_POINT('',#6924);
#2013=VERTEX_POINT('',#6927);
#2014=VERTEX_POINT('',#6928);
#2015=VERTEX_POINT('',#6930);
#2016=VERTEX_POINT('',#6932);
#2017=VERTEX_POINT('',#6934);
#2018=VERTEX_POINT('',#6936);
#2019=VERTEX_POINT('',#6938);
#2020=VERTEX_POINT('',#6940);
#2021=VERTEX_POINT('',#6943);
#2022=VERTEX_POINT('',#6945);
#2023=VERTEX_POINT('',#6946);
#2024=VERTEX_POINT('',#6948);
#2025=VERTEX_POINT('',#6950);
#2026=VERTEX_POINT('',#6952);
#2027=VERTEX_POINT('',#6954);
#2028=VERTEX_POINT('',#6956);
#2029=VERTEX_POINT('',#6958);
#2030=VERTEX_POINT('',#6961);
#2031=VERTEX_POINT('',#6962);
#2032=VERTEX_POINT('',#6964);
#2033=VERTEX_POINT('',#6966);
#2034=VERTEX_POINT('',#6968);
#2035=VERTEX_POINT('',#6970);
#2036=VERTEX_POINT('',#6972);
#2037=VERTEX_POINT('',#6974);
#2038=VERTEX_POINT('',#6977);
#2039=VERTEX_POINT('',#6978);
#2040=VERTEX_POINT('',#6980);
#2041=VERTEX_POINT('',#6982);
#2042=VERTEX_POINT('',#6984);
#2043=VERTEX_POINT('',#6986);
#2044=VERTEX_POINT('',#6988);
#2045=VERTEX_POINT('',#6990);
#2046=VERTEX_POINT('',#6993);
#2047=VERTEX_POINT('',#6994);
#2048=VERTEX_POINT('',#6996);
#2049=VERTEX_POINT('',#6998);
#2050=VERTEX_POINT('',#7000);
#2051=VERTEX_POINT('',#7002);
#2052=VERTEX_POINT('',#7004);
#2053=VERTEX_POINT('',#7006);
#2054=VERTEX_POINT('',#7009);
#2055=VERTEX_POINT('',#7011);
#2056=VERTEX_POINT('',#7012);
#2057=VERTEX_POINT('',#7014);
#2058=VERTEX_POINT('',#7016);
#2059=VERTEX_POINT('',#7018);
#2060=VERTEX_POINT('',#7020);
#2061=VERTEX_POINT('',#7022);
#2062=VERTEX_POINT('',#7024);
#2063=VERTEX_POINT('',#7027);
#2064=VERTEX_POINT('',#7028);
#2065=VERTEX_POINT('',#7030);
#2066=VERTEX_POINT('',#7032);
#2067=VERTEX_POINT('',#7034);
#2068=VERTEX_POINT('',#7036);
#2069=VERTEX_POINT('',#7038);
#2070=VERTEX_POINT('',#7040);
#2071=VERTEX_POINT('',#7043);
#2072=VERTEX_POINT('',#7044);
#2073=VERTEX_POINT('',#7046);
#2074=VERTEX_POINT('',#7048);
#2075=VERTEX_POINT('',#7050);
#2076=VERTEX_POINT('',#7052);
#2077=VERTEX_POINT('',#7054);
#2078=VERTEX_POINT('',#7056);
#2079=VERTEX_POINT('',#7059);
#2080=VERTEX_POINT('',#7060);
#2081=VERTEX_POINT('',#7062);
#2082=VERTEX_POINT('',#7064);
#2083=VERTEX_POINT('',#7066);
#2084=VERTEX_POINT('',#7068);
#2085=VERTEX_POINT('',#7070);
#2086=VERTEX_POINT('',#7072);
#2087=VERTEX_POINT('',#7075);
#2088=VERTEX_POINT('',#7076);
#2089=VERTEX_POINT('',#7078);
#2090=VERTEX_POINT('',#7080);
#2091=VERTEX_POINT('',#7082);
#2092=VERTEX_POINT('',#7084);
#2093=VERTEX_POINT('',#7086);
#2094=VERTEX_POINT('',#7088);
#2095=VERTEX_POINT('',#7091);
#2096=VERTEX_POINT('',#7092);
#2097=VERTEX_POINT('',#7094);
#2098=VERTEX_POINT('',#7096);
#2099=VERTEX_POINT('',#7098);
#2100=VERTEX_POINT('',#7100);
#2101=VERTEX_POINT('',#7102);
#2102=VERTEX_POINT('',#7104);
#2103=VERTEX_POINT('',#7107);
#2104=VERTEX_POINT('',#7108);
#2105=VERTEX_POINT('',#7110);
#2106=VERTEX_POINT('',#7112);
#2107=VERTEX_POINT('',#7114);
#2108=VERTEX_POINT('',#7116);
#2109=VERTEX_POINT('',#7118);
#2110=VERTEX_POINT('',#7120);
#2111=VERTEX_POINT('',#7123);
#2112=VERTEX_POINT('',#7125);
#2113=VERTEX_POINT('',#7126);
#2114=VERTEX_POINT('',#7128);
#2115=VERTEX_POINT('',#7130);
#2116=VERTEX_POINT('',#7132);
#2117=VERTEX_POINT('',#7134);
#2118=VERTEX_POINT('',#7136);
#2119=VERTEX_POINT('',#7138);
#2120=VERTEX_POINT('',#7142);
#2121=VERTEX_POINT('',#7143);
#2122=VERTEX_POINT('',#7148);
#2123=VERTEX_POINT('',#7152);
#2124=VERTEX_POINT('',#7156);
#2125=VERTEX_POINT('',#7160);
#2126=VERTEX_POINT('',#7164);
#2127=VERTEX_POINT('',#7166);
#2128=VERTEX_POINT('',#7170);
#2129=VERTEX_POINT('',#7174);
#2130=VERTEX_POINT('',#7178);
#2131=VERTEX_POINT('',#7182);
#2132=VERTEX_POINT('',#7186);
#2133=VERTEX_POINT('',#7190);
#2134=VERTEX_POINT('',#7196);
#2135=VERTEX_POINT('',#7200);
#2136=VERTEX_POINT('',#7202);
#2137=VERTEX_POINT('',#7206);
#2138=VERTEX_POINT('',#7210);
#2139=VERTEX_POINT('',#7214);
#2140=VERTEX_POINT('',#7218);
#2141=VERTEX_POINT('',#7222);
#2142=VERTEX_POINT('',#7226);
#2143=VERTEX_POINT('',#7232);
#2144=VERTEX_POINT('',#7234);
#2145=VERTEX_POINT('',#7238);
#2146=VERTEX_POINT('',#7242);
#2147=VERTEX_POINT('',#7246);
#2148=VERTEX_POINT('',#7250);
#2149=VERTEX_POINT('',#7254);
#2150=VERTEX_POINT('',#7258);
#2151=VERTEX_POINT('',#7264);
#2152=VERTEX_POINT('',#7266);
#2153=VERTEX_POINT('',#7270);
#2154=VERTEX_POINT('',#7274);
#2155=VERTEX_POINT('',#7278);
#2156=VERTEX_POINT('',#7282);
#2157=VERTEX_POINT('',#7286);
#2158=VERTEX_POINT('',#7290);
#2159=VERTEX_POINT('',#7296);
#2160=VERTEX_POINT('',#7298);
#2161=VERTEX_POINT('',#7302);
#2162=VERTEX_POINT('',#7306);
#2163=VERTEX_POINT('',#7310);
#2164=VERTEX_POINT('',#7314);
#2165=VERTEX_POINT('',#7318);
#2166=VERTEX_POINT('',#7322);
#2167=VERTEX_POINT('',#7328);
#2168=VERTEX_POINT('',#7330);
#2169=VERTEX_POINT('',#7334);
#2170=VERTEX_POINT('',#7338);
#2171=VERTEX_POINT('',#7342);
#2172=VERTEX_POINT('',#7346);
#2173=VERTEX_POINT('',#7350);
#2174=VERTEX_POINT('',#7354);
#2175=VERTEX_POINT('',#7360);
#2176=VERTEX_POINT('',#7362);
#2177=VERTEX_POINT('',#7366);
#2178=VERTEX_POINT('',#7370);
#2179=VERTEX_POINT('',#7374);
#2180=VERTEX_POINT('',#7378);
#2181=VERTEX_POINT('',#7382);
#2182=VERTEX_POINT('',#7386);
#2183=VERTEX_POINT('',#7392);
#2184=VERTEX_POINT('',#7394);
#2185=VERTEX_POINT('',#7398);
#2186=VERTEX_POINT('',#7402);
#2187=VERTEX_POINT('',#7406);
#2188=VERTEX_POINT('',#7410);
#2189=VERTEX_POINT('',#7414);
#2190=VERTEX_POINT('',#7418);
#2191=VERTEX_POINT('',#7424);
#2192=VERTEX_POINT('',#7428);
#2193=VERTEX_POINT('',#7430);
#2194=VERTEX_POINT('',#7434);
#2195=VERTEX_POINT('',#7438);
#2196=VERTEX_POINT('',#7442);
#2197=VERTEX_POINT('',#7446);
#2198=VERTEX_POINT('',#7450);
#2199=VERTEX_POINT('',#7454);
#2200=VERTEX_POINT('',#7460);
#2201=VERTEX_POINT('',#7462);
#2202=VERTEX_POINT('',#7466);
#2203=VERTEX_POINT('',#7470);
#2204=VERTEX_POINT('',#7474);
#2205=VERTEX_POINT('',#7478);
#2206=VERTEX_POINT('',#7482);
#2207=VERTEX_POINT('',#7486);
#2208=VERTEX_POINT('',#7492);
#2209=VERTEX_POINT('',#7494);
#2210=VERTEX_POINT('',#7498);
#2211=VERTEX_POINT('',#7502);
#2212=VERTEX_POINT('',#7506);
#2213=VERTEX_POINT('',#7510);
#2214=VERTEX_POINT('',#7514);
#2215=VERTEX_POINT('',#7518);
#2216=VERTEX_POINT('',#7524);
#2217=VERTEX_POINT('',#7526);
#2218=VERTEX_POINT('',#7530);
#2219=VERTEX_POINT('',#7534);
#2220=VERTEX_POINT('',#7538);
#2221=VERTEX_POINT('',#7542);
#2222=VERTEX_POINT('',#7546);
#2223=VERTEX_POINT('',#7550);
#2224=VERTEX_POINT('',#7556);
#2225=VERTEX_POINT('',#7560);
#2226=VERTEX_POINT('',#7562);
#2227=VERTEX_POINT('',#7566);
#2228=VERTEX_POINT('',#7570);
#2229=VERTEX_POINT('',#7574);
#2230=VERTEX_POINT('',#7578);
#2231=VERTEX_POINT('',#7582);
#2232=VERTEX_POINT('',#7586);
#2233=VERTEX_POINT('',#7592);
#2234=VERTEX_POINT('',#7594);
#2235=VERTEX_POINT('',#7598);
#2236=VERTEX_POINT('',#7602);
#2237=VERTEX_POINT('',#7606);
#2238=VERTEX_POINT('',#7610);
#2239=VERTEX_POINT('',#7614);
#2240=VERTEX_POINT('',#7618);
#2241=VERTEX_POINT('',#7624);
#2242=VERTEX_POINT('',#7626);
#2243=VERTEX_POINT('',#7630);
#2244=VERTEX_POINT('',#7634);
#2245=VERTEX_POINT('',#7638);
#2246=VERTEX_POINT('',#7642);
#2247=VERTEX_POINT('',#7646);
#2248=VERTEX_POINT('',#7650);
#2249=VERTEX_POINT('',#7656);
#2250=VERTEX_POINT('',#7658);
#2251=VERTEX_POINT('',#7662);
#2252=VERTEX_POINT('',#7666);
#2253=VERTEX_POINT('',#7670);
#2254=VERTEX_POINT('',#7674);
#2255=VERTEX_POINT('',#7678);
#2256=VERTEX_POINT('',#7682);
#2257=VERTEX_POINT('',#7688);
#2258=VERTEX_POINT('',#7690);
#2259=VERTEX_POINT('',#7694);
#2260=VERTEX_POINT('',#7698);
#2261=VERTEX_POINT('',#7702);
#2262=VERTEX_POINT('',#7706);
#2263=VERTEX_POINT('',#7710);
#2264=VERTEX_POINT('',#7714);
#2265=VERTEX_POINT('',#7720);
#2266=VERTEX_POINT('',#7722);
#2267=VERTEX_POINT('',#7726);
#2268=VERTEX_POINT('',#7730);
#2269=VERTEX_POINT('',#7734);
#2270=VERTEX_POINT('',#7738);
#2271=VERTEX_POINT('',#7742);
#2272=VERTEX_POINT('',#7746);
#2273=VERTEX_POINT('',#7752);
#2274=VERTEX_POINT('',#7754);
#2275=VERTEX_POINT('',#7758);
#2276=VERTEX_POINT('',#7762);
#2277=VERTEX_POINT('',#7766);
#2278=VERTEX_POINT('',#7770);
#2279=VERTEX_POINT('',#7774);
#2280=VERTEX_POINT('',#7778);
#2281=VERTEX_POINT('',#7784);
#2282=VERTEX_POINT('',#7786);
#2283=VERTEX_POINT('',#7790);
#2284=VERTEX_POINT('',#7794);
#2285=VERTEX_POINT('',#7798);
#2286=VERTEX_POINT('',#7802);
#2287=VERTEX_POINT('',#7806);
#2288=VERTEX_POINT('',#7810);
#2289=VERTEX_POINT('',#7816);
#2290=VERTEX_POINT('',#7818);
#2291=VERTEX_POINT('',#7822);
#2292=VERTEX_POINT('',#7826);
#2293=VERTEX_POINT('',#7830);
#2294=VERTEX_POINT('',#7834);
#2295=VERTEX_POINT('',#7838);
#2296=VERTEX_POINT('',#7842);
#2297=VERTEX_POINT('',#7848);
#2298=VERTEX_POINT('',#7850);
#2299=VERTEX_POINT('',#7854);
#2300=VERTEX_POINT('',#7858);
#2301=VERTEX_POINT('',#7862);
#2302=VERTEX_POINT('',#7866);
#2303=VERTEX_POINT('',#7870);
#2304=VERTEX_POINT('',#7874);
#2305=VERTEX_POINT('',#7880);
#2306=VERTEX_POINT('',#7882);
#2307=VERTEX_POINT('',#7886);
#2308=VERTEX_POINT('',#7890);
#2309=VERTEX_POINT('',#7894);
#2310=VERTEX_POINT('',#7898);
#2311=VERTEX_POINT('',#7902);
#2312=VERTEX_POINT('',#7906);
#2313=VERTEX_POINT('',#7912);
#2314=VERTEX_POINT('',#7916);
#2315=VERTEX_POINT('',#7918);
#2316=VERTEX_POINT('',#7922);
#2317=VERTEX_POINT('',#7926);
#2318=VERTEX_POINT('',#7930);
#2319=VERTEX_POINT('',#7934);
#2320=VERTEX_POINT('',#7938);
#2321=VERTEX_POINT('',#7942);
#2322=VERTEX_POINT('',#7948);
#2323=VERTEX_POINT('',#7950);
#2324=VERTEX_POINT('',#7954);
#2325=VERTEX_POINT('',#7958);
#2326=VERTEX_POINT('',#7962);
#2327=VERTEX_POINT('',#7966);
#2328=VERTEX_POINT('',#7970);
#2329=VERTEX_POINT('',#7974);
#2330=VERTEX_POINT('',#7980);
#2331=VERTEX_POINT('',#7982);
#2332=VERTEX_POINT('',#7986);
#2333=VERTEX_POINT('',#7990);
#2334=VERTEX_POINT('',#7994);
#2335=VERTEX_POINT('',#7998);
#2336=VERTEX_POINT('',#8002);
#2337=VERTEX_POINT('',#8006);
#2338=VERTEX_POINT('',#8012);
#2339=VERTEX_POINT('',#8014);
#2340=VERTEX_POINT('',#8018);
#2341=VERTEX_POINT('',#8022);
#2342=VERTEX_POINT('',#8026);
#2343=VERTEX_POINT('',#8030);
#2344=VERTEX_POINT('',#8034);
#2345=VERTEX_POINT('',#8038);
#2346=VERTEX_POINT('',#8046);
#2347=VERTEX_POINT('',#8050);
#2348=VERTEX_POINT('',#8054);
#2349=EDGE_CURVE('',#1885,#1886,#1653,.T.);
#2350=EDGE_CURVE('',#1886,#1887,#725,.T.);
#2351=EDGE_CURVE('',#1887,#1888,#1654,.T.);
#2352=EDGE_CURVE('',#1888,#1885,#726,.T.);
#2353=EDGE_CURVE('',#1889,#1888,#727,.T.);
#2354=EDGE_CURVE('',#1890,#1889,#728,.T.);
#2355=EDGE_CURVE('',#1885,#1890,#729,.T.);
#2356=EDGE_CURVE('',#1887,#1891,#730,.T.);
#2357=EDGE_CURVE('',#1892,#1891,#731,.T.);
#2358=EDGE_CURVE('',#1893,#1892,#732,.T.);
#2359=EDGE_CURVE('',#1894,#1893,#733,.T.);
#2360=EDGE_CURVE('',#1894,#1895,#734,.T.);
#2361=EDGE_CURVE('',#1896,#1895,#1655,.T.);
#2362=EDGE_CURVE('',#1896,#1897,#735,.T.);
#2363=EDGE_CURVE('',#1898,#1897,#1656,.T.);
#2364=EDGE_CURVE('',#1898,#1899,#736,.T.);
#2365=EDGE_CURVE('',#1889,#1899,#1657,.T.);
#2366=EDGE_CURVE('',#1900,#1901,#1658,.T.);
#2367=EDGE_CURVE('',#1902,#1900,#737,.T.);
#2368=EDGE_CURVE('',#1903,#1902,#1659,.T.);
#2369=EDGE_CURVE('',#1904,#1903,#738,.T.);
#2370=EDGE_CURVE('',#1905,#1904,#1660,.T.);
#2371=EDGE_CURVE('',#1906,#1905,#739,.T.);
#2372=EDGE_CURVE('',#1907,#1906,#1661,.T.);
#2373=EDGE_CURVE('',#1901,#1907,#740,.T.);
#2374=EDGE_CURVE('',#1908,#1909,#1662,.T.);
#2375=EDGE_CURVE('',#1910,#1908,#741,.T.);
#2376=EDGE_CURVE('',#1911,#1910,#1663,.T.);
#2377=EDGE_CURVE('',#1912,#1911,#742,.T.);
#2378=EDGE_CURVE('',#1913,#1912,#1664,.T.);
#2379=EDGE_CURVE('',#1914,#1913,#743,.T.);
#2380=EDGE_CURVE('',#1915,#1914,#1665,.T.);
#2381=EDGE_CURVE('',#1909,#1915,#744,.T.);
#2382=EDGE_CURVE('',#1916,#1917,#1666,.T.);
#2383=EDGE_CURVE('',#1918,#1916,#745,.T.);
#2384=EDGE_CURVE('',#1919,#1918,#1667,.T.);
#2385=EDGE_CURVE('',#1920,#1919,#746,.T.);
#2386=EDGE_CURVE('',#1921,#1920,#1668,.T.);
#2387=EDGE_CURVE('',#1922,#1921,#747,.T.);
#2388=EDGE_CURVE('',#1923,#1922,#1669,.T.);
#2389=EDGE_CURVE('',#1917,#1923,#748,.T.);
#2390=EDGE_CURVE('',#1924,#1925,#1670,.T.);
#2391=EDGE_CURVE('',#1926,#1924,#749,.T.);
#2392=EDGE_CURVE('',#1927,#1926,#1671,.T.);
#2393=EDGE_CURVE('',#1928,#1927,#750,.T.);
#2394=EDGE_CURVE('',#1929,#1928,#1672,.T.);
#2395=EDGE_CURVE('',#1930,#1929,#751,.T.);
#2396=EDGE_CURVE('',#1931,#1930,#1673,.T.);
#2397=EDGE_CURVE('',#1925,#1931,#752,.T.);
#2398=EDGE_CURVE('',#1932,#1932,#1674,.T.);
#2399=EDGE_CURVE('',#1933,#1934,#1675,.T.);
#2400=EDGE_CURVE('',#1935,#1933,#753,.T.);
#2401=EDGE_CURVE('',#1936,#1935,#1676,.T.);
#2402=EDGE_CURVE('',#1937,#1936,#754,.T.);
#2403=EDGE_CURVE('',#1938,#1937,#1677,.T.);
#2404=EDGE_CURVE('',#1939,#1938,#755,.T.);
#2405=EDGE_CURVE('',#1940,#1939,#1678,.T.);
#2406=EDGE_CURVE('',#1934,#1940,#756,.T.);
#2407=EDGE_CURVE('',#1941,#1942,#1679,.T.);
#2408=EDGE_CURVE('',#1943,#1941,#757,.T.);
#2409=EDGE_CURVE('',#1944,#1943,#1680,.T.);
#2410=EDGE_CURVE('',#1945,#1944,#758,.T.);
#2411=EDGE_CURVE('',#1946,#1945,#1681,.T.);
#2412=EDGE_CURVE('',#1947,#1946,#759,.T.);
#2413=EDGE_CURVE('',#1948,#1947,#1682,.T.);
#2414=EDGE_CURVE('',#1942,#1948,#760,.T.);
#2415=EDGE_CURVE('',#1949,#1950,#761,.T.);
#2416=EDGE_CURVE('',#1951,#1949,#1683,.T.);
#2417=EDGE_CURVE('',#1952,#1951,#762,.T.);
#2418=EDGE_CURVE('',#1953,#1952,#1684,.T.);
#2419=EDGE_CURVE('',#1954,#1953,#763,.T.);
#2420=EDGE_CURVE('',#1955,#1954,#1685,.T.);
#2421=EDGE_CURVE('',#1956,#1955,#764,.T.);
#2422=EDGE_CURVE('',#1950,#1956,#1686,.T.);
#2423=EDGE_CURVE('',#1957,#1958,#1687,.T.);
#2424=EDGE_CURVE('',#1959,#1957,#765,.T.);
#2425=EDGE_CURVE('',#1960,#1959,#1688,.T.);
#2426=EDGE_CURVE('',#1961,#1960,#766,.T.);
#2427=EDGE_CURVE('',#1962,#1961,#1689,.T.);
#2428=EDGE_CURVE('',#1963,#1962,#767,.T.);
#2429=EDGE_CURVE('',#1964,#1963,#1690,.T.);
#2430=EDGE_CURVE('',#1958,#1964,#768,.T.);
#2431=EDGE_CURVE('',#1965,#1966,#1691,.T.);
#2432=EDGE_CURVE('',#1967,#1965,#769,.T.);
#2433=EDGE_CURVE('',#1968,#1967,#1692,.T.);
#2434=EDGE_CURVE('',#1969,#1968,#770,.T.);
#2435=EDGE_CURVE('',#1970,#1969,#1693,.T.);
#2436=EDGE_CURVE('',#1971,#1970,#771,.T.);
#2437=EDGE_CURVE('',#1972,#1971,#1694,.T.);
#2438=EDGE_CURVE('',#1966,#1972,#772,.T.);
#2439=EDGE_CURVE('',#1973,#1974,#1695,.T.);
#2440=EDGE_CURVE('',#1975,#1973,#773,.T.);
#2441=EDGE_CURVE('',#1976,#1975,#1696,.T.);
#2442=EDGE_CURVE('',#1977,#1976,#774,.T.);
#2443=EDGE_CURVE('',#1978,#1977,#1697,.T.);
#2444=EDGE_CURVE('',#1979,#1978,#775,.T.);
#2445=EDGE_CURVE('',#1980,#1979,#1698,.T.);
#2446=EDGE_CURVE('',#1974,#1980,#776,.T.);
#2447=EDGE_CURVE('',#1981,#1982,#1699,.T.);
#2448=EDGE_CURVE('',#1983,#1981,#777,.T.);
#2449=EDGE_CURVE('',#1984,#1983,#1700,.T.);
#2450=EDGE_CURVE('',#1985,#1984,#778,.T.);
#2451=EDGE_CURVE('',#1986,#1985,#1701,.T.);
#2452=EDGE_CURVE('',#1987,#1986,#779,.T.);
#2453=EDGE_CURVE('',#1988,#1987,#1702,.T.);
#2454=EDGE_CURVE('',#1982,#1988,#780,.T.);
#2455=EDGE_CURVE('',#1989,#1990,#1703,.T.);
#2456=EDGE_CURVE('',#1991,#1989,#781,.T.);
#2457=EDGE_CURVE('',#1992,#1991,#1704,.T.);
#2458=EDGE_CURVE('',#1993,#1992,#782,.T.);
#2459=EDGE_CURVE('',#1994,#1993,#1705,.T.);
#2460=EDGE_CURVE('',#1995,#1994,#783,.T.);
#2461=EDGE_CURVE('',#1996,#1995,#1706,.T.);
#2462=EDGE_CURVE('',#1990,#1996,#784,.T.);
#2463=EDGE_CURVE('',#1997,#1998,#785,.T.);
#2464=EDGE_CURVE('',#1999,#1997,#1707,.T.);
#2465=EDGE_CURVE('',#2000,#1999,#786,.T.);
#2466=EDGE_CURVE('',#2001,#2000,#1708,.T.);
#2467=EDGE_CURVE('',#2002,#2001,#787,.T.);
#2468=EDGE_CURVE('',#2003,#2002,#1709,.T.);
#2469=EDGE_CURVE('',#2004,#2003,#788,.T.);
#2470=EDGE_CURVE('',#1998,#2004,#1710,.T.);
#2471=EDGE_CURVE('',#2005,#2006,#1711,.T.);
#2472=EDGE_CURVE('',#2007,#2005,#789,.T.);
#2473=EDGE_CURVE('',#2008,#2007,#1712,.T.);
#2474=EDGE_CURVE('',#2009,#2008,#790,.T.);
#2475=EDGE_CURVE('',#2010,#2009,#1713,.T.);
#2476=EDGE_CURVE('',#2011,#2010,#791,.T.);
#2477=EDGE_CURVE('',#2012,#2011,#1714,.T.);
#2478=EDGE_CURVE('',#2006,#2012,#792,.T.);
#2479=EDGE_CURVE('',#2013,#2014,#1715,.T.);
#2480=EDGE_CURVE('',#2015,#2013,#793,.T.);
#2481=EDGE_CURVE('',#2016,#2015,#1716,.T.);
#2482=EDGE_CURVE('',#2017,#2016,#794,.T.);
#2483=EDGE_CURVE('',#2018,#2017,#1717,.T.);
#2484=EDGE_CURVE('',#2019,#2018,#795,.T.);
#2485=EDGE_CURVE('',#2020,#2019,#1718,.T.);
#2486=EDGE_CURVE('',#2014,#2020,#796,.T.);
#2487=EDGE_CURVE('',#2021,#2021,#1719,.T.);
#2488=EDGE_CURVE('',#2022,#2023,#1720,.T.);
#2489=EDGE_CURVE('',#2024,#2022,#797,.T.);
#2490=EDGE_CURVE('',#2025,#2024,#1721,.T.);
#2491=EDGE_CURVE('',#2026,#2025,#798,.T.);
#2492=EDGE_CURVE('',#2027,#2026,#1722,.T.);
#2493=EDGE_CURVE('',#2028,#2027,#799,.T.);
#2494=EDGE_CURVE('',#2029,#2028,#1723,.T.);
#2495=EDGE_CURVE('',#2023,#2029,#800,.T.);
#2496=EDGE_CURVE('',#2030,#2031,#1724,.T.);
#2497=EDGE_CURVE('',#2032,#2030,#801,.T.);
#2498=EDGE_CURVE('',#2033,#2032,#1725,.T.);
#2499=EDGE_CURVE('',#2034,#2033,#802,.T.);
#2500=EDGE_CURVE('',#2035,#2034,#1726,.T.);
#2501=EDGE_CURVE('',#2036,#2035,#803,.T.);
#2502=EDGE_CURVE('',#2037,#2036,#1727,.T.);
#2503=EDGE_CURVE('',#2031,#2037,#804,.T.);
#2504=EDGE_CURVE('',#2038,#2039,#1728,.T.);
#2505=EDGE_CURVE('',#2040,#2038,#805,.T.);
#2506=EDGE_CURVE('',#2041,#2040,#1729,.T.);
#2507=EDGE_CURVE('',#2042,#2041,#806,.T.);
#2508=EDGE_CURVE('',#2043,#2042,#1730,.T.);
#2509=EDGE_CURVE('',#2044,#2043,#807,.T.);
#2510=EDGE_CURVE('',#2045,#2044,#1731,.T.);
#2511=EDGE_CURVE('',#2039,#2045,#808,.T.);
#2512=EDGE_CURVE('',#2046,#2047,#1732,.T.);
#2513=EDGE_CURVE('',#2048,#2046,#809,.T.);
#2514=EDGE_CURVE('',#2049,#2048,#1733,.T.);
#2515=EDGE_CURVE('',#2050,#2049,#810,.T.);
#2516=EDGE_CURVE('',#2051,#2050,#1734,.T.);
#2517=EDGE_CURVE('',#2052,#2051,#811,.T.);
#2518=EDGE_CURVE('',#2053,#2052,#1735,.T.);
#2519=EDGE_CURVE('',#2047,#2053,#812,.T.);
#2520=EDGE_CURVE('',#2054,#2054,#1736,.T.);
#2521=EDGE_CURVE('',#2055,#2056,#1737,.T.);
#2522=EDGE_CURVE('',#2057,#2055,#813,.T.);
#2523=EDGE_CURVE('',#2058,#2057,#1738,.T.);
#2524=EDGE_CURVE('',#2059,#2058,#814,.T.);
#2525=EDGE_CURVE('',#2060,#2059,#1739,.T.);
#2526=EDGE_CURVE('',#2061,#2060,#815,.T.);
#2527=EDGE_CURVE('',#2062,#2061,#1740,.T.);
#2528=EDGE_CURVE('',#2056,#2062,#816,.T.);
#2529=EDGE_CURVE('',#2063,#2064,#1741,.T.);
#2530=EDGE_CURVE('',#2065,#2063,#817,.T.);
#2531=EDGE_CURVE('',#2066,#2065,#1742,.T.);
#2532=EDGE_CURVE('',#2067,#2066,#818,.T.);
#2533=EDGE_CURVE('',#2068,#2067,#1743,.T.);
#2534=EDGE_CURVE('',#2069,#2068,#819,.T.);
#2535=EDGE_CURVE('',#2070,#2069,#1744,.T.);
#2536=EDGE_CURVE('',#2064,#2070,#820,.T.);
#2537=EDGE_CURVE('',#2071,#2072,#1745,.T.);
#2538=EDGE_CURVE('',#2073,#2071,#821,.T.);
#2539=EDGE_CURVE('',#2074,#2073,#1746,.T.);
#2540=EDGE_CURVE('',#2075,#2074,#822,.T.);
#2541=EDGE_CURVE('',#2076,#2075,#1747,.T.);
#2542=EDGE_CURVE('',#2077,#2076,#823,.T.);
#2543=EDGE_CURVE('',#2078,#2077,#1748,.T.);
#2544=EDGE_CURVE('',#2072,#2078,#824,.T.);
#2545=EDGE_CURVE('',#2079,#2080,#1749,.T.);
#2546=EDGE_CURVE('',#2081,#2079,#825,.T.);
#2547=EDGE_CURVE('',#2082,#2081,#1750,.T.);
#2548=EDGE_CURVE('',#2083,#2082,#826,.T.);
#2549=EDGE_CURVE('',#2084,#2083,#1751,.T.);
#2550=EDGE_CURVE('',#2085,#2084,#827,.T.);
#2551=EDGE_CURVE('',#2086,#2085,#1752,.T.);
#2552=EDGE_CURVE('',#2080,#2086,#828,.T.);
#2553=EDGE_CURVE('',#2087,#2088,#829,.T.);
#2554=EDGE_CURVE('',#2089,#2087,#1753,.T.);
#2555=EDGE_CURVE('',#2090,#2089,#830,.T.);
#2556=EDGE_CURVE('',#2091,#2090,#1754,.T.);
#2557=EDGE_CURVE('',#2092,#2091,#831,.T.);
#2558=EDGE_CURVE('',#2093,#2092,#1755,.T.);
#2559=EDGE_CURVE('',#2094,#2093,#832,.T.);
#2560=EDGE_CURVE('',#2088,#2094,#1756,.T.);
#2561=EDGE_CURVE('',#2095,#2096,#1757,.T.);
#2562=EDGE_CURVE('',#2097,#2095,#833,.T.);
#2563=EDGE_CURVE('',#2098,#2097,#1758,.T.);
#2564=EDGE_CURVE('',#2099,#2098,#834,.T.);
#2565=EDGE_CURVE('',#2100,#2099,#1759,.T.);
#2566=EDGE_CURVE('',#2101,#2100,#835,.T.);
#2567=EDGE_CURVE('',#2102,#2101,#1760,.T.);
#2568=EDGE_CURVE('',#2096,#2102,#836,.T.);
#2569=EDGE_CURVE('',#2103,#2104,#1761,.T.);
#2570=EDGE_CURVE('',#2105,#2103,#837,.T.);
#2571=EDGE_CURVE('',#2106,#2105,#1762,.T.);
#2572=EDGE_CURVE('',#2107,#2106,#838,.T.);
#2573=EDGE_CURVE('',#2108,#2107,#1763,.T.);
#2574=EDGE_CURVE('',#2109,#2108,#839,.T.);
#2575=EDGE_CURVE('',#2110,#2109,#1764,.T.);
#2576=EDGE_CURVE('',#2104,#2110,#840,.T.);
#2577=EDGE_CURVE('',#2111,#2111,#1765,.T.);
#2578=EDGE_CURVE('',#2112,#2113,#841,.T.);
#2579=EDGE_CURVE('',#2114,#2112,#1766,.T.);
#2580=EDGE_CURVE('',#2115,#2114,#842,.T.);
#2581=EDGE_CURVE('',#2116,#2115,#1767,.T.);
#2582=EDGE_CURVE('',#2117,#2116,#843,.T.);
#2583=EDGE_CURVE('',#2118,#2117,#1768,.T.);
#2584=EDGE_CURVE('',#2119,#2118,#844,.T.);
#2585=EDGE_CURVE('',#2113,#2119,#1769,.T.);
#2586=EDGE_CURVE('',#2120,#2121,#1770,.T.);
#2587=EDGE_CURVE('',#2121,#1896,#845,.T.);
#2588=EDGE_CURVE('',#1895,#2120,#846,.T.);
#2589=EDGE_CURVE('',#1894,#2122,#847,.T.);
#2590=EDGE_CURVE('',#2120,#2122,#848,.T.);
#2591=EDGE_CURVE('',#2123,#1890,#1771,.T.);
#2592=EDGE_CURVE('',#1899,#2123,#849,.T.);
#2593=EDGE_CURVE('',#2124,#1898,#850,.T.);
#2594=EDGE_CURVE('',#2123,#2124,#851,.T.);
#2595=EDGE_CURVE('',#2125,#2124,#1772,.T.);
#2596=EDGE_CURVE('',#1897,#2125,#852,.T.);
#2597=EDGE_CURVE('',#2112,#2126,#853,.T.);
#2598=EDGE_CURVE('',#2127,#2126,#1773,.T.);
#2599=EDGE_CURVE('',#2114,#2127,#854,.T.);
#2600=EDGE_CURVE('',#2128,#2127,#855,.T.);
#2601=EDGE_CURVE('',#2115,#2128,#856,.T.);
#2602=EDGE_CURVE('',#2129,#2128,#1774,.T.);
#2603=EDGE_CURVE('',#2116,#2129,#857,.T.);
#2604=EDGE_CURVE('',#2130,#2129,#858,.T.);
#2605=EDGE_CURVE('',#2117,#2130,#859,.T.);
#2606=EDGE_CURVE('',#2131,#2130,#1775,.T.);
#2607=EDGE_CURVE('',#2118,#2131,#860,.T.);
#2608=EDGE_CURVE('',#2132,#2131,#861,.T.);
#2609=EDGE_CURVE('',#2119,#2132,#862,.T.);
#2610=EDGE_CURVE('',#2133,#2132,#1776,.T.);
#2611=EDGE_CURVE('',#2113,#2133,#863,.T.);
#2612=EDGE_CURVE('',#2126,#2133,#864,.T.);
#2613=EDGE_CURVE('',#2134,#2134,#1777,.T.);
#2614=EDGE_CURVE('',#2134,#2111,#865,.T.);
#2615=EDGE_CURVE('',#2103,#2135,#866,.T.);
#2616=EDGE_CURVE('',#2136,#2135,#867,.T.);
#2617=EDGE_CURVE('',#2105,#2136,#868,.T.);
#2618=EDGE_CURVE('',#2137,#2136,#1778,.T.);
#2619=EDGE_CURVE('',#2106,#2137,#869,.T.);
#2620=EDGE_CURVE('',#2138,#2137,#870,.T.);
#2621=EDGE_CURVE('',#2107,#2138,#871,.T.);
#2622=EDGE_CURVE('',#2139,#2138,#1779,.T.);
#2623=EDGE_CURVE('',#2108,#2139,#872,.T.);
#2624=EDGE_CURVE('',#2140,#2139,#873,.T.);
#2625=EDGE_CURVE('',#2109,#2140,#874,.T.);
#2626=EDGE_CURVE('',#2141,#2140,#1780,.T.);
#2627=EDGE_CURVE('',#2110,#2141,#875,.T.);
#2628=EDGE_CURVE('',#2142,#2141,#876,.T.);
#2629=EDGE_CURVE('',#2104,#2142,#877,.T.);
#2630=EDGE_CURVE('',#2135,#2142,#1781,.T.);
#2631=EDGE_CURVE('',#2095,#2143,#878,.T.);
#2632=EDGE_CURVE('',#2144,#2143,#879,.T.);
#2633=EDGE_CURVE('',#2097,#2144,#880,.T.);
#2634=EDGE_CURVE('',#2145,#2144,#1782,.T.);
#2635=EDGE_CURVE('',#2098,#2145,#881,.T.);
#2636=EDGE_CURVE('',#2146,#2145,#882,.T.);
#2637=EDGE_CURVE('',#2099,#2146,#883,.T.);
#2638=EDGE_CURVE('',#2147,#2146,#1783,.T.);
#2639=EDGE_CURVE('',#2100,#2147,#884,.T.);
#2640=EDGE_CURVE('',#2148,#2147,#885,.T.);
#2641=EDGE_CURVE('',#2101,#2148,#886,.T.);
#2642=EDGE_CURVE('',#2149,#2148,#1784,.T.);
#2643=EDGE_CURVE('',#2102,#2149,#887,.T.);
#2644=EDGE_CURVE('',#2150,#2149,#888,.T.);
#2645=EDGE_CURVE('',#2096,#2150,#889,.T.);
#2646=EDGE_CURVE('',#2143,#2150,#1785,.T.);
#2647=EDGE_CURVE('',#2087,#2151,#890,.T.);
#2648=EDGE_CURVE('',#2152,#2151,#1786,.T.);
#2649=EDGE_CURVE('',#2089,#2152,#891,.T.);
#2650=EDGE_CURVE('',#2153,#2152,#892,.T.);
#2651=EDGE_CURVE('',#2090,#2153,#893,.T.);
#2652=EDGE_CURVE('',#2154,#2153,#1787,.T.);
#2653=EDGE_CURVE('',#2091,#2154,#894,.T.);
#2654=EDGE_CURVE('',#2155,#2154,#895,.T.);
#2655=EDGE_CURVE('',#2092,#2155,#896,.T.);
#2656=EDGE_CURVE('',#2156,#2155,#1788,.T.);
#2657=EDGE_CURVE('',#2093,#2156,#897,.T.);
#2658=EDGE_CURVE('',#2157,#2156,#898,.T.);
#2659=EDGE_CURVE('',#2094,#2157,#899,.T.);
#2660=EDGE_CURVE('',#2158,#2157,#1789,.T.);
#2661=EDGE_CURVE('',#2088,#2158,#900,.T.);
#2662=EDGE_CURVE('',#2151,#2158,#901,.T.);
#2663=EDGE_CURVE('',#2079,#2159,#902,.T.);
#2664=EDGE_CURVE('',#2160,#2159,#903,.T.);
#2665=EDGE_CURVE('',#2081,#2160,#904,.T.);
#2666=EDGE_CURVE('',#2161,#2160,#1790,.T.);
#2667=EDGE_CURVE('',#2082,#2161,#905,.T.);
#2668=EDGE_CURVE('',#2162,#2161,#906,.T.);
#2669=EDGE_CURVE('',#2083,#2162,#907,.T.);
#2670=EDGE_CURVE('',#2163,#2162,#1791,.T.);
#2671=EDGE_CURVE('',#2084,#2163,#908,.T.);
#2672=EDGE_CURVE('',#2164,#2163,#909,.T.);
#2673=EDGE_CURVE('',#2085,#2164,#910,.T.);
#2674=EDGE_CURVE('',#2165,#2164,#1792,.T.);
#2675=EDGE_CURVE('',#2086,#2165,#911,.T.);
#2676=EDGE_CURVE('',#2166,#2165,#912,.T.);
#2677=EDGE_CURVE('',#2080,#2166,#913,.T.);
#2678=EDGE_CURVE('',#2159,#2166,#1793,.T.);
#2679=EDGE_CURVE('',#2071,#2167,#914,.T.);
#2680=EDGE_CURVE('',#2168,#2167,#915,.T.);
#2681=EDGE_CURVE('',#2073,#2168,#916,.T.);
#2682=EDGE_CURVE('',#2169,#2168,#1794,.T.);
#2683=EDGE_CURVE('',#2074,#2169,#917,.T.);
#2684=EDGE_CURVE('',#2170,#2169,#918,.T.);
#2685=EDGE_CURVE('',#2075,#2170,#919,.T.);
#2686=EDGE_CURVE('',#2171,#2170,#1795,.T.);
#2687=EDGE_CURVE('',#2076,#2171,#920,.T.);
#2688=EDGE_CURVE('',#2172,#2171,#921,.T.);
#2689=EDGE_CURVE('',#2077,#2172,#922,.T.);
#2690=EDGE_CURVE('',#2173,#2172,#1796,.T.);
#2691=EDGE_CURVE('',#2078,#2173,#923,.T.);
#2692=EDGE_CURVE('',#2174,#2173,#924,.T.);
#2693=EDGE_CURVE('',#2072,#2174,#925,.T.);
#2694=EDGE_CURVE('',#2167,#2174,#1797,.T.);
#2695=EDGE_CURVE('',#2063,#2175,#926,.T.);
#2696=EDGE_CURVE('',#2176,#2175,#927,.T.);
#2697=EDGE_CURVE('',#2065,#2176,#928,.T.);
#2698=EDGE_CURVE('',#2177,#2176,#1798,.T.);
#2699=EDGE_CURVE('',#2066,#2177,#929,.T.);
#2700=EDGE_CURVE('',#2178,#2177,#930,.T.);
#2701=EDGE_CURVE('',#2067,#2178,#931,.T.);
#2702=EDGE_CURVE('',#2179,#2178,#1799,.T.);
#2703=EDGE_CURVE('',#2068,#2179,#932,.T.);
#2704=EDGE_CURVE('',#2180,#2179,#933,.T.);
#2705=EDGE_CURVE('',#2069,#2180,#934,.T.);
#2706=EDGE_CURVE('',#2181,#2180,#1800,.T.);
#2707=EDGE_CURVE('',#2070,#2181,#935,.T.);
#2708=EDGE_CURVE('',#2182,#2181,#936,.T.);
#2709=EDGE_CURVE('',#2064,#2182,#937,.T.);
#2710=EDGE_CURVE('',#2175,#2182,#1801,.T.);
#2711=EDGE_CURVE('',#2055,#2183,#938,.T.);
#2712=EDGE_CURVE('',#2184,#2183,#939,.T.);
#2713=EDGE_CURVE('',#2057,#2184,#940,.T.);
#2714=EDGE_CURVE('',#2185,#2184,#1802,.T.);
#2715=EDGE_CURVE('',#2058,#2185,#941,.T.);
#2716=EDGE_CURVE('',#2186,#2185,#942,.T.);
#2717=EDGE_CURVE('',#2059,#2186,#943,.T.);
#2718=EDGE_CURVE('',#2187,#2186,#1803,.T.);
#2719=EDGE_CURVE('',#2060,#2187,#944,.T.);
#2720=EDGE_CURVE('',#2188,#2187,#945,.T.);
#2721=EDGE_CURVE('',#2061,#2188,#946,.T.);
#2722=EDGE_CURVE('',#2189,#2188,#1804,.T.);
#2723=EDGE_CURVE('',#2062,#2189,#947,.T.);
#2724=EDGE_CURVE('',#2190,#2189,#948,.T.);
#2725=EDGE_CURVE('',#2056,#2190,#949,.T.);
#2726=EDGE_CURVE('',#2183,#2190,#1805,.T.);
#2727=EDGE_CURVE('',#2191,#2191,#1806,.T.);
#2728=EDGE_CURVE('',#2191,#2054,#950,.T.);
#2729=EDGE_CURVE('',#2046,#2192,#951,.T.);
#2730=EDGE_CURVE('',#2193,#2192,#952,.T.);
#2731=EDGE_CURVE('',#2048,#2193,#953,.T.);
#2732=EDGE_CURVE('',#2194,#2193,#1807,.T.);
#2733=EDGE_CURVE('',#2049,#2194,#954,.T.);
#2734=EDGE_CURVE('',#2195,#2194,#955,.T.);
#2735=EDGE_CURVE('',#2050,#2195,#956,.T.);
#2736=EDGE_CURVE('',#2196,#2195,#1808,.T.);
#2737=EDGE_CURVE('',#2051,#2196,#957,.T.);
#2738=EDGE_CURVE('',#2197,#2196,#958,.T.);
#2739=EDGE_CURVE('',#2052,#2197,#959,.T.);
#2740=EDGE_CURVE('',#2198,#2197,#1809,.T.);
#2741=EDGE_CURVE('',#2053,#2198,#960,.T.);
#2742=EDGE_CURVE('',#2199,#2198,#961,.T.);
#2743=EDGE_CURVE('',#2047,#2199,#962,.T.);
#2744=EDGE_CURVE('',#2192,#2199,#1810,.T.);
#2745=EDGE_CURVE('',#2038,#2200,#963,.T.);
#2746=EDGE_CURVE('',#2201,#2200,#964,.T.);
#2747=EDGE_CURVE('',#2040,#2201,#965,.T.);
#2748=EDGE_CURVE('',#2202,#2201,#1811,.T.);
#2749=EDGE_CURVE('',#2041,#2202,#966,.T.);
#2750=EDGE_CURVE('',#2203,#2202,#967,.T.);
#2751=EDGE_CURVE('',#2042,#2203,#968,.T.);
#2752=EDGE_CURVE('',#2204,#2203,#1812,.T.);
#2753=EDGE_CURVE('',#2043,#2204,#969,.T.);
#2754=EDGE_CURVE('',#2205,#2204,#970,.T.);
#2755=EDGE_CURVE('',#2044,#2205,#971,.T.);
#2756=EDGE_CURVE('',#2206,#2205,#1813,.T.);
#2757=EDGE_CURVE('',#2045,#2206,#972,.T.);
#2758=EDGE_CURVE('',#2207,#2206,#973,.T.);
#2759=EDGE_CURVE('',#2039,#2207,#974,.T.);
#2760=EDGE_CURVE('',#2200,#2207,#1814,.T.);
#2761=EDGE_CURVE('',#2030,#2208,#975,.T.);
#2762=EDGE_CURVE('',#2209,#2208,#976,.T.);
#2763=EDGE_CURVE('',#2032,#2209,#977,.T.);
#2764=EDGE_CURVE('',#2210,#2209,#1815,.T.);
#2765=EDGE_CURVE('',#2033,#2210,#978,.T.);
#2766=EDGE_CURVE('',#2211,#2210,#979,.T.);
#2767=EDGE_CURVE('',#2034,#2211,#980,.T.);
#2768=EDGE_CURVE('',#2212,#2211,#1816,.T.);
#2769=EDGE_CURVE('',#2035,#2212,#981,.T.);
#2770=EDGE_CURVE('',#2213,#2212,#982,.T.);
#2771=EDGE_CURVE('',#2036,#2213,#983,.T.);
#2772=EDGE_CURVE('',#2214,#2213,#1817,.T.);
#2773=EDGE_CURVE('',#2037,#2214,#984,.T.);
#2774=EDGE_CURVE('',#2215,#2214,#985,.T.);
#2775=EDGE_CURVE('',#2031,#2215,#986,.T.);
#2776=EDGE_CURVE('',#2208,#2215,#1818,.T.);
#2777=EDGE_CURVE('',#2022,#2216,#987,.T.);
#2778=EDGE_CURVE('',#2217,#2216,#988,.T.);
#2779=EDGE_CURVE('',#2024,#2217,#989,.T.);
#2780=EDGE_CURVE('',#2218,#2217,#1819,.T.);
#2781=EDGE_CURVE('',#2025,#2218,#990,.T.);
#2782=EDGE_CURVE('',#2219,#2218,#991,.T.);
#2783=EDGE_CURVE('',#2026,#2219,#992,.T.);
#2784=EDGE_CURVE('',#2220,#2219,#1820,.T.);
#2785=EDGE_CURVE('',#2027,#2220,#993,.T.);
#2786=EDGE_CURVE('',#2221,#2220,#994,.T.);
#2787=EDGE_CURVE('',#2028,#2221,#995,.T.);
#2788=EDGE_CURVE('',#2222,#2221,#1821,.T.);
#2789=EDGE_CURVE('',#2029,#2222,#996,.T.);
#2790=EDGE_CURVE('',#2223,#2222,#997,.T.);
#2791=EDGE_CURVE('',#2023,#2223,#998,.T.);
#2792=EDGE_CURVE('',#2216,#2223,#1822,.T.);
#2793=EDGE_CURVE('',#2224,#2224,#1823,.T.);
#2794=EDGE_CURVE('',#2224,#2021,#999,.T.);
#2795=EDGE_CURVE('',#2013,#2225,#1000,.T.);
#2796=EDGE_CURVE('',#2226,#2225,#1001,.T.);
#2797=EDGE_CURVE('',#2015,#2226,#1002,.T.);
#2798=EDGE_CURVE('',#2227,#2226,#1824,.T.);
#2799=EDGE_CURVE('',#2016,#2227,#1003,.T.);
#2800=EDGE_CURVE('',#2228,#2227,#1004,.T.);
#2801=EDGE_CURVE('',#2017,#2228,#1005,.T.);
#2802=EDGE_CURVE('',#2229,#2228,#1825,.T.);
#2803=EDGE_CURVE('',#2018,#2229,#1006,.T.);
#2804=EDGE_CURVE('',#2230,#2229,#1007,.T.);
#2805=EDGE_CURVE('',#2019,#2230,#1008,.T.);
#2806=EDGE_CURVE('',#2231,#2230,#1826,.T.);
#2807=EDGE_CURVE('',#2020,#2231,#1009,.T.);
#2808=EDGE_CURVE('',#2232,#2231,#1010,.T.);
#2809=EDGE_CURVE('',#2014,#2232,#1011,.T.);
#2810=EDGE_CURVE('',#2225,#2232,#1827,.T.);
#2811=EDGE_CURVE('',#2005,#2233,#1012,.T.);
#2812=EDGE_CURVE('',#2234,#2233,#1013,.T.);
#2813=EDGE_CURVE('',#2007,#2234,#1014,.T.);
#2814=EDGE_CURVE('',#2235,#2234,#1828,.T.);
#2815=EDGE_CURVE('',#2008,#2235,#1015,.T.);
#2816=EDGE_CURVE('',#2236,#2235,#1016,.T.);
#2817=EDGE_CURVE('',#2009,#2236,#1017,.T.);
#2818=EDGE_CURVE('',#2237,#2236,#1829,.T.);
#2819=EDGE_CURVE('',#2010,#2237,#1018,.T.);
#2820=EDGE_CURVE('',#2238,#2237,#1019,.T.);
#2821=EDGE_CURVE('',#2011,#2238,#1020,.T.);
#2822=EDGE_CURVE('',#2239,#2238,#1830,.T.);
#2823=EDGE_CURVE('',#2012,#2239,#1021,.T.);
#2824=EDGE_CURVE('',#2240,#2239,#1022,.T.);
#2825=EDGE_CURVE('',#2006,#2240,#1023,.T.);
#2826=EDGE_CURVE('',#2233,#2240,#1831,.T.);
#2827=EDGE_CURVE('',#1997,#2241,#1024,.T.);
#2828=EDGE_CURVE('',#2242,#2241,#1832,.T.);
#2829=EDGE_CURVE('',#1999,#2242,#1025,.T.);
#2830=EDGE_CURVE('',#2243,#2242,#1026,.T.);
#2831=EDGE_CURVE('',#2000,#2243,#1027,.T.);
#2832=EDGE_CURVE('',#2244,#2243,#1833,.T.);
#2833=EDGE_CURVE('',#2001,#2244,#1028,.T.);
#2834=EDGE_CURVE('',#2245,#2244,#1029,.T.);
#2835=EDGE_CURVE('',#2002,#2245,#1030,.T.);
#2836=EDGE_CURVE('',#2246,#2245,#1834,.T.);
#2837=EDGE_CURVE('',#2003,#2246,#1031,.T.);
#2838=EDGE_CURVE('',#2247,#2246,#1032,.T.);
#2839=EDGE_CURVE('',#2004,#2247,#1033,.T.);
#2840=EDGE_CURVE('',#2248,#2247,#1835,.T.);
#2841=EDGE_CURVE('',#1998,#2248,#1034,.T.);
#2842=EDGE_CURVE('',#2241,#2248,#1035,.T.);
#2843=EDGE_CURVE('',#1989,#2249,#1036,.T.);
#2844=EDGE_CURVE('',#2250,#2249,#1037,.T.);
#2845=EDGE_CURVE('',#1991,#2250,#1038,.T.);
#2846=EDGE_CURVE('',#2251,#2250,#1836,.T.);
#2847=EDGE_CURVE('',#1992,#2251,#1039,.T.);
#2848=EDGE_CURVE('',#2252,#2251,#1040,.T.);
#2849=EDGE_CURVE('',#1993,#2252,#1041,.T.);
#2850=EDGE_CURVE('',#2253,#2252,#1837,.T.);
#2851=EDGE_CURVE('',#1994,#2253,#1042,.T.);
#2852=EDGE_CURVE('',#2254,#2253,#1043,.T.);
#2853=EDGE_CURVE('',#1995,#2254,#1044,.T.);
#2854=EDGE_CURVE('',#2255,#2254,#1838,.T.);
#2855=EDGE_CURVE('',#1996,#2255,#1045,.T.);
#2856=EDGE_CURVE('',#2256,#2255,#1046,.T.);
#2857=EDGE_CURVE('',#1990,#2256,#1047,.T.);
#2858=EDGE_CURVE('',#2249,#2256,#1839,.T.);
#2859=EDGE_CURVE('',#1981,#2257,#1048,.T.);
#2860=EDGE_CURVE('',#2258,#2257,#1049,.T.);
#2861=EDGE_CURVE('',#1983,#2258,#1050,.T.);
#2862=EDGE_CURVE('',#2259,#2258,#1840,.T.);
#2863=EDGE_CURVE('',#1984,#2259,#1051,.T.);
#2864=EDGE_CURVE('',#2260,#2259,#1052,.T.);
#2865=EDGE_CURVE('',#1985,#2260,#1053,.T.);
#2866=EDGE_CURVE('',#2261,#2260,#1841,.T.);
#2867=EDGE_CURVE('',#1986,#2261,#1054,.T.);
#2868=EDGE_CURVE('',#2262,#2261,#1055,.T.);
#2869=EDGE_CURVE('',#1987,#2262,#1056,.T.);
#2870=EDGE_CURVE('',#2263,#2262,#1842,.T.);
#2871=EDGE_CURVE('',#1988,#2263,#1057,.T.);
#2872=EDGE_CURVE('',#2264,#2263,#1058,.T.);
#2873=EDGE_CURVE('',#1982,#2264,#1059,.T.);
#2874=EDGE_CURVE('',#2257,#2264,#1843,.T.);
#2875=EDGE_CURVE('',#1973,#2265,#1060,.T.);
#2876=EDGE_CURVE('',#2266,#2265,#1061,.T.);
#2877=EDGE_CURVE('',#1975,#2266,#1062,.T.);
#2878=EDGE_CURVE('',#2267,#2266,#1844,.T.);
#2879=EDGE_CURVE('',#1976,#2267,#1063,.T.);
#2880=EDGE_CURVE('',#2268,#2267,#1064,.T.);
#2881=EDGE_CURVE('',#1977,#2268,#1065,.T.);
#2882=EDGE_CURVE('',#2269,#2268,#1845,.T.);
#2883=EDGE_CURVE('',#1978,#2269,#1066,.T.);
#2884=EDGE_CURVE('',#2270,#2269,#1067,.T.);
#2885=EDGE_CURVE('',#1979,#2270,#1068,.T.);
#2886=EDGE_CURVE('',#2271,#2270,#1846,.T.);
#2887=EDGE_CURVE('',#1980,#2271,#1069,.T.);
#2888=EDGE_CURVE('',#2272,#2271,#1070,.T.);
#2889=EDGE_CURVE('',#1974,#2272,#1071,.T.);
#2890=EDGE_CURVE('',#2265,#2272,#1847,.T.);
#2891=EDGE_CURVE('',#1965,#2273,#1072,.T.);
#2892=EDGE_CURVE('',#2274,#2273,#1073,.T.);
#2893=EDGE_CURVE('',#1967,#2274,#1074,.T.);
#2894=EDGE_CURVE('',#2275,#2274,#1848,.T.);
#2895=EDGE_CURVE('',#1968,#2275,#1075,.T.);
#2896=EDGE_CURVE('',#2276,#2275,#1076,.T.);
#2897=EDGE_CURVE('',#1969,#2276,#1077,.T.);
#2898=EDGE_CURVE('',#2277,#2276,#1849,.T.);
#2899=EDGE_CURVE('',#1970,#2277,#1078,.T.);
#2900=EDGE_CURVE('',#2278,#2277,#1079,.T.);
#2901=EDGE_CURVE('',#1971,#2278,#1080,.T.);
#2902=EDGE_CURVE('',#2279,#2278,#1850,.T.);
#2903=EDGE_CURVE('',#1972,#2279,#1081,.T.);
#2904=EDGE_CURVE('',#2280,#2279,#1082,.T.);
#2905=EDGE_CURVE('',#1966,#2280,#1083,.T.);
#2906=EDGE_CURVE('',#2273,#2280,#1851,.T.);
#2907=EDGE_CURVE('',#1957,#2281,#1084,.T.);
#2908=EDGE_CURVE('',#2282,#2281,#1085,.T.);
#2909=EDGE_CURVE('',#1959,#2282,#1086,.T.);
#2910=EDGE_CURVE('',#2283,#2282,#1852,.T.);
#2911=EDGE_CURVE('',#1960,#2283,#1087,.T.);
#2912=EDGE_CURVE('',#2284,#2283,#1088,.T.);
#2913=EDGE_CURVE('',#1961,#2284,#1089,.T.);
#2914=EDGE_CURVE('',#2285,#2284,#1853,.T.);
#2915=EDGE_CURVE('',#1962,#2285,#1090,.T.);
#2916=EDGE_CURVE('',#2286,#2285,#1091,.T.);
#2917=EDGE_CURVE('',#1963,#2286,#1092,.T.);
#2918=EDGE_CURVE('',#2287,#2286,#1854,.T.);
#2919=EDGE_CURVE('',#1964,#2287,#1093,.T.);
#2920=EDGE_CURVE('',#2288,#2287,#1094,.T.);
#2921=EDGE_CURVE('',#1958,#2288,#1095,.T.);
#2922=EDGE_CURVE('',#2281,#2288,#1855,.T.);
#2923=EDGE_CURVE('',#1949,#2289,#1096,.T.);
#2924=EDGE_CURVE('',#2290,#2289,#1856,.T.);
#2925=EDGE_CURVE('',#1951,#2290,#1097,.T.);
#2926=EDGE_CURVE('',#2291,#2290,#1098,.T.);
#2927=EDGE_CURVE('',#1952,#2291,#1099,.T.);
#2928=EDGE_CURVE('',#2292,#2291,#1857,.T.);
#2929=EDGE_CURVE('',#1953,#2292,#1100,.T.);
#2930=EDGE_CURVE('',#2293,#2292,#1101,.T.);
#2931=EDGE_CURVE('',#1954,#2293,#1102,.T.);
#2932=EDGE_CURVE('',#2294,#2293,#1858,.T.);
#2933=EDGE_CURVE('',#1955,#2294,#1103,.T.);
#2934=EDGE_CURVE('',#2295,#2294,#1104,.T.);
#2935=EDGE_CURVE('',#1956,#2295,#1105,.T.);
#2936=EDGE_CURVE('',#2296,#2295,#1859,.T.);
#2937=EDGE_CURVE('',#1950,#2296,#1106,.T.);
#2938=EDGE_CURVE('',#2289,#2296,#1107,.T.);
#2939=EDGE_CURVE('',#1941,#2297,#1108,.T.);
#2940=EDGE_CURVE('',#2298,#2297,#1109,.T.);
#2941=EDGE_CURVE('',#1943,#2298,#1110,.T.);
#2942=EDGE_CURVE('',#2299,#2298,#1860,.T.);
#2943=EDGE_CURVE('',#1944,#2299,#1111,.T.);
#2944=EDGE_CURVE('',#2300,#2299,#1112,.T.);
#2945=EDGE_CURVE('',#1945,#2300,#1113,.T.);
#2946=EDGE_CURVE('',#2301,#2300,#1861,.T.);
#2947=EDGE_CURVE('',#1946,#2301,#1114,.T.);
#2948=EDGE_CURVE('',#2302,#2301,#1115,.T.);
#2949=EDGE_CURVE('',#1947,#2302,#1116,.T.);
#2950=EDGE_CURVE('',#2303,#2302,#1862,.T.);
#2951=EDGE_CURVE('',#1948,#2303,#1117,.T.);
#2952=EDGE_CURVE('',#2304,#2303,#1118,.T.);
#2953=EDGE_CURVE('',#1942,#2304,#1119,.T.);
#2954=EDGE_CURVE('',#2297,#2304,#1863,.T.);
#2955=EDGE_CURVE('',#1933,#2305,#1120,.T.);
#2956=EDGE_CURVE('',#2306,#2305,#1121,.T.);
#2957=EDGE_CURVE('',#1935,#2306,#1122,.T.);
#2958=EDGE_CURVE('',#2307,#2306,#1864,.T.);
#2959=EDGE_CURVE('',#1936,#2307,#1123,.T.);
#2960=EDGE_CURVE('',#2308,#2307,#1124,.T.);
#2961=EDGE_CURVE('',#1937,#2308,#1125,.T.);
#2962=EDGE_CURVE('',#2309,#2308,#1865,.T.);
#2963=EDGE_CURVE('',#1938,#2309,#1126,.T.);
#2964=EDGE_CURVE('',#2310,#2309,#1127,.T.);
#2965=EDGE_CURVE('',#1939,#2310,#1128,.T.);
#2966=EDGE_CURVE('',#2311,#2310,#1866,.T.);
#2967=EDGE_CURVE('',#1940,#2311,#1129,.T.);
#2968=EDGE_CURVE('',#2312,#2311,#1130,.T.);
#2969=EDGE_CURVE('',#1934,#2312,#1131,.T.);
#2970=EDGE_CURVE('',#2305,#2312,#1867,.T.);
#2971=EDGE_CURVE('',#2313,#2313,#1868,.T.);
#2972=EDGE_CURVE('',#2313,#1932,#1132,.T.);
#2973=EDGE_CURVE('',#1924,#2314,#1133,.T.);
#2974=EDGE_CURVE('',#2315,#2314,#1134,.T.);
#2975=EDGE_CURVE('',#1926,#2315,#1135,.T.);
#2976=EDGE_CURVE('',#2316,#2315,#1869,.T.);
#2977=EDGE_CURVE('',#1927,#2316,#1136,.T.);
#2978=EDGE_CURVE('',#2317,#2316,#1137,.T.);
#2979=EDGE_CURVE('',#1928,#2317,#1138,.T.);
#2980=EDGE_CURVE('',#2318,#2317,#1870,.T.);
#2981=EDGE_CURVE('',#1929,#2318,#1139,.T.);
#2982=EDGE_CURVE('',#2319,#2318,#1140,.T.);
#2983=EDGE_CURVE('',#1930,#2319,#1141,.T.);
#2984=EDGE_CURVE('',#2320,#2319,#1871,.T.);
#2985=EDGE_CURVE('',#1931,#2320,#1142,.T.);
#2986=EDGE_CURVE('',#2321,#2320,#1143,.T.);
#2987=EDGE_CURVE('',#1925,#2321,#1144,.T.);
#2988=EDGE_CURVE('',#2314,#2321,#1872,.T.);
#2989=EDGE_CURVE('',#1916,#2322,#1145,.T.);
#2990=EDGE_CURVE('',#2323,#2322,#1146,.T.);
#2991=EDGE_CURVE('',#1918,#2323,#1147,.T.);
#2992=EDGE_CURVE('',#2324,#2323,#1873,.T.);
#2993=EDGE_CURVE('',#1919,#2324,#1148,.T.);
#2994=EDGE_CURVE('',#2325,#2324,#1149,.T.);
#2995=EDGE_CURVE('',#1920,#2325,#1150,.T.);
#2996=EDGE_CURVE('',#2326,#2325,#1874,.T.);
#2997=EDGE_CURVE('',#1921,#2326,#1151,.T.);
#2998=EDGE_CURVE('',#2327,#2326,#1152,.T.);
#2999=EDGE_CURVE('',#1922,#2327,#1153,.T.);
#3000=EDGE_CURVE('',#2328,#2327,#1875,.T.);
#3001=EDGE_CURVE('',#1923,#2328,#1154,.T.);
#3002=EDGE_CURVE('',#2329,#2328,#1155,.T.);
#3003=EDGE_CURVE('',#1917,#2329,#1156,.T.);
#3004=EDGE_CURVE('',#2322,#2329,#1876,.T.);
#3005=EDGE_CURVE('',#1908,#2330,#1157,.T.);
#3006=EDGE_CURVE('',#2331,#2330,#1158,.T.);
#3007=EDGE_CURVE('',#1910,#2331,#1159,.T.);
#3008=EDGE_CURVE('',#2332,#2331,#1877,.T.);
#3009=EDGE_CURVE('',#1911,#2332,#1160,.T.);
#3010=EDGE_CURVE('',#2333,#2332,#1161,.T.);
#3011=EDGE_CURVE('',#1912,#2333,#1162,.T.);
#3012=EDGE_CURVE('',#2334,#2333,#1878,.T.);
#3013=EDGE_CURVE('',#1913,#2334,#1163,.T.);
#3014=EDGE_CURVE('',#2335,#2334,#1164,.T.);
#3015=EDGE_CURVE('',#1914,#2335,#1165,.T.);
#3016=EDGE_CURVE('',#2336,#2335,#1879,.T.);
#3017=EDGE_CURVE('',#1915,#2336,#1166,.T.);
#3018=EDGE_CURVE('',#2337,#2336,#1167,.T.);
#3019=EDGE_CURVE('',#1909,#2337,#1168,.T.);
#3020=EDGE_CURVE('',#2330,#2337,#1880,.T.);
#3021=EDGE_CURVE('',#1900,#2338,#1169,.T.);
#3022=EDGE_CURVE('',#2339,#2338,#1170,.T.);
#3023=EDGE_CURVE('',#1902,#2339,#1171,.T.);
#3024=EDGE_CURVE('',#2340,#2339,#1881,.T.);
#3025=EDGE_CURVE('',#1903,#2340,#1172,.T.);
#3026=EDGE_CURVE('',#2341,#2340,#1173,.T.);
#3027=EDGE_CURVE('',#1904,#2341,#1174,.T.);
#3028=EDGE_CURVE('',#2342,#2341,#1882,.T.);
#3029=EDGE_CURVE('',#1905,#2342,#1175,.T.);
#3030=EDGE_CURVE('',#2343,#2342,#1176,.T.);
#3031=EDGE_CURVE('',#1906,#2343,#1177,.T.);
#3032=EDGE_CURVE('',#2344,#2343,#1883,.T.);
#3033=EDGE_CURVE('',#1907,#2344,#1178,.T.);
#3034=EDGE_CURVE('',#2345,#2344,#1179,.T.);
#3035=EDGE_CURVE('',#1901,#2345,#1180,.T.);
#3036=EDGE_CURVE('',#2338,#2345,#1884,.T.);
#3037=EDGE_CURVE('',#2125,#2121,#1181,.T.);
#3038=EDGE_CURVE('',#2346,#1886,#1182,.T.);
#3039=EDGE_CURVE('',#1891,#2346,#1183,.T.);
#3040=EDGE_CURVE('',#2347,#2346,#1184,.T.);
#3041=EDGE_CURVE('',#1892,#2347,#1185,.T.);
#3042=EDGE_CURVE('',#2348,#2347,#1186,.T.);
#3043=EDGE_CURVE('',#1893,#2348,#1187,.T.);
#3044=EDGE_CURVE('',#2122,#2348,#1188,.T.);
#3045=ORIENTED_EDGE('',*,*,#2349,.T.);
#3046=ORIENTED_EDGE('',*,*,#2350,.T.);
#3047=ORIENTED_EDGE('',*,*,#2351,.T.);
#3048=ORIENTED_EDGE('',*,*,#2352,.T.);
#3049=ORIENTED_EDGE('',*,*,#2352,.F.);
#3050=ORIENTED_EDGE('',*,*,#2353,.F.);
#3051=ORIENTED_EDGE('',*,*,#2354,.F.);
#3052=ORIENTED_EDGE('',*,*,#2355,.F.);
#3053=ORIENTED_EDGE('',*,*,#2351,.F.);
#3054=ORIENTED_EDGE('',*,*,#2356,.T.);
#3055=ORIENTED_EDGE('',*,*,#2357,.F.);
#3056=ORIENTED_EDGE('',*,*,#2358,.F.);
#3057=ORIENTED_EDGE('',*,*,#2359,.F.);
#3058=ORIENTED_EDGE('',*,*,#2360,.T.);
#3059=ORIENTED_EDGE('',*,*,#2361,.F.);
#3060=ORIENTED_EDGE('',*,*,#2362,.T.);
#3061=ORIENTED_EDGE('',*,*,#2363,.F.);
#3062=ORIENTED_EDGE('',*,*,#2364,.T.);
#3063=ORIENTED_EDGE('',*,*,#2365,.F.);
#3064=ORIENTED_EDGE('',*,*,#2353,.T.);
#3065=ORIENTED_EDGE('',*,*,#2366,.F.);
#3066=ORIENTED_EDGE('',*,*,#2367,.F.);
#3067=ORIENTED_EDGE('',*,*,#2368,.F.);
#3068=ORIENTED_EDGE('',*,*,#2369,.F.);
#3069=ORIENTED_EDGE('',*,*,#2370,.F.);
#3070=ORIENTED_EDGE('',*,*,#2371,.F.);
#3071=ORIENTED_EDGE('',*,*,#2372,.F.);
#3072=ORIENTED_EDGE('',*,*,#2373,.F.);
#3073=ORIENTED_EDGE('',*,*,#2374,.F.);
#3074=ORIENTED_EDGE('',*,*,#2375,.F.);
#3075=ORIENTED_EDGE('',*,*,#2376,.F.);
#3076=ORIENTED_EDGE('',*,*,#2377,.F.);
#3077=ORIENTED_EDGE('',*,*,#2378,.F.);
#3078=ORIENTED_EDGE('',*,*,#2379,.F.);
#3079=ORIENTED_EDGE('',*,*,#2380,.F.);
#3080=ORIENTED_EDGE('',*,*,#2381,.F.);
#3081=ORIENTED_EDGE('',*,*,#2382,.F.);
#3082=ORIENTED_EDGE('',*,*,#2383,.F.);
#3083=ORIENTED_EDGE('',*,*,#2384,.F.);
#3084=ORIENTED_EDGE('',*,*,#2385,.F.);
#3085=ORIENTED_EDGE('',*,*,#2386,.F.);
#3086=ORIENTED_EDGE('',*,*,#2387,.F.);
#3087=ORIENTED_EDGE('',*,*,#2388,.F.);
#3088=ORIENTED_EDGE('',*,*,#2389,.F.);
#3089=ORIENTED_EDGE('',*,*,#2390,.F.);
#3090=ORIENTED_EDGE('',*,*,#2391,.F.);
#3091=ORIENTED_EDGE('',*,*,#2392,.F.);
#3092=ORIENTED_EDGE('',*,*,#2393,.F.);
#3093=ORIENTED_EDGE('',*,*,#2394,.F.);
#3094=ORIENTED_EDGE('',*,*,#2395,.F.);
#3095=ORIENTED_EDGE('',*,*,#2396,.F.);
#3096=ORIENTED_EDGE('',*,*,#2397,.F.);
#3097=ORIENTED_EDGE('',*,*,#2398,.F.);
#3098=ORIENTED_EDGE('',*,*,#2399,.F.);
#3099=ORIENTED_EDGE('',*,*,#2400,.F.);
#3100=ORIENTED_EDGE('',*,*,#2401,.F.);
#3101=ORIENTED_EDGE('',*,*,#2402,.F.);
#3102=ORIENTED_EDGE('',*,*,#2403,.F.);
#3103=ORIENTED_EDGE('',*,*,#2404,.F.);
#3104=ORIENTED_EDGE('',*,*,#2405,.F.);
#3105=ORIENTED_EDGE('',*,*,#2406,.F.);
#3106=ORIENTED_EDGE('',*,*,#2407,.F.);
#3107=ORIENTED_EDGE('',*,*,#2408,.F.);
#3108=ORIENTED_EDGE('',*,*,#2409,.F.);
#3109=ORIENTED_EDGE('',*,*,#2410,.F.);
#3110=ORIENTED_EDGE('',*,*,#2411,.F.);
#3111=ORIENTED_EDGE('',*,*,#2412,.F.);
#3112=ORIENTED_EDGE('',*,*,#2413,.F.);
#3113=ORIENTED_EDGE('',*,*,#2414,.F.);
#3114=ORIENTED_EDGE('',*,*,#2415,.F.);
#3115=ORIENTED_EDGE('',*,*,#2416,.F.);
#3116=ORIENTED_EDGE('',*,*,#2417,.F.);
#3117=ORIENTED_EDGE('',*,*,#2418,.F.);
#3118=ORIENTED_EDGE('',*,*,#2419,.F.);
#3119=ORIENTED_EDGE('',*,*,#2420,.F.);
#3120=ORIENTED_EDGE('',*,*,#2421,.F.);
#3121=ORIENTED_EDGE('',*,*,#2422,.F.);
#3122=ORIENTED_EDGE('',*,*,#2423,.F.);
#3123=ORIENTED_EDGE('',*,*,#2424,.F.);
#3124=ORIENTED_EDGE('',*,*,#2425,.F.);
#3125=ORIENTED_EDGE('',*,*,#2426,.F.);
#3126=ORIENTED_EDGE('',*,*,#2427,.F.);
#3127=ORIENTED_EDGE('',*,*,#2428,.F.);
#3128=ORIENTED_EDGE('',*,*,#2429,.F.);
#3129=ORIENTED_EDGE('',*,*,#2430,.F.);
#3130=ORIENTED_EDGE('',*,*,#2431,.F.);
#3131=ORIENTED_EDGE('',*,*,#2432,.F.);
#3132=ORIENTED_EDGE('',*,*,#2433,.F.);
#3133=ORIENTED_EDGE('',*,*,#2434,.F.);
#3134=ORIENTED_EDGE('',*,*,#2435,.F.);
#3135=ORIENTED_EDGE('',*,*,#2436,.F.);
#3136=ORIENTED_EDGE('',*,*,#2437,.F.);
#3137=ORIENTED_EDGE('',*,*,#2438,.F.);
#3138=ORIENTED_EDGE('',*,*,#2439,.F.);
#3139=ORIENTED_EDGE('',*,*,#2440,.F.);
#3140=ORIENTED_EDGE('',*,*,#2441,.F.);
#3141=ORIENTED_EDGE('',*,*,#2442,.F.);
#3142=ORIENTED_EDGE('',*,*,#2443,.F.);
#3143=ORIENTED_EDGE('',*,*,#2444,.F.);
#3144=ORIENTED_EDGE('',*,*,#2445,.F.);
#3145=ORIENTED_EDGE('',*,*,#2446,.F.);
#3146=ORIENTED_EDGE('',*,*,#2447,.F.);
#3147=ORIENTED_EDGE('',*,*,#2448,.F.);
#3148=ORIENTED_EDGE('',*,*,#2449,.F.);
#3149=ORIENTED_EDGE('',*,*,#2450,.F.);
#3150=ORIENTED_EDGE('',*,*,#2451,.F.);
#3151=ORIENTED_EDGE('',*,*,#2452,.F.);
#3152=ORIENTED_EDGE('',*,*,#2453,.F.);
#3153=ORIENTED_EDGE('',*,*,#2454,.F.);
#3154=ORIENTED_EDGE('',*,*,#2455,.F.);
#3155=ORIENTED_EDGE('',*,*,#2456,.F.);
#3156=ORIENTED_EDGE('',*,*,#2457,.F.);
#3157=ORIENTED_EDGE('',*,*,#2458,.F.);
#3158=ORIENTED_EDGE('',*,*,#2459,.F.);
#3159=ORIENTED_EDGE('',*,*,#2460,.F.);
#3160=ORIENTED_EDGE('',*,*,#2461,.F.);
#3161=ORIENTED_EDGE('',*,*,#2462,.F.);
#3162=ORIENTED_EDGE('',*,*,#2463,.F.);
#3163=ORIENTED_EDGE('',*,*,#2464,.F.);
#3164=ORIENTED_EDGE('',*,*,#2465,.F.);
#3165=ORIENTED_EDGE('',*,*,#2466,.F.);
#3166=ORIENTED_EDGE('',*,*,#2467,.F.);
#3167=ORIENTED_EDGE('',*,*,#2468,.F.);
#3168=ORIENTED_EDGE('',*,*,#2469,.F.);
#3169=ORIENTED_EDGE('',*,*,#2470,.F.);
#3170=ORIENTED_EDGE('',*,*,#2471,.F.);
#3171=ORIENTED_EDGE('',*,*,#2472,.F.);
#3172=ORIENTED_EDGE('',*,*,#2473,.F.);
#3173=ORIENTED_EDGE('',*,*,#2474,.F.);
#3174=ORIENTED_EDGE('',*,*,#2475,.F.);
#3175=ORIENTED_EDGE('',*,*,#2476,.F.);
#3176=ORIENTED_EDGE('',*,*,#2477,.F.);
#3177=ORIENTED_EDGE('',*,*,#2478,.F.);
#3178=ORIENTED_EDGE('',*,*,#2479,.F.);
#3179=ORIENTED_EDGE('',*,*,#2480,.F.);
#3180=ORIENTED_EDGE('',*,*,#2481,.F.);
#3181=ORIENTED_EDGE('',*,*,#2482,.F.);
#3182=ORIENTED_EDGE('',*,*,#2483,.F.);
#3183=ORIENTED_EDGE('',*,*,#2484,.F.);
#3184=ORIENTED_EDGE('',*,*,#2485,.F.);
#3185=ORIENTED_EDGE('',*,*,#2486,.F.);
#3186=ORIENTED_EDGE('',*,*,#2487,.F.);
#3187=ORIENTED_EDGE('',*,*,#2488,.F.);
#3188=ORIENTED_EDGE('',*,*,#2489,.F.);
#3189=ORIENTED_EDGE('',*,*,#2490,.F.);
#3190=ORIENTED_EDGE('',*,*,#2491,.F.);
#3191=ORIENTED_EDGE('',*,*,#2492,.F.);
#3192=ORIENTED_EDGE('',*,*,#2493,.F.);
#3193=ORIENTED_EDGE('',*,*,#2494,.F.);
#3194=ORIENTED_EDGE('',*,*,#2495,.F.);
#3195=ORIENTED_EDGE('',*,*,#2496,.F.);
#3196=ORIENTED_EDGE('',*,*,#2497,.F.);
#3197=ORIENTED_EDGE('',*,*,#2498,.F.);
#3198=ORIENTED_EDGE('',*,*,#2499,.F.);
#3199=ORIENTED_EDGE('',*,*,#2500,.F.);
#3200=ORIENTED_EDGE('',*,*,#2501,.F.);
#3201=ORIENTED_EDGE('',*,*,#2502,.F.);
#3202=ORIENTED_EDGE('',*,*,#2503,.F.);
#3203=ORIENTED_EDGE('',*,*,#2504,.F.);
#3204=ORIENTED_EDGE('',*,*,#2505,.F.);
#3205=ORIENTED_EDGE('',*,*,#2506,.F.);
#3206=ORIENTED_EDGE('',*,*,#2507,.F.);
#3207=ORIENTED_EDGE('',*,*,#2508,.F.);
#3208=ORIENTED_EDGE('',*,*,#2509,.F.);
#3209=ORIENTED_EDGE('',*,*,#2510,.F.);
#3210=ORIENTED_EDGE('',*,*,#2511,.F.);
#3211=ORIENTED_EDGE('',*,*,#2512,.F.);
#3212=ORIENTED_EDGE('',*,*,#2513,.F.);
#3213=ORIENTED_EDGE('',*,*,#2514,.F.);
#3214=ORIENTED_EDGE('',*,*,#2515,.F.);
#3215=ORIENTED_EDGE('',*,*,#2516,.F.);
#3216=ORIENTED_EDGE('',*,*,#2517,.F.);
#3217=ORIENTED_EDGE('',*,*,#2518,.F.);
#3218=ORIENTED_EDGE('',*,*,#2519,.F.);
#3219=ORIENTED_EDGE('',*,*,#2520,.F.);
#3220=ORIENTED_EDGE('',*,*,#2521,.F.);
#3221=ORIENTED_EDGE('',*,*,#2522,.F.);
#3222=ORIENTED_EDGE('',*,*,#2523,.F.);
#3223=ORIENTED_EDGE('',*,*,#2524,.F.);
#3224=ORIENTED_EDGE('',*,*,#2525,.F.);
#3225=ORIENTED_EDGE('',*,*,#2526,.F.);
#3226=ORIENTED_EDGE('',*,*,#2527,.F.);
#3227=ORIENTED_EDGE('',*,*,#2528,.F.);
#3228=ORIENTED_EDGE('',*,*,#2529,.F.);
#3229=ORIENTED_EDGE('',*,*,#2530,.F.);
#3230=ORIENTED_EDGE('',*,*,#2531,.F.);
#3231=ORIENTED_EDGE('',*,*,#2532,.F.);
#3232=ORIENTED_EDGE('',*,*,#2533,.F.);
#3233=ORIENTED_EDGE('',*,*,#2534,.F.);
#3234=ORIENTED_EDGE('',*,*,#2535,.F.);
#3235=ORIENTED_EDGE('',*,*,#2536,.F.);
#3236=ORIENTED_EDGE('',*,*,#2537,.F.);
#3237=ORIENTED_EDGE('',*,*,#2538,.F.);
#3238=ORIENTED_EDGE('',*,*,#2539,.F.);
#3239=ORIENTED_EDGE('',*,*,#2540,.F.);
#3240=ORIENTED_EDGE('',*,*,#2541,.F.);
#3241=ORIENTED_EDGE('',*,*,#2542,.F.);
#3242=ORIENTED_EDGE('',*,*,#2543,.F.);
#3243=ORIENTED_EDGE('',*,*,#2544,.F.);
#3244=ORIENTED_EDGE('',*,*,#2545,.F.);
#3245=ORIENTED_EDGE('',*,*,#2546,.F.);
#3246=ORIENTED_EDGE('',*,*,#2547,.F.);
#3247=ORIENTED_EDGE('',*,*,#2548,.F.);
#3248=ORIENTED_EDGE('',*,*,#2549,.F.);
#3249=ORIENTED_EDGE('',*,*,#2550,.F.);
#3250=ORIENTED_EDGE('',*,*,#2551,.F.);
#3251=ORIENTED_EDGE('',*,*,#2552,.F.);
#3252=ORIENTED_EDGE('',*,*,#2553,.F.);
#3253=ORIENTED_EDGE('',*,*,#2554,.F.);
#3254=ORIENTED_EDGE('',*,*,#2555,.F.);
#3255=ORIENTED_EDGE('',*,*,#2556,.F.);
#3256=ORIENTED_EDGE('',*,*,#2557,.F.);
#3257=ORIENTED_EDGE('',*,*,#2558,.F.);
#3258=ORIENTED_EDGE('',*,*,#2559,.F.);
#3259=ORIENTED_EDGE('',*,*,#2560,.F.);
#3260=ORIENTED_EDGE('',*,*,#2561,.F.);
#3261=ORIENTED_EDGE('',*,*,#2562,.F.);
#3262=ORIENTED_EDGE('',*,*,#2563,.F.);
#3263=ORIENTED_EDGE('',*,*,#2564,.F.);
#3264=ORIENTED_EDGE('',*,*,#2565,.F.);
#3265=ORIENTED_EDGE('',*,*,#2566,.F.);
#3266=ORIENTED_EDGE('',*,*,#2567,.F.);
#3267=ORIENTED_EDGE('',*,*,#2568,.F.);
#3268=ORIENTED_EDGE('',*,*,#2569,.F.);
#3269=ORIENTED_EDGE('',*,*,#2570,.F.);
#3270=ORIENTED_EDGE('',*,*,#2571,.F.);
#3271=ORIENTED_EDGE('',*,*,#2572,.F.);
#3272=ORIENTED_EDGE('',*,*,#2573,.F.);
#3273=ORIENTED_EDGE('',*,*,#2574,.F.);
#3274=ORIENTED_EDGE('',*,*,#2575,.F.);
#3275=ORIENTED_EDGE('',*,*,#2576,.F.);
#3276=ORIENTED_EDGE('',*,*,#2577,.F.);
#3277=ORIENTED_EDGE('',*,*,#2578,.F.);
#3278=ORIENTED_EDGE('',*,*,#2579,.F.);
#3279=ORIENTED_EDGE('',*,*,#2580,.F.);
#3280=ORIENTED_EDGE('',*,*,#2581,.F.);
#3281=ORIENTED_EDGE('',*,*,#2582,.F.);
#3282=ORIENTED_EDGE('',*,*,#2583,.F.);
#3283=ORIENTED_EDGE('',*,*,#2584,.F.);
#3284=ORIENTED_EDGE('',*,*,#2585,.F.);
#3285=ORIENTED_EDGE('',*,*,#2586,.T.);
#3286=ORIENTED_EDGE('',*,*,#2587,.T.);
#3287=ORIENTED_EDGE('',*,*,#2361,.T.);
#3288=ORIENTED_EDGE('',*,*,#2588,.T.);
#3289=ORIENTED_EDGE('',*,*,#2588,.F.);
#3290=ORIENTED_EDGE('',*,*,#2360,.F.);
#3291=ORIENTED_EDGE('',*,*,#2589,.T.);
#3292=ORIENTED_EDGE('',*,*,#2590,.F.);
#3293=ORIENTED_EDGE('',*,*,#2591,.T.);
#3294=ORIENTED_EDGE('',*,*,#2354,.T.);
#3295=ORIENTED_EDGE('',*,*,#2365,.T.);
#3296=ORIENTED_EDGE('',*,*,#2592,.T.);
#3297=ORIENTED_EDGE('',*,*,#2592,.F.);
#3298=ORIENTED_EDGE('',*,*,#2364,.F.);
#3299=ORIENTED_EDGE('',*,*,#2593,.F.);
#3300=ORIENTED_EDGE('',*,*,#2594,.F.);
#3301=ORIENTED_EDGE('',*,*,#2595,.T.);
#3302=ORIENTED_EDGE('',*,*,#2593,.T.);
#3303=ORIENTED_EDGE('',*,*,#2363,.T.);
#3304=ORIENTED_EDGE('',*,*,#2596,.T.);
#3305=ORIENTED_EDGE('',*,*,#2579,.T.);
#3306=ORIENTED_EDGE('',*,*,#2597,.T.);
#3307=ORIENTED_EDGE('',*,*,#2598,.F.);
#3308=ORIENTED_EDGE('',*,*,#2599,.F.);
#3309=ORIENTED_EDGE('',*,*,#2580,.T.);
#3310=ORIENTED_EDGE('',*,*,#2599,.T.);
#3311=ORIENTED_EDGE('',*,*,#2600,.F.);
#3312=ORIENTED_EDGE('',*,*,#2601,.F.);
#3313=ORIENTED_EDGE('',*,*,#2581,.T.);
#3314=ORIENTED_EDGE('',*,*,#2601,.T.);
#3315=ORIENTED_EDGE('',*,*,#2602,.F.);
#3316=ORIENTED_EDGE('',*,*,#2603,.F.);
#3317=ORIENTED_EDGE('',*,*,#2582,.T.);
#3318=ORIENTED_EDGE('',*,*,#2603,.T.);
#3319=ORIENTED_EDGE('',*,*,#2604,.F.);
#3320=ORIENTED_EDGE('',*,*,#2605,.F.);
#3321=ORIENTED_EDGE('',*,*,#2583,.T.);
#3322=ORIENTED_EDGE('',*,*,#2605,.T.);
#3323=ORIENTED_EDGE('',*,*,#2606,.F.);
#3324=ORIENTED_EDGE('',*,*,#2607,.F.);
#3325=ORIENTED_EDGE('',*,*,#2584,.T.);
#3326=ORIENTED_EDGE('',*,*,#2607,.T.);
#3327=ORIENTED_EDGE('',*,*,#2608,.F.);
#3328=ORIENTED_EDGE('',*,*,#2609,.F.);
#3329=ORIENTED_EDGE('',*,*,#2585,.T.);
#3330=ORIENTED_EDGE('',*,*,#2609,.T.);
#3331=ORIENTED_EDGE('',*,*,#2610,.F.);
#3332=ORIENTED_EDGE('',*,*,#2611,.F.);
#3333=ORIENTED_EDGE('',*,*,#2578,.T.);
#3334=ORIENTED_EDGE('',*,*,#2611,.T.);
#3335=ORIENTED_EDGE('',*,*,#2612,.F.);
#3336=ORIENTED_EDGE('',*,*,#2597,.F.);
#3337=ORIENTED_EDGE('',*,*,#2613,.F.);
#3338=ORIENTED_EDGE('',*,*,#2614,.T.);
#3339=ORIENTED_EDGE('',*,*,#2577,.T.);
#3340=ORIENTED_EDGE('',*,*,#2614,.F.);
#3341=ORIENTED_EDGE('',*,*,#2570,.T.);
#3342=ORIENTED_EDGE('',*,*,#2615,.T.);
#3343=ORIENTED_EDGE('',*,*,#2616,.F.);
#3344=ORIENTED_EDGE('',*,*,#2617,.F.);
#3345=ORIENTED_EDGE('',*,*,#2571,.T.);
#3346=ORIENTED_EDGE('',*,*,#2617,.T.);
#3347=ORIENTED_EDGE('',*,*,#2618,.F.);
#3348=ORIENTED_EDGE('',*,*,#2619,.F.);
#3349=ORIENTED_EDGE('',*,*,#2572,.T.);
#3350=ORIENTED_EDGE('',*,*,#2619,.T.);
#3351=ORIENTED_EDGE('',*,*,#2620,.F.);
#3352=ORIENTED_EDGE('',*,*,#2621,.F.);
#3353=ORIENTED_EDGE('',*,*,#2573,.T.);
#3354=ORIENTED_EDGE('',*,*,#2621,.T.);
#3355=ORIENTED_EDGE('',*,*,#2622,.F.);
#3356=ORIENTED_EDGE('',*,*,#2623,.F.);
#3357=ORIENTED_EDGE('',*,*,#2574,.T.);
#3358=ORIENTED_EDGE('',*,*,#2623,.T.);
#3359=ORIENTED_EDGE('',*,*,#2624,.F.);
#3360=ORIENTED_EDGE('',*,*,#2625,.F.);
#3361=ORIENTED_EDGE('',*,*,#2575,.T.);
#3362=ORIENTED_EDGE('',*,*,#2625,.T.);
#3363=ORIENTED_EDGE('',*,*,#2626,.F.);
#3364=ORIENTED_EDGE('',*,*,#2627,.F.);
#3365=ORIENTED_EDGE('',*,*,#2576,.T.);
#3366=ORIENTED_EDGE('',*,*,#2627,.T.);
#3367=ORIENTED_EDGE('',*,*,#2628,.F.);
#3368=ORIENTED_EDGE('',*,*,#2629,.F.);
#3369=ORIENTED_EDGE('',*,*,#2569,.T.);
#3370=ORIENTED_EDGE('',*,*,#2629,.T.);
#3371=ORIENTED_EDGE('',*,*,#2630,.F.);
#3372=ORIENTED_EDGE('',*,*,#2615,.F.);
#3373=ORIENTED_EDGE('',*,*,#2562,.T.);
#3374=ORIENTED_EDGE('',*,*,#2631,.T.);
#3375=ORIENTED_EDGE('',*,*,#2632,.F.);
#3376=ORIENTED_EDGE('',*,*,#2633,.F.);
#3377=ORIENTED_EDGE('',*,*,#2563,.T.);
#3378=ORIENTED_EDGE('',*,*,#2633,.T.);
#3379=ORIENTED_EDGE('',*,*,#2634,.F.);
#3380=ORIENTED_EDGE('',*,*,#2635,.F.);
#3381=ORIENTED_EDGE('',*,*,#2564,.T.);
#3382=ORIENTED_EDGE('',*,*,#2635,.T.);
#3383=ORIENTED_EDGE('',*,*,#2636,.F.);
#3384=ORIENTED_EDGE('',*,*,#2637,.F.);
#3385=ORIENTED_EDGE('',*,*,#2565,.T.);
#3386=ORIENTED_EDGE('',*,*,#2637,.T.);
#3387=ORIENTED_EDGE('',*,*,#2638,.F.);
#3388=ORIENTED_EDGE('',*,*,#2639,.F.);
#3389=ORIENTED_EDGE('',*,*,#2566,.T.);
#3390=ORIENTED_EDGE('',*,*,#2639,.T.);
#3391=ORIENTED_EDGE('',*,*,#2640,.F.);
#3392=ORIENTED_EDGE('',*,*,#2641,.F.);
#3393=ORIENTED_EDGE('',*,*,#2567,.T.);
#3394=ORIENTED_EDGE('',*,*,#2641,.T.);
#3395=ORIENTED_EDGE('',*,*,#2642,.F.);
#3396=ORIENTED_EDGE('',*,*,#2643,.F.);
#3397=ORIENTED_EDGE('',*,*,#2568,.T.);
#3398=ORIENTED_EDGE('',*,*,#2643,.T.);
#3399=ORIENTED_EDGE('',*,*,#2644,.F.);
#3400=ORIENTED_EDGE('',*,*,#2645,.F.);
#3401=ORIENTED_EDGE('',*,*,#2561,.T.);
#3402=ORIENTED_EDGE('',*,*,#2645,.T.);
#3403=ORIENTED_EDGE('',*,*,#2646,.F.);
#3404=ORIENTED_EDGE('',*,*,#2631,.F.);
#3405=ORIENTED_EDGE('',*,*,#2554,.T.);
#3406=ORIENTED_EDGE('',*,*,#2647,.T.);
#3407=ORIENTED_EDGE('',*,*,#2648,.F.);
#3408=ORIENTED_EDGE('',*,*,#2649,.F.);
#3409=ORIENTED_EDGE('',*,*,#2555,.T.);
#3410=ORIENTED_EDGE('',*,*,#2649,.T.);
#3411=ORIENTED_EDGE('',*,*,#2650,.F.);
#3412=ORIENTED_EDGE('',*,*,#2651,.F.);
#3413=ORIENTED_EDGE('',*,*,#2556,.T.);
#3414=ORIENTED_EDGE('',*,*,#2651,.T.);
#3415=ORIENTED_EDGE('',*,*,#2652,.F.);
#3416=ORIENTED_EDGE('',*,*,#2653,.F.);
#3417=ORIENTED_EDGE('',*,*,#2557,.T.);
#3418=ORIENTED_EDGE('',*,*,#2653,.T.);
#3419=ORIENTED_EDGE('',*,*,#2654,.F.);
#3420=ORIENTED_EDGE('',*,*,#2655,.F.);
#3421=ORIENTED_EDGE('',*,*,#2558,.T.);
#3422=ORIENTED_EDGE('',*,*,#2655,.T.);
#3423=ORIENTED_EDGE('',*,*,#2656,.F.);
#3424=ORIENTED_EDGE('',*,*,#2657,.F.);
#3425=ORIENTED_EDGE('',*,*,#2559,.T.);
#3426=ORIENTED_EDGE('',*,*,#2657,.T.);
#3427=ORIENTED_EDGE('',*,*,#2658,.F.);
#3428=ORIENTED_EDGE('',*,*,#2659,.F.);
#3429=ORIENTED_EDGE('',*,*,#2560,.T.);
#3430=ORIENTED_EDGE('',*,*,#2659,.T.);
#3431=ORIENTED_EDGE('',*,*,#2660,.F.);
#3432=ORIENTED_EDGE('',*,*,#2661,.F.);
#3433=ORIENTED_EDGE('',*,*,#2553,.T.);
#3434=ORIENTED_EDGE('',*,*,#2661,.T.);
#3435=ORIENTED_EDGE('',*,*,#2662,.F.);
#3436=ORIENTED_EDGE('',*,*,#2647,.F.);
#3437=ORIENTED_EDGE('',*,*,#2546,.T.);
#3438=ORIENTED_EDGE('',*,*,#2663,.T.);
#3439=ORIENTED_EDGE('',*,*,#2664,.F.);
#3440=ORIENTED_EDGE('',*,*,#2665,.F.);
#3441=ORIENTED_EDGE('',*,*,#2547,.T.);
#3442=ORIENTED_EDGE('',*,*,#2665,.T.);
#3443=ORIENTED_EDGE('',*,*,#2666,.F.);
#3444=ORIENTED_EDGE('',*,*,#2667,.F.);
#3445=ORIENTED_EDGE('',*,*,#2548,.T.);
#3446=ORIENTED_EDGE('',*,*,#2667,.T.);
#3447=ORIENTED_EDGE('',*,*,#2668,.F.);
#3448=ORIENTED_EDGE('',*,*,#2669,.F.);
#3449=ORIENTED_EDGE('',*,*,#2549,.T.);
#3450=ORIENTED_EDGE('',*,*,#2669,.T.);
#3451=ORIENTED_EDGE('',*,*,#2670,.F.);
#3452=ORIENTED_EDGE('',*,*,#2671,.F.);
#3453=ORIENTED_EDGE('',*,*,#2550,.T.);
#3454=ORIENTED_EDGE('',*,*,#2671,.T.);
#3455=ORIENTED_EDGE('',*,*,#2672,.F.);
#3456=ORIENTED_EDGE('',*,*,#2673,.F.);
#3457=ORIENTED_EDGE('',*,*,#2551,.T.);
#3458=ORIENTED_EDGE('',*,*,#2673,.T.);
#3459=ORIENTED_EDGE('',*,*,#2674,.F.);
#3460=ORIENTED_EDGE('',*,*,#2675,.F.);
#3461=ORIENTED_EDGE('',*,*,#2552,.T.);
#3462=ORIENTED_EDGE('',*,*,#2675,.T.);
#3463=ORIENTED_EDGE('',*,*,#2676,.F.);
#3464=ORIENTED_EDGE('',*,*,#2677,.F.);
#3465=ORIENTED_EDGE('',*,*,#2545,.T.);
#3466=ORIENTED_EDGE('',*,*,#2677,.T.);
#3467=ORIENTED_EDGE('',*,*,#2678,.F.);
#3468=ORIENTED_EDGE('',*,*,#2663,.F.);
#3469=ORIENTED_EDGE('',*,*,#2538,.T.);
#3470=ORIENTED_EDGE('',*,*,#2679,.T.);
#3471=ORIENTED_EDGE('',*,*,#2680,.F.);
#3472=ORIENTED_EDGE('',*,*,#2681,.F.);
#3473=ORIENTED_EDGE('',*,*,#2539,.T.);
#3474=ORIENTED_EDGE('',*,*,#2681,.T.);
#3475=ORIENTED_EDGE('',*,*,#2682,.F.);
#3476=ORIENTED_EDGE('',*,*,#2683,.F.);
#3477=ORIENTED_EDGE('',*,*,#2540,.T.);
#3478=ORIENTED_EDGE('',*,*,#2683,.T.);
#3479=ORIENTED_EDGE('',*,*,#2684,.F.);
#3480=ORIENTED_EDGE('',*,*,#2685,.F.);
#3481=ORIENTED_EDGE('',*,*,#2541,.T.);
#3482=ORIENTED_EDGE('',*,*,#2685,.T.);
#3483=ORIENTED_EDGE('',*,*,#2686,.F.);
#3484=ORIENTED_EDGE('',*,*,#2687,.F.);
#3485=ORIENTED_EDGE('',*,*,#2542,.T.);
#3486=ORIENTED_EDGE('',*,*,#2687,.T.);
#3487=ORIENTED_EDGE('',*,*,#2688,.F.);
#3488=ORIENTED_EDGE('',*,*,#2689,.F.);
#3489=ORIENTED_EDGE('',*,*,#2543,.T.);
#3490=ORIENTED_EDGE('',*,*,#2689,.T.);
#3491=ORIENTED_EDGE('',*,*,#2690,.F.);
#3492=ORIENTED_EDGE('',*,*,#2691,.F.);
#3493=ORIENTED_EDGE('',*,*,#2544,.T.);
#3494=ORIENTED_EDGE('',*,*,#2691,.T.);
#3495=ORIENTED_EDGE('',*,*,#2692,.F.);
#3496=ORIENTED_EDGE('',*,*,#2693,.F.);
#3497=ORIENTED_EDGE('',*,*,#2537,.T.);
#3498=ORIENTED_EDGE('',*,*,#2693,.T.);
#3499=ORIENTED_EDGE('',*,*,#2694,.F.);
#3500=ORIENTED_EDGE('',*,*,#2679,.F.);
#3501=ORIENTED_EDGE('',*,*,#2530,.T.);
#3502=ORIENTED_EDGE('',*,*,#2695,.T.);
#3503=ORIENTED_EDGE('',*,*,#2696,.F.);
#3504=ORIENTED_EDGE('',*,*,#2697,.F.);
#3505=ORIENTED_EDGE('',*,*,#2531,.T.);
#3506=ORIENTED_EDGE('',*,*,#2697,.T.);
#3507=ORIENTED_EDGE('',*,*,#2698,.F.);
#3508=ORIENTED_EDGE('',*,*,#2699,.F.);
#3509=ORIENTED_EDGE('',*,*,#2532,.T.);
#3510=ORIENTED_EDGE('',*,*,#2699,.T.);
#3511=ORIENTED_EDGE('',*,*,#2700,.F.);
#3512=ORIENTED_EDGE('',*,*,#2701,.F.);
#3513=ORIENTED_EDGE('',*,*,#2533,.T.);
#3514=ORIENTED_EDGE('',*,*,#2701,.T.);
#3515=ORIENTED_EDGE('',*,*,#2702,.F.);
#3516=ORIENTED_EDGE('',*,*,#2703,.F.);
#3517=ORIENTED_EDGE('',*,*,#2534,.T.);
#3518=ORIENTED_EDGE('',*,*,#2703,.T.);
#3519=ORIENTED_EDGE('',*,*,#2704,.F.);
#3520=ORIENTED_EDGE('',*,*,#2705,.F.);
#3521=ORIENTED_EDGE('',*,*,#2535,.T.);
#3522=ORIENTED_EDGE('',*,*,#2705,.T.);
#3523=ORIENTED_EDGE('',*,*,#2706,.F.);
#3524=ORIENTED_EDGE('',*,*,#2707,.F.);
#3525=ORIENTED_EDGE('',*,*,#2536,.T.);
#3526=ORIENTED_EDGE('',*,*,#2707,.T.);
#3527=ORIENTED_EDGE('',*,*,#2708,.F.);
#3528=ORIENTED_EDGE('',*,*,#2709,.F.);
#3529=ORIENTED_EDGE('',*,*,#2529,.T.);
#3530=ORIENTED_EDGE('',*,*,#2709,.T.);
#3531=ORIENTED_EDGE('',*,*,#2710,.F.);
#3532=ORIENTED_EDGE('',*,*,#2695,.F.);
#3533=ORIENTED_EDGE('',*,*,#2522,.T.);
#3534=ORIENTED_EDGE('',*,*,#2711,.T.);
#3535=ORIENTED_EDGE('',*,*,#2712,.F.);
#3536=ORIENTED_EDGE('',*,*,#2713,.F.);
#3537=ORIENTED_EDGE('',*,*,#2523,.T.);
#3538=ORIENTED_EDGE('',*,*,#2713,.T.);
#3539=ORIENTED_EDGE('',*,*,#2714,.F.);
#3540=ORIENTED_EDGE('',*,*,#2715,.F.);
#3541=ORIENTED_EDGE('',*,*,#2524,.T.);
#3542=ORIENTED_EDGE('',*,*,#2715,.T.);
#3543=ORIENTED_EDGE('',*,*,#2716,.F.);
#3544=ORIENTED_EDGE('',*,*,#2717,.F.);
#3545=ORIENTED_EDGE('',*,*,#2525,.T.);
#3546=ORIENTED_EDGE('',*,*,#2717,.T.);
#3547=ORIENTED_EDGE('',*,*,#2718,.F.);
#3548=ORIENTED_EDGE('',*,*,#2719,.F.);
#3549=ORIENTED_EDGE('',*,*,#2526,.T.);
#3550=ORIENTED_EDGE('',*,*,#2719,.T.);
#3551=ORIENTED_EDGE('',*,*,#2720,.F.);
#3552=ORIENTED_EDGE('',*,*,#2721,.F.);
#3553=ORIENTED_EDGE('',*,*,#2527,.T.);
#3554=ORIENTED_EDGE('',*,*,#2721,.T.);
#3555=ORIENTED_EDGE('',*,*,#2722,.F.);
#3556=ORIENTED_EDGE('',*,*,#2723,.F.);
#3557=ORIENTED_EDGE('',*,*,#2528,.T.);
#3558=ORIENTED_EDGE('',*,*,#2723,.T.);
#3559=ORIENTED_EDGE('',*,*,#2724,.F.);
#3560=ORIENTED_EDGE('',*,*,#2725,.F.);
#3561=ORIENTED_EDGE('',*,*,#2521,.T.);
#3562=ORIENTED_EDGE('',*,*,#2725,.T.);
#3563=ORIENTED_EDGE('',*,*,#2726,.F.);
#3564=ORIENTED_EDGE('',*,*,#2711,.F.);
#3565=ORIENTED_EDGE('',*,*,#2727,.F.);
#3566=ORIENTED_EDGE('',*,*,#2728,.T.);
#3567=ORIENTED_EDGE('',*,*,#2520,.T.);
#3568=ORIENTED_EDGE('',*,*,#2728,.F.);
#3569=ORIENTED_EDGE('',*,*,#2513,.T.);
#3570=ORIENTED_EDGE('',*,*,#2729,.T.);
#3571=ORIENTED_EDGE('',*,*,#2730,.F.);
#3572=ORIENTED_EDGE('',*,*,#2731,.F.);
#3573=ORIENTED_EDGE('',*,*,#2514,.T.);
#3574=ORIENTED_EDGE('',*,*,#2731,.T.);
#3575=ORIENTED_EDGE('',*,*,#2732,.F.);
#3576=ORIENTED_EDGE('',*,*,#2733,.F.);
#3577=ORIENTED_EDGE('',*,*,#2515,.T.);
#3578=ORIENTED_EDGE('',*,*,#2733,.T.);
#3579=ORIENTED_EDGE('',*,*,#2734,.F.);
#3580=ORIENTED_EDGE('',*,*,#2735,.F.);
#3581=ORIENTED_EDGE('',*,*,#2516,.T.);
#3582=ORIENTED_EDGE('',*,*,#2735,.T.);
#3583=ORIENTED_EDGE('',*,*,#2736,.F.);
#3584=ORIENTED_EDGE('',*,*,#2737,.F.);
#3585=ORIENTED_EDGE('',*,*,#2517,.T.);
#3586=ORIENTED_EDGE('',*,*,#2737,.T.);
#3587=ORIENTED_EDGE('',*,*,#2738,.F.);
#3588=ORIENTED_EDGE('',*,*,#2739,.F.);
#3589=ORIENTED_EDGE('',*,*,#2518,.T.);
#3590=ORIENTED_EDGE('',*,*,#2739,.T.);
#3591=ORIENTED_EDGE('',*,*,#2740,.F.);
#3592=ORIENTED_EDGE('',*,*,#2741,.F.);
#3593=ORIENTED_EDGE('',*,*,#2519,.T.);
#3594=ORIENTED_EDGE('',*,*,#2741,.T.);
#3595=ORIENTED_EDGE('',*,*,#2742,.F.);
#3596=ORIENTED_EDGE('',*,*,#2743,.F.);
#3597=ORIENTED_EDGE('',*,*,#2512,.T.);
#3598=ORIENTED_EDGE('',*,*,#2743,.T.);
#3599=ORIENTED_EDGE('',*,*,#2744,.F.);
#3600=ORIENTED_EDGE('',*,*,#2729,.F.);
#3601=ORIENTED_EDGE('',*,*,#2505,.T.);
#3602=ORIENTED_EDGE('',*,*,#2745,.T.);
#3603=ORIENTED_EDGE('',*,*,#2746,.F.);
#3604=ORIENTED_EDGE('',*,*,#2747,.F.);
#3605=ORIENTED_EDGE('',*,*,#2506,.T.);
#3606=ORIENTED_EDGE('',*,*,#2747,.T.);
#3607=ORIENTED_EDGE('',*,*,#2748,.F.);
#3608=ORIENTED_EDGE('',*,*,#2749,.F.);
#3609=ORIENTED_EDGE('',*,*,#2507,.T.);
#3610=ORIENTED_EDGE('',*,*,#2749,.T.);
#3611=ORIENTED_EDGE('',*,*,#2750,.F.);
#3612=ORIENTED_EDGE('',*,*,#2751,.F.);
#3613=ORIENTED_EDGE('',*,*,#2508,.T.);
#3614=ORIENTED_EDGE('',*,*,#2751,.T.);
#3615=ORIENTED_EDGE('',*,*,#2752,.F.);
#3616=ORIENTED_EDGE('',*,*,#2753,.F.);
#3617=ORIENTED_EDGE('',*,*,#2509,.T.);
#3618=ORIENTED_EDGE('',*,*,#2753,.T.);
#3619=ORIENTED_EDGE('',*,*,#2754,.F.);
#3620=ORIENTED_EDGE('',*,*,#2755,.F.);
#3621=ORIENTED_EDGE('',*,*,#2510,.T.);
#3622=ORIENTED_EDGE('',*,*,#2755,.T.);
#3623=ORIENTED_EDGE('',*,*,#2756,.F.);
#3624=ORIENTED_EDGE('',*,*,#2757,.F.);
#3625=ORIENTED_EDGE('',*,*,#2511,.T.);
#3626=ORIENTED_EDGE('',*,*,#2757,.T.);
#3627=ORIENTED_EDGE('',*,*,#2758,.F.);
#3628=ORIENTED_EDGE('',*,*,#2759,.F.);
#3629=ORIENTED_EDGE('',*,*,#2504,.T.);
#3630=ORIENTED_EDGE('',*,*,#2759,.T.);
#3631=ORIENTED_EDGE('',*,*,#2760,.F.);
#3632=ORIENTED_EDGE('',*,*,#2745,.F.);
#3633=ORIENTED_EDGE('',*,*,#2497,.T.);
#3634=ORIENTED_EDGE('',*,*,#2761,.T.);
#3635=ORIENTED_EDGE('',*,*,#2762,.F.);
#3636=ORIENTED_EDGE('',*,*,#2763,.F.);
#3637=ORIENTED_EDGE('',*,*,#2498,.T.);
#3638=ORIENTED_EDGE('',*,*,#2763,.T.);
#3639=ORIENTED_EDGE('',*,*,#2764,.F.);
#3640=ORIENTED_EDGE('',*,*,#2765,.F.);
#3641=ORIENTED_EDGE('',*,*,#2499,.T.);
#3642=ORIENTED_EDGE('',*,*,#2765,.T.);
#3643=ORIENTED_EDGE('',*,*,#2766,.F.);
#3644=ORIENTED_EDGE('',*,*,#2767,.F.);
#3645=ORIENTED_EDGE('',*,*,#2500,.T.);
#3646=ORIENTED_EDGE('',*,*,#2767,.T.);
#3647=ORIENTED_EDGE('',*,*,#2768,.F.);
#3648=ORIENTED_EDGE('',*,*,#2769,.F.);
#3649=ORIENTED_EDGE('',*,*,#2501,.T.);
#3650=ORIENTED_EDGE('',*,*,#2769,.T.);
#3651=ORIENTED_EDGE('',*,*,#2770,.F.);
#3652=ORIENTED_EDGE('',*,*,#2771,.F.);
#3653=ORIENTED_EDGE('',*,*,#2502,.T.);
#3654=ORIENTED_EDGE('',*,*,#2771,.T.);
#3655=ORIENTED_EDGE('',*,*,#2772,.F.);
#3656=ORIENTED_EDGE('',*,*,#2773,.F.);
#3657=ORIENTED_EDGE('',*,*,#2503,.T.);
#3658=ORIENTED_EDGE('',*,*,#2773,.T.);
#3659=ORIENTED_EDGE('',*,*,#2774,.F.);
#3660=ORIENTED_EDGE('',*,*,#2775,.F.);
#3661=ORIENTED_EDGE('',*,*,#2496,.T.);
#3662=ORIENTED_EDGE('',*,*,#2775,.T.);
#3663=ORIENTED_EDGE('',*,*,#2776,.F.);
#3664=ORIENTED_EDGE('',*,*,#2761,.F.);
#3665=ORIENTED_EDGE('',*,*,#2489,.T.);
#3666=ORIENTED_EDGE('',*,*,#2777,.T.);
#3667=ORIENTED_EDGE('',*,*,#2778,.F.);
#3668=ORIENTED_EDGE('',*,*,#2779,.F.);
#3669=ORIENTED_EDGE('',*,*,#2490,.T.);
#3670=ORIENTED_EDGE('',*,*,#2779,.T.);
#3671=ORIENTED_EDGE('',*,*,#2780,.F.);
#3672=ORIENTED_EDGE('',*,*,#2781,.F.);
#3673=ORIENTED_EDGE('',*,*,#2491,.T.);
#3674=ORIENTED_EDGE('',*,*,#2781,.T.);
#3675=ORIENTED_EDGE('',*,*,#2782,.F.);
#3676=ORIENTED_EDGE('',*,*,#2783,.F.);
#3677=ORIENTED_EDGE('',*,*,#2492,.T.);
#3678=ORIENTED_EDGE('',*,*,#2783,.T.);
#3679=ORIENTED_EDGE('',*,*,#2784,.F.);
#3680=ORIENTED_EDGE('',*,*,#2785,.F.);
#3681=ORIENTED_EDGE('',*,*,#2493,.T.);
#3682=ORIENTED_EDGE('',*,*,#2785,.T.);
#3683=ORIENTED_EDGE('',*,*,#2786,.F.);
#3684=ORIENTED_EDGE('',*,*,#2787,.F.);
#3685=ORIENTED_EDGE('',*,*,#2494,.T.);
#3686=ORIENTED_EDGE('',*,*,#2787,.T.);
#3687=ORIENTED_EDGE('',*,*,#2788,.F.);
#3688=ORIENTED_EDGE('',*,*,#2789,.F.);
#3689=ORIENTED_EDGE('',*,*,#2495,.T.);
#3690=ORIENTED_EDGE('',*,*,#2789,.T.);
#3691=ORIENTED_EDGE('',*,*,#2790,.F.);
#3692=ORIENTED_EDGE('',*,*,#2791,.F.);
#3693=ORIENTED_EDGE('',*,*,#2488,.T.);
#3694=ORIENTED_EDGE('',*,*,#2791,.T.);
#3695=ORIENTED_EDGE('',*,*,#2792,.F.);
#3696=ORIENTED_EDGE('',*,*,#2777,.F.);
#3697=ORIENTED_EDGE('',*,*,#2793,.F.);
#3698=ORIENTED_EDGE('',*,*,#2794,.T.);
#3699=ORIENTED_EDGE('',*,*,#2487,.T.);
#3700=ORIENTED_EDGE('',*,*,#2794,.F.);
#3701=ORIENTED_EDGE('',*,*,#2480,.T.);
#3702=ORIENTED_EDGE('',*,*,#2795,.T.);
#3703=ORIENTED_EDGE('',*,*,#2796,.F.);
#3704=ORIENTED_EDGE('',*,*,#2797,.F.);
#3705=ORIENTED_EDGE('',*,*,#2481,.T.);
#3706=ORIENTED_EDGE('',*,*,#2797,.T.);
#3707=ORIENTED_EDGE('',*,*,#2798,.F.);
#3708=ORIENTED_EDGE('',*,*,#2799,.F.);
#3709=ORIENTED_EDGE('',*,*,#2482,.T.);
#3710=ORIENTED_EDGE('',*,*,#2799,.T.);
#3711=ORIENTED_EDGE('',*,*,#2800,.F.);
#3712=ORIENTED_EDGE('',*,*,#2801,.F.);
#3713=ORIENTED_EDGE('',*,*,#2483,.T.);
#3714=ORIENTED_EDGE('',*,*,#2801,.T.);
#3715=ORIENTED_EDGE('',*,*,#2802,.F.);
#3716=ORIENTED_EDGE('',*,*,#2803,.F.);
#3717=ORIENTED_EDGE('',*,*,#2484,.T.);
#3718=ORIENTED_EDGE('',*,*,#2803,.T.);
#3719=ORIENTED_EDGE('',*,*,#2804,.F.);
#3720=ORIENTED_EDGE('',*,*,#2805,.F.);
#3721=ORIENTED_EDGE('',*,*,#2485,.T.);
#3722=ORIENTED_EDGE('',*,*,#2805,.T.);
#3723=ORIENTED_EDGE('',*,*,#2806,.F.);
#3724=ORIENTED_EDGE('',*,*,#2807,.F.);
#3725=ORIENTED_EDGE('',*,*,#2486,.T.);
#3726=ORIENTED_EDGE('',*,*,#2807,.T.);
#3727=ORIENTED_EDGE('',*,*,#2808,.F.);
#3728=ORIENTED_EDGE('',*,*,#2809,.F.);
#3729=ORIENTED_EDGE('',*,*,#2479,.T.);
#3730=ORIENTED_EDGE('',*,*,#2809,.T.);
#3731=ORIENTED_EDGE('',*,*,#2810,.F.);
#3732=ORIENTED_EDGE('',*,*,#2795,.F.);
#3733=ORIENTED_EDGE('',*,*,#2472,.T.);
#3734=ORIENTED_EDGE('',*,*,#2811,.T.);
#3735=ORIENTED_EDGE('',*,*,#2812,.F.);
#3736=ORIENTED_EDGE('',*,*,#2813,.F.);
#3737=ORIENTED_EDGE('',*,*,#2473,.T.);
#3738=ORIENTED_EDGE('',*,*,#2813,.T.);
#3739=ORIENTED_EDGE('',*,*,#2814,.F.);
#3740=ORIENTED_EDGE('',*,*,#2815,.F.);
#3741=ORIENTED_EDGE('',*,*,#2474,.T.);
#3742=ORIENTED_EDGE('',*,*,#2815,.T.);
#3743=ORIENTED_EDGE('',*,*,#2816,.F.);
#3744=ORIENTED_EDGE('',*,*,#2817,.F.);
#3745=ORIENTED_EDGE('',*,*,#2475,.T.);
#3746=ORIENTED_EDGE('',*,*,#2817,.T.);
#3747=ORIENTED_EDGE('',*,*,#2818,.F.);
#3748=ORIENTED_EDGE('',*,*,#2819,.F.);
#3749=ORIENTED_EDGE('',*,*,#2476,.T.);
#3750=ORIENTED_EDGE('',*,*,#2819,.T.);
#3751=ORIENTED_EDGE('',*,*,#2820,.F.);
#3752=ORIENTED_EDGE('',*,*,#2821,.F.);
#3753=ORIENTED_EDGE('',*,*,#2477,.T.);
#3754=ORIENTED_EDGE('',*,*,#2821,.T.);
#3755=ORIENTED_EDGE('',*,*,#2822,.F.);
#3756=ORIENTED_EDGE('',*,*,#2823,.F.);
#3757=ORIENTED_EDGE('',*,*,#2478,.T.);
#3758=ORIENTED_EDGE('',*,*,#2823,.T.);
#3759=ORIENTED_EDGE('',*,*,#2824,.F.);
#3760=ORIENTED_EDGE('',*,*,#2825,.F.);
#3761=ORIENTED_EDGE('',*,*,#2471,.T.);
#3762=ORIENTED_EDGE('',*,*,#2825,.T.);
#3763=ORIENTED_EDGE('',*,*,#2826,.F.);
#3764=ORIENTED_EDGE('',*,*,#2811,.F.);
#3765=ORIENTED_EDGE('',*,*,#2464,.T.);
#3766=ORIENTED_EDGE('',*,*,#2827,.T.);
#3767=ORIENTED_EDGE('',*,*,#2828,.F.);
#3768=ORIENTED_EDGE('',*,*,#2829,.F.);
#3769=ORIENTED_EDGE('',*,*,#2465,.T.);
#3770=ORIENTED_EDGE('',*,*,#2829,.T.);
#3771=ORIENTED_EDGE('',*,*,#2830,.F.);
#3772=ORIENTED_EDGE('',*,*,#2831,.F.);
#3773=ORIENTED_EDGE('',*,*,#2466,.T.);
#3774=ORIENTED_EDGE('',*,*,#2831,.T.);
#3775=ORIENTED_EDGE('',*,*,#2832,.F.);
#3776=ORIENTED_EDGE('',*,*,#2833,.F.);
#3777=ORIENTED_EDGE('',*,*,#2467,.T.);
#3778=ORIENTED_EDGE('',*,*,#2833,.T.);
#3779=ORIENTED_EDGE('',*,*,#2834,.F.);
#3780=ORIENTED_EDGE('',*,*,#2835,.F.);
#3781=ORIENTED_EDGE('',*,*,#2468,.T.);
#3782=ORIENTED_EDGE('',*,*,#2835,.T.);
#3783=ORIENTED_EDGE('',*,*,#2836,.F.);
#3784=ORIENTED_EDGE('',*,*,#2837,.F.);
#3785=ORIENTED_EDGE('',*,*,#2469,.T.);
#3786=ORIENTED_EDGE('',*,*,#2837,.T.);
#3787=ORIENTED_EDGE('',*,*,#2838,.F.);
#3788=ORIENTED_EDGE('',*,*,#2839,.F.);
#3789=ORIENTED_EDGE('',*,*,#2470,.T.);
#3790=ORIENTED_EDGE('',*,*,#2839,.T.);
#3791=ORIENTED_EDGE('',*,*,#2840,.F.);
#3792=ORIENTED_EDGE('',*,*,#2841,.F.);
#3793=ORIENTED_EDGE('',*,*,#2463,.T.);
#3794=ORIENTED_EDGE('',*,*,#2841,.T.);
#3795=ORIENTED_EDGE('',*,*,#2842,.F.);
#3796=ORIENTED_EDGE('',*,*,#2827,.F.);
#3797=ORIENTED_EDGE('',*,*,#2456,.T.);
#3798=ORIENTED_EDGE('',*,*,#2843,.T.);
#3799=ORIENTED_EDGE('',*,*,#2844,.F.);
#3800=ORIENTED_EDGE('',*,*,#2845,.F.);
#3801=ORIENTED_EDGE('',*,*,#2457,.T.);
#3802=ORIENTED_EDGE('',*,*,#2845,.T.);
#3803=ORIENTED_EDGE('',*,*,#2846,.F.);
#3804=ORIENTED_EDGE('',*,*,#2847,.F.);
#3805=ORIENTED_EDGE('',*,*,#2458,.T.);
#3806=ORIENTED_EDGE('',*,*,#2847,.T.);
#3807=ORIENTED_EDGE('',*,*,#2848,.F.);
#3808=ORIENTED_EDGE('',*,*,#2849,.F.);
#3809=ORIENTED_EDGE('',*,*,#2459,.T.);
#3810=ORIENTED_EDGE('',*,*,#2849,.T.);
#3811=ORIENTED_EDGE('',*,*,#2850,.F.);
#3812=ORIENTED_EDGE('',*,*,#2851,.F.);
#3813=ORIENTED_EDGE('',*,*,#2460,.T.);
#3814=ORIENTED_EDGE('',*,*,#2851,.T.);
#3815=ORIENTED_EDGE('',*,*,#2852,.F.);
#3816=ORIENTED_EDGE('',*,*,#2853,.F.);
#3817=ORIENTED_EDGE('',*,*,#2461,.T.);
#3818=ORIENTED_EDGE('',*,*,#2853,.T.);
#3819=ORIENTED_EDGE('',*,*,#2854,.F.);
#3820=ORIENTED_EDGE('',*,*,#2855,.F.);
#3821=ORIENTED_EDGE('',*,*,#2462,.T.);
#3822=ORIENTED_EDGE('',*,*,#2855,.T.);
#3823=ORIENTED_EDGE('',*,*,#2856,.F.);
#3824=ORIENTED_EDGE('',*,*,#2857,.F.);
#3825=ORIENTED_EDGE('',*,*,#2455,.T.);
#3826=ORIENTED_EDGE('',*,*,#2857,.T.);
#3827=ORIENTED_EDGE('',*,*,#2858,.F.);
#3828=ORIENTED_EDGE('',*,*,#2843,.F.);
#3829=ORIENTED_EDGE('',*,*,#2448,.T.);
#3830=ORIENTED_EDGE('',*,*,#2859,.T.);
#3831=ORIENTED_EDGE('',*,*,#2860,.F.);
#3832=ORIENTED_EDGE('',*,*,#2861,.F.);
#3833=ORIENTED_EDGE('',*,*,#2449,.T.);
#3834=ORIENTED_EDGE('',*,*,#2861,.T.);
#3835=ORIENTED_EDGE('',*,*,#2862,.F.);
#3836=ORIENTED_EDGE('',*,*,#2863,.F.);
#3837=ORIENTED_EDGE('',*,*,#2450,.T.);
#3838=ORIENTED_EDGE('',*,*,#2863,.T.);
#3839=ORIENTED_EDGE('',*,*,#2864,.F.);
#3840=ORIENTED_EDGE('',*,*,#2865,.F.);
#3841=ORIENTED_EDGE('',*,*,#2451,.T.);
#3842=ORIENTED_EDGE('',*,*,#2865,.T.);
#3843=ORIENTED_EDGE('',*,*,#2866,.F.);
#3844=ORIENTED_EDGE('',*,*,#2867,.F.);
#3845=ORIENTED_EDGE('',*,*,#2452,.T.);
#3846=ORIENTED_EDGE('',*,*,#2867,.T.);
#3847=ORIENTED_EDGE('',*,*,#2868,.F.);
#3848=ORIENTED_EDGE('',*,*,#2869,.F.);
#3849=ORIENTED_EDGE('',*,*,#2453,.T.);
#3850=ORIENTED_EDGE('',*,*,#2869,.T.);
#3851=ORIENTED_EDGE('',*,*,#2870,.F.);
#3852=ORIENTED_EDGE('',*,*,#2871,.F.);
#3853=ORIENTED_EDGE('',*,*,#2454,.T.);
#3854=ORIENTED_EDGE('',*,*,#2871,.T.);
#3855=ORIENTED_EDGE('',*,*,#2872,.F.);
#3856=ORIENTED_EDGE('',*,*,#2873,.F.);
#3857=ORIENTED_EDGE('',*,*,#2447,.T.);
#3858=ORIENTED_EDGE('',*,*,#2873,.T.);
#3859=ORIENTED_EDGE('',*,*,#2874,.F.);
#3860=ORIENTED_EDGE('',*,*,#2859,.F.);
#3861=ORIENTED_EDGE('',*,*,#2440,.T.);
#3862=ORIENTED_EDGE('',*,*,#2875,.T.);
#3863=ORIENTED_EDGE('',*,*,#2876,.F.);
#3864=ORIENTED_EDGE('',*,*,#2877,.F.);
#3865=ORIENTED_EDGE('',*,*,#2441,.T.);
#3866=ORIENTED_EDGE('',*,*,#2877,.T.);
#3867=ORIENTED_EDGE('',*,*,#2878,.F.);
#3868=ORIENTED_EDGE('',*,*,#2879,.F.);
#3869=ORIENTED_EDGE('',*,*,#2442,.T.);
#3870=ORIENTED_EDGE('',*,*,#2879,.T.);
#3871=ORIENTED_EDGE('',*,*,#2880,.F.);
#3872=ORIENTED_EDGE('',*,*,#2881,.F.);
#3873=ORIENTED_EDGE('',*,*,#2443,.T.);
#3874=ORIENTED_EDGE('',*,*,#2881,.T.);
#3875=ORIENTED_EDGE('',*,*,#2882,.F.);
#3876=ORIENTED_EDGE('',*,*,#2883,.F.);
#3877=ORIENTED_EDGE('',*,*,#2444,.T.);
#3878=ORIENTED_EDGE('',*,*,#2883,.T.);
#3879=ORIENTED_EDGE('',*,*,#2884,.F.);
#3880=ORIENTED_EDGE('',*,*,#2885,.F.);
#3881=ORIENTED_EDGE('',*,*,#2445,.T.);
#3882=ORIENTED_EDGE('',*,*,#2885,.T.);
#3883=ORIENTED_EDGE('',*,*,#2886,.F.);
#3884=ORIENTED_EDGE('',*,*,#2887,.F.);
#3885=ORIENTED_EDGE('',*,*,#2446,.T.);
#3886=ORIENTED_EDGE('',*,*,#2887,.T.);
#3887=ORIENTED_EDGE('',*,*,#2888,.F.);
#3888=ORIENTED_EDGE('',*,*,#2889,.F.);
#3889=ORIENTED_EDGE('',*,*,#2439,.T.);
#3890=ORIENTED_EDGE('',*,*,#2889,.T.);
#3891=ORIENTED_EDGE('',*,*,#2890,.F.);
#3892=ORIENTED_EDGE('',*,*,#2875,.F.);
#3893=ORIENTED_EDGE('',*,*,#2432,.T.);
#3894=ORIENTED_EDGE('',*,*,#2891,.T.);
#3895=ORIENTED_EDGE('',*,*,#2892,.F.);
#3896=ORIENTED_EDGE('',*,*,#2893,.F.);
#3897=ORIENTED_EDGE('',*,*,#2433,.T.);
#3898=ORIENTED_EDGE('',*,*,#2893,.T.);
#3899=ORIENTED_EDGE('',*,*,#2894,.F.);
#3900=ORIENTED_EDGE('',*,*,#2895,.F.);
#3901=ORIENTED_EDGE('',*,*,#2434,.T.);
#3902=ORIENTED_EDGE('',*,*,#2895,.T.);
#3903=ORIENTED_EDGE('',*,*,#2896,.F.);
#3904=ORIENTED_EDGE('',*,*,#2897,.F.);
#3905=ORIENTED_EDGE('',*,*,#2435,.T.);
#3906=ORIENTED_EDGE('',*,*,#2897,.T.);
#3907=ORIENTED_EDGE('',*,*,#2898,.F.);
#3908=ORIENTED_EDGE('',*,*,#2899,.F.);
#3909=ORIENTED_EDGE('',*,*,#2436,.T.);
#3910=ORIENTED_EDGE('',*,*,#2899,.T.);
#3911=ORIENTED_EDGE('',*,*,#2900,.F.);
#3912=ORIENTED_EDGE('',*,*,#2901,.F.);
#3913=ORIENTED_EDGE('',*,*,#2437,.T.);
#3914=ORIENTED_EDGE('',*,*,#2901,.T.);
#3915=ORIENTED_EDGE('',*,*,#2902,.F.);
#3916=ORIENTED_EDGE('',*,*,#2903,.F.);
#3917=ORIENTED_EDGE('',*,*,#2438,.T.);
#3918=ORIENTED_EDGE('',*,*,#2903,.T.);
#3919=ORIENTED_EDGE('',*,*,#2904,.F.);
#3920=ORIENTED_EDGE('',*,*,#2905,.F.);
#3921=ORIENTED_EDGE('',*,*,#2431,.T.);
#3922=ORIENTED_EDGE('',*,*,#2905,.T.);
#3923=ORIENTED_EDGE('',*,*,#2906,.F.);
#3924=ORIENTED_EDGE('',*,*,#2891,.F.);
#3925=ORIENTED_EDGE('',*,*,#2424,.T.);
#3926=ORIENTED_EDGE('',*,*,#2907,.T.);
#3927=ORIENTED_EDGE('',*,*,#2908,.F.);
#3928=ORIENTED_EDGE('',*,*,#2909,.F.);
#3929=ORIENTED_EDGE('',*,*,#2425,.T.);
#3930=ORIENTED_EDGE('',*,*,#2909,.T.);
#3931=ORIENTED_EDGE('',*,*,#2910,.F.);
#3932=ORIENTED_EDGE('',*,*,#2911,.F.);
#3933=ORIENTED_EDGE('',*,*,#2426,.T.);
#3934=ORIENTED_EDGE('',*,*,#2911,.T.);
#3935=ORIENTED_EDGE('',*,*,#2912,.F.);
#3936=ORIENTED_EDGE('',*,*,#2913,.F.);
#3937=ORIENTED_EDGE('',*,*,#2427,.T.);
#3938=ORIENTED_EDGE('',*,*,#2913,.T.);
#3939=ORIENTED_EDGE('',*,*,#2914,.F.);
#3940=ORIENTED_EDGE('',*,*,#2915,.F.);
#3941=ORIENTED_EDGE('',*,*,#2428,.T.);
#3942=ORIENTED_EDGE('',*,*,#2915,.T.);
#3943=ORIENTED_EDGE('',*,*,#2916,.F.);
#3944=ORIENTED_EDGE('',*,*,#2917,.F.);
#3945=ORIENTED_EDGE('',*,*,#2429,.T.);
#3946=ORIENTED_EDGE('',*,*,#2917,.T.);
#3947=ORIENTED_EDGE('',*,*,#2918,.F.);
#3948=ORIENTED_EDGE('',*,*,#2919,.F.);
#3949=ORIENTED_EDGE('',*,*,#2430,.T.);
#3950=ORIENTED_EDGE('',*,*,#2919,.T.);
#3951=ORIENTED_EDGE('',*,*,#2920,.F.);
#3952=ORIENTED_EDGE('',*,*,#2921,.F.);
#3953=ORIENTED_EDGE('',*,*,#2423,.T.);
#3954=ORIENTED_EDGE('',*,*,#2921,.T.);
#3955=ORIENTED_EDGE('',*,*,#2922,.F.);
#3956=ORIENTED_EDGE('',*,*,#2907,.F.);
#3957=ORIENTED_EDGE('',*,*,#2416,.T.);
#3958=ORIENTED_EDGE('',*,*,#2923,.T.);
#3959=ORIENTED_EDGE('',*,*,#2924,.F.);
#3960=ORIENTED_EDGE('',*,*,#2925,.F.);
#3961=ORIENTED_EDGE('',*,*,#2417,.T.);
#3962=ORIENTED_EDGE('',*,*,#2925,.T.);
#3963=ORIENTED_EDGE('',*,*,#2926,.F.);
#3964=ORIENTED_EDGE('',*,*,#2927,.F.);
#3965=ORIENTED_EDGE('',*,*,#2418,.T.);
#3966=ORIENTED_EDGE('',*,*,#2927,.T.);
#3967=ORIENTED_EDGE('',*,*,#2928,.F.);
#3968=ORIENTED_EDGE('',*,*,#2929,.F.);
#3969=ORIENTED_EDGE('',*,*,#2419,.T.);
#3970=ORIENTED_EDGE('',*,*,#2929,.T.);
#3971=ORIENTED_EDGE('',*,*,#2930,.F.);
#3972=ORIENTED_EDGE('',*,*,#2931,.F.);
#3973=ORIENTED_EDGE('',*,*,#2420,.T.);
#3974=ORIENTED_EDGE('',*,*,#2931,.T.);
#3975=ORIENTED_EDGE('',*,*,#2932,.F.);
#3976=ORIENTED_EDGE('',*,*,#2933,.F.);
#3977=ORIENTED_EDGE('',*,*,#2421,.T.);
#3978=ORIENTED_EDGE('',*,*,#2933,.T.);
#3979=ORIENTED_EDGE('',*,*,#2934,.F.);
#3980=ORIENTED_EDGE('',*,*,#2935,.F.);
#3981=ORIENTED_EDGE('',*,*,#2422,.T.);
#3982=ORIENTED_EDGE('',*,*,#2935,.T.);
#3983=ORIENTED_EDGE('',*,*,#2936,.F.);
#3984=ORIENTED_EDGE('',*,*,#2937,.F.);
#3985=ORIENTED_EDGE('',*,*,#2415,.T.);
#3986=ORIENTED_EDGE('',*,*,#2937,.T.);
#3987=ORIENTED_EDGE('',*,*,#2938,.F.);
#3988=ORIENTED_EDGE('',*,*,#2923,.F.);
#3989=ORIENTED_EDGE('',*,*,#2408,.T.);
#3990=ORIENTED_EDGE('',*,*,#2939,.T.);
#3991=ORIENTED_EDGE('',*,*,#2940,.F.);
#3992=ORIENTED_EDGE('',*,*,#2941,.F.);
#3993=ORIENTED_EDGE('',*,*,#2409,.T.);
#3994=ORIENTED_EDGE('',*,*,#2941,.T.);
#3995=ORIENTED_EDGE('',*,*,#2942,.F.);
#3996=ORIENTED_EDGE('',*,*,#2943,.F.);
#3997=ORIENTED_EDGE('',*,*,#2410,.T.);
#3998=ORIENTED_EDGE('',*,*,#2943,.T.);
#3999=ORIENTED_EDGE('',*,*,#2944,.F.);
#4000=ORIENTED_EDGE('',*,*,#2945,.F.);
#4001=ORIENTED_EDGE('',*,*,#2411,.T.);
#4002=ORIENTED_EDGE('',*,*,#2945,.T.);
#4003=ORIENTED_EDGE('',*,*,#2946,.F.);
#4004=ORIENTED_EDGE('',*,*,#2947,.F.);
#4005=ORIENTED_EDGE('',*,*,#2412,.T.);
#4006=ORIENTED_EDGE('',*,*,#2947,.T.);
#4007=ORIENTED_EDGE('',*,*,#2948,.F.);
#4008=ORIENTED_EDGE('',*,*,#2949,.F.);
#4009=ORIENTED_EDGE('',*,*,#2413,.T.);
#4010=ORIENTED_EDGE('',*,*,#2949,.T.);
#4011=ORIENTED_EDGE('',*,*,#2950,.F.);
#4012=ORIENTED_EDGE('',*,*,#2951,.F.);
#4013=ORIENTED_EDGE('',*,*,#2414,.T.);
#4014=ORIENTED_EDGE('',*,*,#2951,.T.);
#4015=ORIENTED_EDGE('',*,*,#2952,.F.);
#4016=ORIENTED_EDGE('',*,*,#2953,.F.);
#4017=ORIENTED_EDGE('',*,*,#2407,.T.);
#4018=ORIENTED_EDGE('',*,*,#2953,.T.);
#4019=ORIENTED_EDGE('',*,*,#2954,.F.);
#4020=ORIENTED_EDGE('',*,*,#2939,.F.);
#4021=ORIENTED_EDGE('',*,*,#2400,.T.);
#4022=ORIENTED_EDGE('',*,*,#2955,.T.);
#4023=ORIENTED_EDGE('',*,*,#2956,.F.);
#4024=ORIENTED_EDGE('',*,*,#2957,.F.);
#4025=ORIENTED_EDGE('',*,*,#2401,.T.);
#4026=ORIENTED_EDGE('',*,*,#2957,.T.);
#4027=ORIENTED_EDGE('',*,*,#2958,.F.);
#4028=ORIENTED_EDGE('',*,*,#2959,.F.);
#4029=ORIENTED_EDGE('',*,*,#2402,.T.);
#4030=ORIENTED_EDGE('',*,*,#2959,.T.);
#4031=ORIENTED_EDGE('',*,*,#2960,.F.);
#4032=ORIENTED_EDGE('',*,*,#2961,.F.);
#4033=ORIENTED_EDGE('',*,*,#2403,.T.);
#4034=ORIENTED_EDGE('',*,*,#2961,.T.);
#4035=ORIENTED_EDGE('',*,*,#2962,.F.);
#4036=ORIENTED_EDGE('',*,*,#2963,.F.);
#4037=ORIENTED_EDGE('',*,*,#2404,.T.);
#4038=ORIENTED_EDGE('',*,*,#2963,.T.);
#4039=ORIENTED_EDGE('',*,*,#2964,.F.);
#4040=ORIENTED_EDGE('',*,*,#2965,.F.);
#4041=ORIENTED_EDGE('',*,*,#2405,.T.);
#4042=ORIENTED_EDGE('',*,*,#2965,.T.);
#4043=ORIENTED_EDGE('',*,*,#2966,.F.);
#4044=ORIENTED_EDGE('',*,*,#2967,.F.);
#4045=ORIENTED_EDGE('',*,*,#2406,.T.);
#4046=ORIENTED_EDGE('',*,*,#2967,.T.);
#4047=ORIENTED_EDGE('',*,*,#2968,.F.);
#4048=ORIENTED_EDGE('',*,*,#2969,.F.);
#4049=ORIENTED_EDGE('',*,*,#2399,.T.);
#4050=ORIENTED_EDGE('',*,*,#2969,.T.);
#4051=ORIENTED_EDGE('',*,*,#2970,.F.);
#4052=ORIENTED_EDGE('',*,*,#2955,.F.);
#4053=ORIENTED_EDGE('',*,*,#2971,.F.);
#4054=ORIENTED_EDGE('',*,*,#2972,.T.);
#4055=ORIENTED_EDGE('',*,*,#2398,.T.);
#4056=ORIENTED_EDGE('',*,*,#2972,.F.);
#4057=ORIENTED_EDGE('',*,*,#2391,.T.);
#4058=ORIENTED_EDGE('',*,*,#2973,.T.);
#4059=ORIENTED_EDGE('',*,*,#2974,.F.);
#4060=ORIENTED_EDGE('',*,*,#2975,.F.);
#4061=ORIENTED_EDGE('',*,*,#2392,.T.);
#4062=ORIENTED_EDGE('',*,*,#2975,.T.);
#4063=ORIENTED_EDGE('',*,*,#2976,.F.);
#4064=ORIENTED_EDGE('',*,*,#2977,.F.);
#4065=ORIENTED_EDGE('',*,*,#2393,.T.);
#4066=ORIENTED_EDGE('',*,*,#2977,.T.);
#4067=ORIENTED_EDGE('',*,*,#2978,.F.);
#4068=ORIENTED_EDGE('',*,*,#2979,.F.);
#4069=ORIENTED_EDGE('',*,*,#2394,.T.);
#4070=ORIENTED_EDGE('',*,*,#2979,.T.);
#4071=ORIENTED_EDGE('',*,*,#2980,.F.);
#4072=ORIENTED_EDGE('',*,*,#2981,.F.);
#4073=ORIENTED_EDGE('',*,*,#2395,.T.);
#4074=ORIENTED_EDGE('',*,*,#2981,.T.);
#4075=ORIENTED_EDGE('',*,*,#2982,.F.);
#4076=ORIENTED_EDGE('',*,*,#2983,.F.);
#4077=ORIENTED_EDGE('',*,*,#2396,.T.);
#4078=ORIENTED_EDGE('',*,*,#2983,.T.);
#4079=ORIENTED_EDGE('',*,*,#2984,.F.);
#4080=ORIENTED_EDGE('',*,*,#2985,.F.);
#4081=ORIENTED_EDGE('',*,*,#2397,.T.);
#4082=ORIENTED_EDGE('',*,*,#2985,.T.);
#4083=ORIENTED_EDGE('',*,*,#2986,.F.);
#4084=ORIENTED_EDGE('',*,*,#2987,.F.);
#4085=ORIENTED_EDGE('',*,*,#2390,.T.);
#4086=ORIENTED_EDGE('',*,*,#2987,.T.);
#4087=ORIENTED_EDGE('',*,*,#2988,.F.);
#4088=ORIENTED_EDGE('',*,*,#2973,.F.);
#4089=ORIENTED_EDGE('',*,*,#2383,.T.);
#4090=ORIENTED_EDGE('',*,*,#2989,.T.);
#4091=ORIENTED_EDGE('',*,*,#2990,.F.);
#4092=ORIENTED_EDGE('',*,*,#2991,.F.);
#4093=ORIENTED_EDGE('',*,*,#2384,.T.);
#4094=ORIENTED_EDGE('',*,*,#2991,.T.);
#4095=ORIENTED_EDGE('',*,*,#2992,.F.);
#4096=ORIENTED_EDGE('',*,*,#2993,.F.);
#4097=ORIENTED_EDGE('',*,*,#2385,.T.);
#4098=ORIENTED_EDGE('',*,*,#2993,.T.);
#4099=ORIENTED_EDGE('',*,*,#2994,.F.);
#4100=ORIENTED_EDGE('',*,*,#2995,.F.);
#4101=ORIENTED_EDGE('',*,*,#2386,.T.);
#4102=ORIENTED_EDGE('',*,*,#2995,.T.);
#4103=ORIENTED_EDGE('',*,*,#2996,.F.);
#4104=ORIENTED_EDGE('',*,*,#2997,.F.);
#4105=ORIENTED_EDGE('',*,*,#2387,.T.);
#4106=ORIENTED_EDGE('',*,*,#2997,.T.);
#4107=ORIENTED_EDGE('',*,*,#2998,.F.);
#4108=ORIENTED_EDGE('',*,*,#2999,.F.);
#4109=ORIENTED_EDGE('',*,*,#2388,.T.);
#4110=ORIENTED_EDGE('',*,*,#2999,.T.);
#4111=ORIENTED_EDGE('',*,*,#3000,.F.);
#4112=ORIENTED_EDGE('',*,*,#3001,.F.);
#4113=ORIENTED_EDGE('',*,*,#2389,.T.);
#4114=ORIENTED_EDGE('',*,*,#3001,.T.);
#4115=ORIENTED_EDGE('',*,*,#3002,.F.);
#4116=ORIENTED_EDGE('',*,*,#3003,.F.);
#4117=ORIENTED_EDGE('',*,*,#2382,.T.);
#4118=ORIENTED_EDGE('',*,*,#3003,.T.);
#4119=ORIENTED_EDGE('',*,*,#3004,.F.);
#4120=ORIENTED_EDGE('',*,*,#2989,.F.);
#4121=ORIENTED_EDGE('',*,*,#2375,.T.);
#4122=ORIENTED_EDGE('',*,*,#3005,.T.);
#4123=ORIENTED_EDGE('',*,*,#3006,.F.);
#4124=ORIENTED_EDGE('',*,*,#3007,.F.);
#4125=ORIENTED_EDGE('',*,*,#2376,.T.);
#4126=ORIENTED_EDGE('',*,*,#3007,.T.);
#4127=ORIENTED_EDGE('',*,*,#3008,.F.);
#4128=ORIENTED_EDGE('',*,*,#3009,.F.);
#4129=ORIENTED_EDGE('',*,*,#2377,.T.);
#4130=ORIENTED_EDGE('',*,*,#3009,.T.);
#4131=ORIENTED_EDGE('',*,*,#3010,.F.);
#4132=ORIENTED_EDGE('',*,*,#3011,.F.);
#4133=ORIENTED_EDGE('',*,*,#2378,.T.);
#4134=ORIENTED_EDGE('',*,*,#3011,.T.);
#4135=ORIENTED_EDGE('',*,*,#3012,.F.);
#4136=ORIENTED_EDGE('',*,*,#3013,.F.);
#4137=ORIENTED_EDGE('',*,*,#2379,.T.);
#4138=ORIENTED_EDGE('',*,*,#3013,.T.);
#4139=ORIENTED_EDGE('',*,*,#3014,.F.);
#4140=ORIENTED_EDGE('',*,*,#3015,.F.);
#4141=ORIENTED_EDGE('',*,*,#2380,.T.);
#4142=ORIENTED_EDGE('',*,*,#3015,.T.);
#4143=ORIENTED_EDGE('',*,*,#3016,.F.);
#4144=ORIENTED_EDGE('',*,*,#3017,.F.);
#4145=ORIENTED_EDGE('',*,*,#2381,.T.);
#4146=ORIENTED_EDGE('',*,*,#3017,.T.);
#4147=ORIENTED_EDGE('',*,*,#3018,.F.);
#4148=ORIENTED_EDGE('',*,*,#3019,.F.);
#4149=ORIENTED_EDGE('',*,*,#2374,.T.);
#4150=ORIENTED_EDGE('',*,*,#3019,.T.);
#4151=ORIENTED_EDGE('',*,*,#3020,.F.);
#4152=ORIENTED_EDGE('',*,*,#3005,.F.);
#4153=ORIENTED_EDGE('',*,*,#2367,.T.);
#4154=ORIENTED_EDGE('',*,*,#3021,.T.);
#4155=ORIENTED_EDGE('',*,*,#3022,.F.);
#4156=ORIENTED_EDGE('',*,*,#3023,.F.);
#4157=ORIENTED_EDGE('',*,*,#2368,.T.);
#4158=ORIENTED_EDGE('',*,*,#3023,.T.);
#4159=ORIENTED_EDGE('',*,*,#3024,.F.);
#4160=ORIENTED_EDGE('',*,*,#3025,.F.);
#4161=ORIENTED_EDGE('',*,*,#2369,.T.);
#4162=ORIENTED_EDGE('',*,*,#3025,.T.);
#4163=ORIENTED_EDGE('',*,*,#3026,.F.);
#4164=ORIENTED_EDGE('',*,*,#3027,.F.);
#4165=ORIENTED_EDGE('',*,*,#2370,.T.);
#4166=ORIENTED_EDGE('',*,*,#3027,.T.);
#4167=ORIENTED_EDGE('',*,*,#3028,.F.);
#4168=ORIENTED_EDGE('',*,*,#3029,.F.);
#4169=ORIENTED_EDGE('',*,*,#2371,.T.);
#4170=ORIENTED_EDGE('',*,*,#3029,.T.);
#4171=ORIENTED_EDGE('',*,*,#3030,.F.);
#4172=ORIENTED_EDGE('',*,*,#3031,.F.);
#4173=ORIENTED_EDGE('',*,*,#2372,.T.);
#4174=ORIENTED_EDGE('',*,*,#3031,.T.);
#4175=ORIENTED_EDGE('',*,*,#3032,.F.);
#4176=ORIENTED_EDGE('',*,*,#3033,.F.);
#4177=ORIENTED_EDGE('',*,*,#2373,.T.);
#4178=ORIENTED_EDGE('',*,*,#3033,.T.);
#4179=ORIENTED_EDGE('',*,*,#3034,.F.);
#4180=ORIENTED_EDGE('',*,*,#3035,.F.);
#4181=ORIENTED_EDGE('',*,*,#2366,.T.);
#4182=ORIENTED_EDGE('',*,*,#3035,.T.);
#4183=ORIENTED_EDGE('',*,*,#3036,.F.);
#4184=ORIENTED_EDGE('',*,*,#3021,.F.);
#4185=ORIENTED_EDGE('',*,*,#2587,.F.);
#4186=ORIENTED_EDGE('',*,*,#3037,.F.);
#4187=ORIENTED_EDGE('',*,*,#2596,.F.);
#4188=ORIENTED_EDGE('',*,*,#2362,.F.);
#4189=ORIENTED_EDGE('',*,*,#2350,.F.);
#4190=ORIENTED_EDGE('',*,*,#3038,.F.);
#4191=ORIENTED_EDGE('',*,*,#3039,.F.);
#4192=ORIENTED_EDGE('',*,*,#2356,.F.);
#4193=ORIENTED_EDGE('',*,*,#2357,.T.);
#4194=ORIENTED_EDGE('',*,*,#3039,.T.);
#4195=ORIENTED_EDGE('',*,*,#3040,.F.);
#4196=ORIENTED_EDGE('',*,*,#3041,.F.);
#4197=ORIENTED_EDGE('',*,*,#2358,.T.);
#4198=ORIENTED_EDGE('',*,*,#3041,.T.);
#4199=ORIENTED_EDGE('',*,*,#3042,.F.);
#4200=ORIENTED_EDGE('',*,*,#3043,.F.);
#4201=ORIENTED_EDGE('',*,*,#2359,.T.);
#4202=ORIENTED_EDGE('',*,*,#3043,.T.);
#4203=ORIENTED_EDGE('',*,*,#3044,.F.);
#4204=ORIENTED_EDGE('',*,*,#2589,.F.);
#4205=ORIENTED_EDGE('',*,*,#2349,.F.);
#4206=ORIENTED_EDGE('',*,*,#2355,.T.);
#4207=ORIENTED_EDGE('',*,*,#2591,.F.);
#4208=ORIENTED_EDGE('',*,*,#2594,.T.);
#4209=ORIENTED_EDGE('',*,*,#2595,.F.);
#4210=ORIENTED_EDGE('',*,*,#3037,.T.);
#4211=ORIENTED_EDGE('',*,*,#2586,.F.);
#4212=ORIENTED_EDGE('',*,*,#2590,.T.);
#4213=ORIENTED_EDGE('',*,*,#3044,.T.);
#4214=ORIENTED_EDGE('',*,*,#3042,.T.);
#4215=ORIENTED_EDGE('',*,*,#3040,.T.);
#4216=ORIENTED_EDGE('',*,*,#3038,.T.);
#4217=ORIENTED_EDGE('',*,*,#3036,.T.);
#4218=ORIENTED_EDGE('',*,*,#3034,.T.);
#4219=ORIENTED_EDGE('',*,*,#3032,.T.);
#4220=ORIENTED_EDGE('',*,*,#3030,.T.);
#4221=ORIENTED_EDGE('',*,*,#3028,.T.);
#4222=ORIENTED_EDGE('',*,*,#3026,.T.);
#4223=ORIENTED_EDGE('',*,*,#3024,.T.);
#4224=ORIENTED_EDGE('',*,*,#3022,.T.);
#4225=ORIENTED_EDGE('',*,*,#3020,.T.);
#4226=ORIENTED_EDGE('',*,*,#3018,.T.);
#4227=ORIENTED_EDGE('',*,*,#3016,.T.);
#4228=ORIENTED_EDGE('',*,*,#3014,.T.);
#4229=ORIENTED_EDGE('',*,*,#3012,.T.);
#4230=ORIENTED_EDGE('',*,*,#3010,.T.);
#4231=ORIENTED_EDGE('',*,*,#3008,.T.);
#4232=ORIENTED_EDGE('',*,*,#3006,.T.);
#4233=ORIENTED_EDGE('',*,*,#3004,.T.);
#4234=ORIENTED_EDGE('',*,*,#3002,.T.);
#4235=ORIENTED_EDGE('',*,*,#3000,.T.);
#4236=ORIENTED_EDGE('',*,*,#2998,.T.);
#4237=ORIENTED_EDGE('',*,*,#2996,.T.);
#4238=ORIENTED_EDGE('',*,*,#2994,.T.);
#4239=ORIENTED_EDGE('',*,*,#2992,.T.);
#4240=ORIENTED_EDGE('',*,*,#2990,.T.);
#4241=ORIENTED_EDGE('',*,*,#2988,.T.);
#4242=ORIENTED_EDGE('',*,*,#2986,.T.);
#4243=ORIENTED_EDGE('',*,*,#2984,.T.);
#4244=ORIENTED_EDGE('',*,*,#2982,.T.);
#4245=ORIENTED_EDGE('',*,*,#2980,.T.);
#4246=ORIENTED_EDGE('',*,*,#2978,.T.);
#4247=ORIENTED_EDGE('',*,*,#2976,.T.);
#4248=ORIENTED_EDGE('',*,*,#2974,.T.);
#4249=ORIENTED_EDGE('',*,*,#2971,.T.);
#4250=ORIENTED_EDGE('',*,*,#2970,.T.);
#4251=ORIENTED_EDGE('',*,*,#2968,.T.);
#4252=ORIENTED_EDGE('',*,*,#2966,.T.);
#4253=ORIENTED_EDGE('',*,*,#2964,.T.);
#4254=ORIENTED_EDGE('',*,*,#2962,.T.);
#4255=ORIENTED_EDGE('',*,*,#2960,.T.);
#4256=ORIENTED_EDGE('',*,*,#2958,.T.);
#4257=ORIENTED_EDGE('',*,*,#2956,.T.);
#4258=ORIENTED_EDGE('',*,*,#2954,.T.);
#4259=ORIENTED_EDGE('',*,*,#2952,.T.);
#4260=ORIENTED_EDGE('',*,*,#2950,.T.);
#4261=ORIENTED_EDGE('',*,*,#2948,.T.);
#4262=ORIENTED_EDGE('',*,*,#2946,.T.);
#4263=ORIENTED_EDGE('',*,*,#2944,.T.);
#4264=ORIENTED_EDGE('',*,*,#2942,.T.);
#4265=ORIENTED_EDGE('',*,*,#2940,.T.);
#4266=ORIENTED_EDGE('',*,*,#2938,.T.);
#4267=ORIENTED_EDGE('',*,*,#2936,.T.);
#4268=ORIENTED_EDGE('',*,*,#2934,.T.);
#4269=ORIENTED_EDGE('',*,*,#2932,.T.);
#4270=ORIENTED_EDGE('',*,*,#2930,.T.);
#4271=ORIENTED_EDGE('',*,*,#2928,.T.);
#4272=ORIENTED_EDGE('',*,*,#2926,.T.);
#4273=ORIENTED_EDGE('',*,*,#2924,.T.);
#4274=ORIENTED_EDGE('',*,*,#2922,.T.);
#4275=ORIENTED_EDGE('',*,*,#2920,.T.);
#4276=ORIENTED_EDGE('',*,*,#2918,.T.);
#4277=ORIENTED_EDGE('',*,*,#2916,.T.);
#4278=ORIENTED_EDGE('',*,*,#2914,.T.);
#4279=ORIENTED_EDGE('',*,*,#2912,.T.);
#4280=ORIENTED_EDGE('',*,*,#2910,.T.);
#4281=ORIENTED_EDGE('',*,*,#2908,.T.);
#4282=ORIENTED_EDGE('',*,*,#2906,.T.);
#4283=ORIENTED_EDGE('',*,*,#2904,.T.);
#4284=ORIENTED_EDGE('',*,*,#2902,.T.);
#4285=ORIENTED_EDGE('',*,*,#2900,.T.);
#4286=ORIENTED_EDGE('',*,*,#2898,.T.);
#4287=ORIENTED_EDGE('',*,*,#2896,.T.);
#4288=ORIENTED_EDGE('',*,*,#2894,.T.);
#4289=ORIENTED_EDGE('',*,*,#2892,.T.);
#4290=ORIENTED_EDGE('',*,*,#2890,.T.);
#4291=ORIENTED_EDGE('',*,*,#2888,.T.);
#4292=ORIENTED_EDGE('',*,*,#2886,.T.);
#4293=ORIENTED_EDGE('',*,*,#2884,.T.);
#4294=ORIENTED_EDGE('',*,*,#2882,.T.);
#4295=ORIENTED_EDGE('',*,*,#2880,.T.);
#4296=ORIENTED_EDGE('',*,*,#2878,.T.);
#4297=ORIENTED_EDGE('',*,*,#2876,.T.);
#4298=ORIENTED_EDGE('',*,*,#2874,.T.);
#4299=ORIENTED_EDGE('',*,*,#2872,.T.);
#4300=ORIENTED_EDGE('',*,*,#2870,.T.);
#4301=ORIENTED_EDGE('',*,*,#2868,.T.);
#4302=ORIENTED_EDGE('',*,*,#2866,.T.);
#4303=ORIENTED_EDGE('',*,*,#2864,.T.);
#4304=ORIENTED_EDGE('',*,*,#2862,.T.);
#4305=ORIENTED_EDGE('',*,*,#2860,.T.);
#4306=ORIENTED_EDGE('',*,*,#2858,.T.);
#4307=ORIENTED_EDGE('',*,*,#2856,.T.);
#4308=ORIENTED_EDGE('',*,*,#2854,.T.);
#4309=ORIENTED_EDGE('',*,*,#2852,.T.);
#4310=ORIENTED_EDGE('',*,*,#2850,.T.);
#4311=ORIENTED_EDGE('',*,*,#2848,.T.);
#4312=ORIENTED_EDGE('',*,*,#2846,.T.);
#4313=ORIENTED_EDGE('',*,*,#2844,.T.);
#4314=ORIENTED_EDGE('',*,*,#2842,.T.);
#4315=ORIENTED_EDGE('',*,*,#2840,.T.);
#4316=ORIENTED_EDGE('',*,*,#2838,.T.);
#4317=ORIENTED_EDGE('',*,*,#2836,.T.);
#4318=ORIENTED_EDGE('',*,*,#2834,.T.);
#4319=ORIENTED_EDGE('',*,*,#2832,.T.);
#4320=ORIENTED_EDGE('',*,*,#2830,.T.);
#4321=ORIENTED_EDGE('',*,*,#2828,.T.);
#4322=ORIENTED_EDGE('',*,*,#2826,.T.);
#4323=ORIENTED_EDGE('',*,*,#2824,.T.);
#4324=ORIENTED_EDGE('',*,*,#2822,.T.);
#4325=ORIENTED_EDGE('',*,*,#2820,.T.);
#4326=ORIENTED_EDGE('',*,*,#2818,.T.);
#4327=ORIENTED_EDGE('',*,*,#2816,.T.);
#4328=ORIENTED_EDGE('',*,*,#2814,.T.);
#4329=ORIENTED_EDGE('',*,*,#2812,.T.);
#4330=ORIENTED_EDGE('',*,*,#2810,.T.);
#4331=ORIENTED_EDGE('',*,*,#2808,.T.);
#4332=ORIENTED_EDGE('',*,*,#2806,.T.);
#4333=ORIENTED_EDGE('',*,*,#2804,.T.);
#4334=ORIENTED_EDGE('',*,*,#2802,.T.);
#4335=ORIENTED_EDGE('',*,*,#2800,.T.);
#4336=ORIENTED_EDGE('',*,*,#2798,.T.);
#4337=ORIENTED_EDGE('',*,*,#2796,.T.);
#4338=ORIENTED_EDGE('',*,*,#2793,.T.);
#4339=ORIENTED_EDGE('',*,*,#2792,.T.);
#4340=ORIENTED_EDGE('',*,*,#2790,.T.);
#4341=ORIENTED_EDGE('',*,*,#2788,.T.);
#4342=ORIENTED_EDGE('',*,*,#2786,.T.);
#4343=ORIENTED_EDGE('',*,*,#2784,.T.);
#4344=ORIENTED_EDGE('',*,*,#2782,.T.);
#4345=ORIENTED_EDGE('',*,*,#2780,.T.);
#4346=ORIENTED_EDGE('',*,*,#2778,.T.);
#4347=ORIENTED_EDGE('',*,*,#2776,.T.);
#4348=ORIENTED_EDGE('',*,*,#2774,.T.);
#4349=ORIENTED_EDGE('',*,*,#2772,.T.);
#4350=ORIENTED_EDGE('',*,*,#2770,.T.);
#4351=ORIENTED_EDGE('',*,*,#2768,.T.);
#4352=ORIENTED_EDGE('',*,*,#2766,.T.);
#4353=ORIENTED_EDGE('',*,*,#2764,.T.);
#4354=ORIENTED_EDGE('',*,*,#2762,.T.);
#4355=ORIENTED_EDGE('',*,*,#2760,.T.);
#4356=ORIENTED_EDGE('',*,*,#2758,.T.);
#4357=ORIENTED_EDGE('',*,*,#2756,.T.);
#4358=ORIENTED_EDGE('',*,*,#2754,.T.);
#4359=ORIENTED_EDGE('',*,*,#2752,.T.);
#4360=ORIENTED_EDGE('',*,*,#2750,.T.);
#4361=ORIENTED_EDGE('',*,*,#2748,.T.);
#4362=ORIENTED_EDGE('',*,*,#2746,.T.);
#4363=ORIENTED_EDGE('',*,*,#2744,.T.);
#4364=ORIENTED_EDGE('',*,*,#2742,.T.);
#4365=ORIENTED_EDGE('',*,*,#2740,.T.);
#4366=ORIENTED_EDGE('',*,*,#2738,.T.);
#4367=ORIENTED_EDGE('',*,*,#2736,.T.);
#4368=ORIENTED_EDGE('',*,*,#2734,.T.);
#4369=ORIENTED_EDGE('',*,*,#2732,.T.);
#4370=ORIENTED_EDGE('',*,*,#2730,.T.);
#4371=ORIENTED_EDGE('',*,*,#2727,.T.);
#4372=ORIENTED_EDGE('',*,*,#2726,.T.);
#4373=ORIENTED_EDGE('',*,*,#2724,.T.);
#4374=ORIENTED_EDGE('',*,*,#2722,.T.);
#4375=ORIENTED_EDGE('',*,*,#2720,.T.);
#4376=ORIENTED_EDGE('',*,*,#2718,.T.);
#4377=ORIENTED_EDGE('',*,*,#2716,.T.);
#4378=ORIENTED_EDGE('',*,*,#2714,.T.);
#4379=ORIENTED_EDGE('',*,*,#2712,.T.);
#4380=ORIENTED_EDGE('',*,*,#2710,.T.);
#4381=ORIENTED_EDGE('',*,*,#2708,.T.);
#4382=ORIENTED_EDGE('',*,*,#2706,.T.);
#4383=ORIENTED_EDGE('',*,*,#2704,.T.);
#4384=ORIENTED_EDGE('',*,*,#2702,.T.);
#4385=ORIENTED_EDGE('',*,*,#2700,.T.);
#4386=ORIENTED_EDGE('',*,*,#2698,.T.);
#4387=ORIENTED_EDGE('',*,*,#2696,.T.);
#4388=ORIENTED_EDGE('',*,*,#2694,.T.);
#4389=ORIENTED_EDGE('',*,*,#2692,.T.);
#4390=ORIENTED_EDGE('',*,*,#2690,.T.);
#4391=ORIENTED_EDGE('',*,*,#2688,.T.);
#4392=ORIENTED_EDGE('',*,*,#2686,.T.);
#4393=ORIENTED_EDGE('',*,*,#2684,.T.);
#4394=ORIENTED_EDGE('',*,*,#2682,.T.);
#4395=ORIENTED_EDGE('',*,*,#2680,.T.);
#4396=ORIENTED_EDGE('',*,*,#2678,.T.);
#4397=ORIENTED_EDGE('',*,*,#2676,.T.);
#4398=ORIENTED_EDGE('',*,*,#2674,.T.);
#4399=ORIENTED_EDGE('',*,*,#2672,.T.);
#4400=ORIENTED_EDGE('',*,*,#2670,.T.);
#4401=ORIENTED_EDGE('',*,*,#2668,.T.);
#4402=ORIENTED_EDGE('',*,*,#2666,.T.);
#4403=ORIENTED_EDGE('',*,*,#2664,.T.);
#4404=ORIENTED_EDGE('',*,*,#2662,.T.);
#4405=ORIENTED_EDGE('',*,*,#2660,.T.);
#4406=ORIENTED_EDGE('',*,*,#2658,.T.);
#4407=ORIENTED_EDGE('',*,*,#2656,.T.);
#4408=ORIENTED_EDGE('',*,*,#2654,.T.);
#4409=ORIENTED_EDGE('',*,*,#2652,.T.);
#4410=ORIENTED_EDGE('',*,*,#2650,.T.);
#4411=ORIENTED_EDGE('',*,*,#2648,.T.);
#4412=ORIENTED_EDGE('',*,*,#2646,.T.);
#4413=ORIENTED_EDGE('',*,*,#2644,.T.);
#4414=ORIENTED_EDGE('',*,*,#2642,.T.);
#4415=ORIENTED_EDGE('',*,*,#2640,.T.);
#4416=ORIENTED_EDGE('',*,*,#2638,.T.);
#4417=ORIENTED_EDGE('',*,*,#2636,.T.);
#4418=ORIENTED_EDGE('',*,*,#2634,.T.);
#4419=ORIENTED_EDGE('',*,*,#2632,.T.);
#4420=ORIENTED_EDGE('',*,*,#2630,.T.);
#4421=ORIENTED_EDGE('',*,*,#2628,.T.);
#4422=ORIENTED_EDGE('',*,*,#2626,.T.);
#4423=ORIENTED_EDGE('',*,*,#2624,.T.);
#4424=ORIENTED_EDGE('',*,*,#2622,.T.);
#4425=ORIENTED_EDGE('',*,*,#2620,.T.);
#4426=ORIENTED_EDGE('',*,*,#2618,.T.);
#4427=ORIENTED_EDGE('',*,*,#2616,.T.);
#4428=ORIENTED_EDGE('',*,*,#2613,.T.);
#4429=ORIENTED_EDGE('',*,*,#2612,.T.);
#4430=ORIENTED_EDGE('',*,*,#2610,.T.);
#4431=ORIENTED_EDGE('',*,*,#2608,.T.);
#4432=ORIENTED_EDGE('',*,*,#2606,.T.);
#4433=ORIENTED_EDGE('',*,*,#2604,.T.);
#4434=ORIENTED_EDGE('',*,*,#2602,.T.);
#4435=ORIENTED_EDGE('',*,*,#2600,.T.);
#4436=ORIENTED_EDGE('',*,*,#2598,.T.);
#4437=CYLINDRICAL_SURFACE('',#4801,5.);
#4438=CYLINDRICAL_SURFACE('',#4921,5.);
#4439=CYLINDRICAL_SURFACE('',#4924,5.);
#4440=CYLINDRICAL_SURFACE('',#4927,5.);
#4441=CYLINDRICAL_SURFACE('',#4929,0.499999999999989);
#4442=CYLINDRICAL_SURFACE('',#4932,0.499999999999998);
#4443=CYLINDRICAL_SURFACE('',#4935,0.500000000000007);
#4444=CYLINDRICAL_SURFACE('',#4938,0.499999999999998);
#4445=CYLINDRICAL_SURFACE('',#4941,1.45);
#4446=CYLINDRICAL_SURFACE('',#4944,0.499999999999998);
#4447=CYLINDRICAL_SURFACE('',#4947,0.499999999999998);
#4448=CYLINDRICAL_SURFACE('',#4950,0.499999999999998);
#4449=CYLINDRICAL_SURFACE('',#4953,0.499999999999998);
#4450=CYLINDRICAL_SURFACE('',#4956,0.499999999999998);
#4451=CYLINDRICAL_SURFACE('',#4959,0.499999999999998);
#4452=CYLINDRICAL_SURFACE('',#4962,0.499999999999998);
#4453=CYLINDRICAL_SURFACE('',#4965,0.499999999999998);
#4454=CYLINDRICAL_SURFACE('',#4967,0.499999999999998);
#4455=CYLINDRICAL_SURFACE('',#4970,0.499999999999998);
#4456=CYLINDRICAL_SURFACE('',#4973,0.499999999999998);
#4457=CYLINDRICAL_SURFACE('',#4976,0.499999999999998);
#4458=CYLINDRICAL_SURFACE('',#4980,0.499999999999998);
#4459=CYLINDRICAL_SURFACE('',#4983,0.499999999999998);
#4460=CYLINDRICAL_SURFACE('',#4986,0.500000000000007);
#4461=CYLINDRICAL_SURFACE('',#4989,0.499999999999998);
#4462=CYLINDRICAL_SURFACE('',#4992,0.716828168891113);
#4463=CYLINDRICAL_SURFACE('',#4995,0.709775221105264);
#4464=CYLINDRICAL_SURFACE('',#4998,0.499999999999989);
#4465=CYLINDRICAL_SURFACE('',#5001,0.499999999999989);
#4466=CYLINDRICAL_SURFACE('',#5004,0.499999999999998);
#4467=CYLINDRICAL_SURFACE('',#5007,0.499999999999998);
#4468=CYLINDRICAL_SURFACE('',#5010,0.500000000000007);
#4469=CYLINDRICAL_SURFACE('',#5013,0.499999999999998);
#4470=CYLINDRICAL_SURFACE('',#5016,0.500000000000007);
#4471=CYLINDRICAL_SURFACE('',#5019,0.499999999999998);
#4472=CYLINDRICAL_SURFACE('',#5022,0.500000000000007);
#4473=CYLINDRICAL_SURFACE('',#5025,0.499999999999998);
#4474=CYLINDRICAL_SURFACE('',#5027,1.45);
#4475=CYLINDRICAL_SURFACE('',#5030,0.499999999999998);
#4476=CYLINDRICAL_SURFACE('',#5033,0.500000000000003);
#4477=CYLINDRICAL_SURFACE('',#5036,0.499999999999998);
#4478=CYLINDRICAL_SURFACE('',#5039,0.499999999999998);
#4479=CYLINDRICAL_SURFACE('',#5042,0.499999999999998);
#4480=CYLINDRICAL_SURFACE('',#5045,0.500000000000003);
#4481=CYLINDRICAL_SURFACE('',#5048,0.499999999999998);
#4482=CYLINDRICAL_SURFACE('',#5051,0.499999999999998);
#4483=CYLINDRICAL_SURFACE('',#5054,0.499999999999998);
#4484=CYLINDRICAL_SURFACE('',#5057,0.499999999999989);
#4485=CYLINDRICAL_SURFACE('',#5060,0.499999999999998);
#4486=CYLINDRICAL_SURFACE('',#5063,0.499999999999998);
#4487=CYLINDRICAL_SURFACE('',#5066,0.499999999999998);
#4488=CYLINDRICAL_SURFACE('',#5069,0.499999999999998);
#4489=CYLINDRICAL_SURFACE('',#5072,0.499999999999998);
#4490=CYLINDRICAL_SURFACE('',#5075,0.499999999999998);
#4491=CYLINDRICAL_SURFACE('',#5077,1.45);
#4492=CYLINDRICAL_SURFACE('',#5080,0.499999999999998);
#4493=CYLINDRICAL_SURFACE('',#5083,0.499999999999998);
#4494=CYLINDRICAL_SURFACE('',#5086,0.500000000000003);
#4495=CYLINDRICAL_SURFACE('',#5089,0.499999999999998);
#4496=CYLINDRICAL_SURFACE('',#5092,0.499999999999989);
#4497=CYLINDRICAL_SURFACE('',#5095,0.499999999999998);
#4498=CYLINDRICAL_SURFACE('',#5098,0.500000000000007);
#4499=CYLINDRICAL_SURFACE('',#5101,0.499999999999998);
#4500=CYLINDRICAL_SURFACE('',#5103,0.499999999999998);
#4501=CYLINDRICAL_SURFACE('',#5106,0.499999999999998);
#4502=CYLINDRICAL_SURFACE('',#5109,0.499999999999998);
#4503=CYLINDRICAL_SURFACE('',#5112,0.499999999999998);
#4504=CYLINDRICAL_SURFACE('',#5116,0.499999999999998);
#4505=CYLINDRICAL_SURFACE('',#5119,0.499999999999998);
#4506=CYLINDRICAL_SURFACE('',#5122,0.499999999999989);
#4507=CYLINDRICAL_SURFACE('',#5125,0.500000000000003);
#4508=CYLINDRICAL_SURFACE('',#5128,0.499999999999998);
#4509=CYLINDRICAL_SURFACE('',#5131,0.499999999999998);
#4510=CYLINDRICAL_SURFACE('',#5134,0.499999999999998);
#4511=CYLINDRICAL_SURFACE('',#5137,0.499999999999998);
#4512=CYLINDRICAL_SURFACE('',#5140,0.499999999999998);
#4513=CYLINDRICAL_SURFACE('',#5143,0.499999999999998);
#4514=CYLINDRICAL_SURFACE('',#5146,0.500000000000003);
#4515=CYLINDRICAL_SURFACE('',#5149,0.499999999999998);
#4516=CYLINDRICAL_SURFACE('',#5152,0.499999999999998);
#4517=CYLINDRICAL_SURFACE('',#5155,0.500000000000003);
#4518=CYLINDRICAL_SURFACE('',#5158,0.499999999999998);
#4519=CYLINDRICAL_SURFACE('',#5161,0.499999999999998);
#4520=CYLINDRICAL_SURFACE('',#5164,0.499999999999998);
#4521=CYLINDRICAL_SURFACE('',#5167,0.500000000000003);
#4522=CYLINDRICAL_SURFACE('',#5170,0.500000000000003);
#4523=CYLINDRICAL_SURFACE('',#5173,0.499999999999998);
#4524=CYLINDRICAL_SURFACE('',#5175,0.499999999999998);
#4525=CYLINDRICAL_SURFACE('',#5178,0.499999999999998);
#4526=CYLINDRICAL_SURFACE('',#5181,0.500000000000003);
#4527=CYLINDRICAL_SURFACE('',#5184,0.499999999999998);
#4528=CYLINDRICAL_SURFACE('',#5188,0.499999999999998);
#4529=CYLINDRICAL_SURFACE('',#5191,0.499999999999989);
#4530=CYLINDRICAL_SURFACE('',#5194,0.499999999999998);
#4531=CYLINDRICAL_SURFACE('',#5197,0.499999999999998);
#4532=CYLINDRICAL_SURFACE('',#5200,0.500000000000003);
#4533=CYLINDRICAL_SURFACE('',#5203,0.500000000000007);
#4534=CYLINDRICAL_SURFACE('',#5206,0.500000000000003);
#4535=CYLINDRICAL_SURFACE('',#5209,0.499999999999989);
#4536=CYLINDRICAL_SURFACE('',#5211,1.45);
#4537=CYLINDRICAL_SURFACE('',#5214,0.499999999999998);
#4538=CYLINDRICAL_SURFACE('',#5217,0.499999999999998);
#4539=CYLINDRICAL_SURFACE('',#5220,0.499999999999998);
#4540=CYLINDRICAL_SURFACE('',#5223,0.499999999999998);
#4541=CYLINDRICAL_SURFACE('',#5226,0.499999999999998);
#4542=CYLINDRICAL_SURFACE('',#5229,0.499999999999998);
#4543=CYLINDRICAL_SURFACE('',#5232,0.499999999999998);
#4544=CYLINDRICAL_SURFACE('',#5235,0.499999999999998);
#4545=CYLINDRICAL_SURFACE('',#5238,0.499999999999998);
#4546=CYLINDRICAL_SURFACE('',#5241,0.500000000000007);
#4547=CYLINDRICAL_SURFACE('',#5244,0.500000000000003);
#4548=CYLINDRICAL_SURFACE('',#5247,0.500000000000007);
#4549=CYLINDRICAL_SURFACE('',#5250,0.68406197161008);
#4550=CYLINDRICAL_SURFACE('',#5253,0.683927096582086);
#4551=CYLINDRICAL_SURFACE('',#5256,0.499999999999998);
#4552=CYLINDRICAL_SURFACE('',#5259,0.499999999999998);
#4553=ADVANCED_FACE('',(#195),#4437,.T.);
#4554=ADVANCED_FACE('',(#196),#77,.T.);
#4555=ADVANCED_FACE('',(#197,#15,#16,#17,#18,#19,#20,#21,#22,#23,#24,#25,
#26,#27,#28,#29,#30,#31,#32,#33,#34,#35,#36,#37,#38,#39,#40,#41,#42,#43,
#44,#45),#78,.F.);
#4556=ADVANCED_FACE('',(#198),#4438,.T.);
#4557=ADVANCED_FACE('',(#199),#79,.T.);
#4558=ADVANCED_FACE('',(#200),#4439,.T.);
#4559=ADVANCED_FACE('',(#201),#80,.T.);
#4560=ADVANCED_FACE('',(#202),#4440,.T.);
#4561=ADVANCED_FACE('',(#203),#4441,.F.);
#4562=ADVANCED_FACE('',(#204),#81,.T.);
#4563=ADVANCED_FACE('',(#205),#4442,.F.);
#4564=ADVANCED_FACE('',(#206),#82,.T.);
#4565=ADVANCED_FACE('',(#207),#4443,.F.);
#4566=ADVANCED_FACE('',(#208),#83,.T.);
#4567=ADVANCED_FACE('',(#209),#4444,.F.);
#4568=ADVANCED_FACE('',(#210),#84,.T.);
#4569=ADVANCED_FACE('',(#211),#4445,.F.);
#4570=ADVANCED_FACE('',(#212),#85,.T.);
#4571=ADVANCED_FACE('',(#213),#4446,.F.);
#4572=ADVANCED_FACE('',(#214),#86,.T.);
#4573=ADVANCED_FACE('',(#215),#4447,.F.);
#4574=ADVANCED_FACE('',(#216),#87,.T.);
#4575=ADVANCED_FACE('',(#217),#4448,.F.);
#4576=ADVANCED_FACE('',(#218),#88,.T.);
#4577=ADVANCED_FACE('',(#219),#4449,.F.);
#4578=ADVANCED_FACE('',(#220),#89,.T.);
#4579=ADVANCED_FACE('',(#221),#4450,.F.);
#4580=ADVANCED_FACE('',(#222),#90,.T.);
#4581=ADVANCED_FACE('',(#223),#4451,.F.);
#4582=ADVANCED_FACE('',(#224),#91,.T.);
#4583=ADVANCED_FACE('',(#225),#4452,.F.);
#4584=ADVANCED_FACE('',(#226),#92,.T.);
#4585=ADVANCED_FACE('',(#227),#4453,.F.);
#4586=ADVANCED_FACE('',(#228),#4454,.F.);
#4587=ADVANCED_FACE('',(#229),#93,.T.);
#4588=ADVANCED_FACE('',(#230),#4455,.F.);
#4589=ADVANCED_FACE('',(#231),#94,.T.);
#4590=ADVANCED_FACE('',(#232),#4456,.F.);
#4591=ADVANCED_FACE('',(#233),#95,.T.);
#4592=ADVANCED_FACE('',(#234),#4457,.F.);
#4593=ADVANCED_FACE('',(#235),#96,.T.);
#4594=ADVANCED_FACE('',(#236),#97,.T.);
#4595=ADVANCED_FACE('',(#237),#4458,.F.);
#4596=ADVANCED_FACE('',(#238),#98,.T.);
#4597=ADVANCED_FACE('',(#239),#4459,.F.);
#4598=ADVANCED_FACE('',(#240),#99,.T.);
#4599=ADVANCED_FACE('',(#241),#4460,.F.);
#4600=ADVANCED_FACE('',(#242),#100,.T.);
#4601=ADVANCED_FACE('',(#243),#4461,.F.);
#4602=ADVANCED_FACE('',(#244),#101,.T.);
#4603=ADVANCED_FACE('',(#245),#4462,.F.);
#4604=ADVANCED_FACE('',(#246),#102,.T.);
#4605=ADVANCED_FACE('',(#247),#4463,.F.);
#4606=ADVANCED_FACE('',(#248),#103,.T.);
#4607=ADVANCED_FACE('',(#249),#4464,.F.);
#4608=ADVANCED_FACE('',(#250),#104,.T.);
#4609=ADVANCED_FACE('',(#251),#4465,.F.);
#4610=ADVANCED_FACE('',(#252),#105,.T.);
#4611=ADVANCED_FACE('',(#253),#4466,.F.);
#4612=ADVANCED_FACE('',(#254),#106,.T.);
#4613=ADVANCED_FACE('',(#255),#4467,.F.);
#4614=ADVANCED_FACE('',(#256),#107,.T.);
#4615=ADVANCED_FACE('',(#257),#4468,.F.);
#4616=ADVANCED_FACE('',(#258),#108,.T.);
#4617=ADVANCED_FACE('',(#259),#4469,.F.);
#4618=ADVANCED_FACE('',(#260),#109,.T.);
#4619=ADVANCED_FACE('',(#261),#4470,.F.);
#4620=ADVANCED_FACE('',(#262),#110,.T.);
#4621=ADVANCED_FACE('',(#263),#4471,.F.);
#4622=ADVANCED_FACE('',(#264),#111,.T.);
#4623=ADVANCED_FACE('',(#265),#4472,.F.);
#4624=ADVANCED_FACE('',(#266),#112,.T.);
#4625=ADVANCED_FACE('',(#267),#4473,.F.);
#4626=ADVANCED_FACE('',(#268),#4474,.F.);
#4627=ADVANCED_FACE('',(#269),#113,.T.);
#4628=ADVANCED_FACE('',(#270),#4475,.F.);
#4629=ADVANCED_FACE('',(#271),#114,.T.);
#4630=ADVANCED_FACE('',(#272),#4476,.F.);
#4631=ADVANCED_FACE('',(#273),#115,.T.);
#4632=ADVANCED_FACE('',(#274),#4477,.F.);
#4633=ADVANCED_FACE('',(#275),#116,.T.);
#4634=ADVANCED_FACE('',(#276),#4478,.F.);
#4635=ADVANCED_FACE('',(#277),#117,.T.);
#4636=ADVANCED_FACE('',(#278),#4479,.F.);
#4637=ADVANCED_FACE('',(#279),#118,.T.);
#4638=ADVANCED_FACE('',(#280),#4480,.F.);
#4639=ADVANCED_FACE('',(#281),#119,.T.);
#4640=ADVANCED_FACE('',(#282),#4481,.F.);
#4641=ADVANCED_FACE('',(#283),#120,.T.);
#4642=ADVANCED_FACE('',(#284),#4482,.F.);
#4643=ADVANCED_FACE('',(#285),#121,.T.);
#4644=ADVANCED_FACE('',(#286),#4483,.F.);
#4645=ADVANCED_FACE('',(#287),#122,.T.);
#4646=ADVANCED_FACE('',(#288),#4484,.F.);
#4647=ADVANCED_FACE('',(#289),#123,.T.);
#4648=ADVANCED_FACE('',(#290),#4485,.F.);
#4649=ADVANCED_FACE('',(#291),#124,.T.);
#4650=ADVANCED_FACE('',(#292),#4486,.F.);
#4651=ADVANCED_FACE('',(#293),#125,.T.);
#4652=ADVANCED_FACE('',(#294),#4487,.F.);
#4653=ADVANCED_FACE('',(#295),#126,.T.);
#4654=ADVANCED_FACE('',(#296),#4488,.F.);
#4655=ADVANCED_FACE('',(#297),#127,.T.);
#4656=ADVANCED_FACE('',(#298),#4489,.F.);
#4657=ADVANCED_FACE('',(#299),#128,.T.);
#4658=ADVANCED_FACE('',(#300),#4490,.F.);
#4659=ADVANCED_FACE('',(#301),#4491,.F.);
#4660=ADVANCED_FACE('',(#302),#129,.T.);
#4661=ADVANCED_FACE('',(#303),#4492,.F.);
#4662=ADVANCED_FACE('',(#304),#130,.T.);
#4663=ADVANCED_FACE('',(#305),#4493,.F.);
#4664=ADVANCED_FACE('',(#306),#131,.T.);
#4665=ADVANCED_FACE('',(#307),#4494,.F.);
#4666=ADVANCED_FACE('',(#308),#132,.T.);
#4667=ADVANCED_FACE('',(#309),#4495,.F.);
#4668=ADVANCED_FACE('',(#310),#133,.T.);
#4669=ADVANCED_FACE('',(#311),#4496,.F.);
#4670=ADVANCED_FACE('',(#312),#134,.T.);
#4671=ADVANCED_FACE('',(#313),#4497,.F.);
#4672=ADVANCED_FACE('',(#314),#135,.T.);
#4673=ADVANCED_FACE('',(#315),#4498,.F.);
#4674=ADVANCED_FACE('',(#316),#136,.T.);
#4675=ADVANCED_FACE('',(#317),#4499,.F.);
#4676=ADVANCED_FACE('',(#318),#4500,.F.);
#4677=ADVANCED_FACE('',(#319),#137,.T.);
#4678=ADVANCED_FACE('',(#320),#4501,.F.);
#4679=ADVANCED_FACE('',(#321),#138,.T.);
#4680=ADVANCED_FACE('',(#322),#4502,.F.);
#4681=ADVANCED_FACE('',(#323),#139,.T.);
#4682=ADVANCED_FACE('',(#324),#4503,.F.);
#4683=ADVANCED_FACE('',(#325),#140,.T.);
#4684=ADVANCED_FACE('',(#326),#141,.T.);
#4685=ADVANCED_FACE('',(#327),#4504,.F.);
#4686=ADVANCED_FACE('',(#328),#142,.T.);
#4687=ADVANCED_FACE('',(#329),#4505,.F.);
#4688=ADVANCED_FACE('',(#330),#143,.T.);
#4689=ADVANCED_FACE('',(#331),#4506,.F.);
#4690=ADVANCED_FACE('',(#332),#144,.T.);
#4691=ADVANCED_FACE('',(#333),#4507,.F.);
#4692=ADVANCED_FACE('',(#334),#145,.T.);
#4693=ADVANCED_FACE('',(#335),#4508,.F.);
#4694=ADVANCED_FACE('',(#336),#146,.T.);
#4695=ADVANCED_FACE('',(#337),#4509,.F.);
#4696=ADVANCED_FACE('',(#338),#147,.T.);
#4697=ADVANCED_FACE('',(#339),#4510,.F.);
#4698=ADVANCED_FACE('',(#340),#148,.T.);
#4699=ADVANCED_FACE('',(#341),#4511,.F.);
#4700=ADVANCED_FACE('',(#342),#149,.T.);
#4701=ADVANCED_FACE('',(#343),#4512,.F.);
#4702=ADVANCED_FACE('',(#344),#150,.T.);
#4703=ADVANCED_FACE('',(#345),#4513,.F.);
#4704=ADVANCED_FACE('',(#346),#151,.T.);
#4705=ADVANCED_FACE('',(#347),#4514,.F.);
#4706=ADVANCED_FACE('',(#348),#152,.T.);
#4707=ADVANCED_FACE('',(#349),#4515,.F.);
#4708=ADVANCED_FACE('',(#350),#153,.T.);
#4709=ADVANCED_FACE('',(#351),#4516,.F.);
#4710=ADVANCED_FACE('',(#352),#154,.T.);
#4711=ADVANCED_FACE('',(#353),#4517,.F.);
#4712=ADVANCED_FACE('',(#354),#155,.T.);
#4713=ADVANCED_FACE('',(#355),#4518,.F.);
#4714=ADVANCED_FACE('',(#356),#156,.T.);
#4715=ADVANCED_FACE('',(#357),#4519,.F.);
#4716=ADVANCED_FACE('',(#358),#157,.T.);
#4717=ADVANCED_FACE('',(#359),#4520,.F.);
#4718=ADVANCED_FACE('',(#360),#158,.T.);
#4719=ADVANCED_FACE('',(#361),#4521,.F.);
#4720=ADVANCED_FACE('',(#362),#159,.T.);
#4721=ADVANCED_FACE('',(#363),#4522,.F.);
#4722=ADVANCED_FACE('',(#364),#160,.T.);
#4723=ADVANCED_FACE('',(#365),#4523,.F.);
#4724=ADVANCED_FACE('',(#366),#4524,.F.);
#4725=ADVANCED_FACE('',(#367),#161,.T.);
#4726=ADVANCED_FACE('',(#368),#4525,.F.);
#4727=ADVANCED_FACE('',(#369),#162,.T.);
#4728=ADVANCED_FACE('',(#370),#4526,.F.);
#4729=ADVANCED_FACE('',(#371),#163,.T.);
#4730=ADVANCED_FACE('',(#372),#4527,.F.);
#4731=ADVANCED_FACE('',(#373),#164,.T.);
#4732=ADVANCED_FACE('',(#374),#165,.T.);
#4733=ADVANCED_FACE('',(#375),#4528,.F.);
#4734=ADVANCED_FACE('',(#376),#166,.T.);
#4735=ADVANCED_FACE('',(#377),#4529,.F.);
#4736=ADVANCED_FACE('',(#378),#167,.T.);
#4737=ADVANCED_FACE('',(#379),#4530,.F.);
#4738=ADVANCED_FACE('',(#380),#168,.T.);
#4739=ADVANCED_FACE('',(#381),#4531,.F.);
#4740=ADVANCED_FACE('',(#382),#169,.T.);
#4741=ADVANCED_FACE('',(#383),#4532,.F.);
#4742=ADVANCED_FACE('',(#384),#170,.T.);
#4743=ADVANCED_FACE('',(#385),#4533,.F.);
#4744=ADVANCED_FACE('',(#386),#171,.T.);
#4745=ADVANCED_FACE('',(#387),#4534,.F.);
#4746=ADVANCED_FACE('',(#388),#172,.T.);
#4747=ADVANCED_FACE('',(#389),#4535,.F.);
#4748=ADVANCED_FACE('',(#390),#4536,.F.);
#4749=ADVANCED_FACE('',(#391),#173,.T.);
#4750=ADVANCED_FACE('',(#392),#4537,.F.);
#4751=ADVANCED_FACE('',(#393),#174,.T.);
#4752=ADVANCED_FACE('',(#394),#4538,.F.);
#4753=ADVANCED_FACE('',(#395),#175,.T.);
#4754=ADVANCED_FACE('',(#396),#4539,.F.);
#4755=ADVANCED_FACE('',(#397),#176,.T.);
#4756=ADVANCED_FACE('',(#398),#4540,.F.);
#4757=ADVANCED_FACE('',(#399),#177,.T.);
#4758=ADVANCED_FACE('',(#400),#4541,.F.);
#4759=ADVANCED_FACE('',(#401),#178,.T.);
#4760=ADVANCED_FACE('',(#402),#4542,.F.);
#4761=ADVANCED_FACE('',(#403),#179,.T.);
#4762=ADVANCED_FACE('',(#404),#4543,.F.);
#4763=ADVANCED_FACE('',(#405),#180,.T.);
#4764=ADVANCED_FACE('',(#406),#4544,.F.);
#4765=ADVANCED_FACE('',(#407),#181,.T.);
#4766=ADVANCED_FACE('',(#408),#4545,.F.);
#4767=ADVANCED_FACE('',(#409),#182,.T.);
#4768=ADVANCED_FACE('',(#410),#4546,.F.);
#4769=ADVANCED_FACE('',(#411),#183,.T.);
#4770=ADVANCED_FACE('',(#412),#4547,.F.);
#4771=ADVANCED_FACE('',(#413),#184,.T.);
#4772=ADVANCED_FACE('',(#414),#4548,.F.);
#4773=ADVANCED_FACE('',(#415),#185,.T.);
#4774=ADVANCED_FACE('',(#416),#4549,.F.);
#4775=ADVANCED_FACE('',(#417),#186,.T.);
#4776=ADVANCED_FACE('',(#418),#4550,.F.);
#4777=ADVANCED_FACE('',(#419),#187,.T.);
#4778=ADVANCED_FACE('',(#420),#4551,.F.);
#4779=ADVANCED_FACE('',(#421),#188,.T.);
#4780=ADVANCED_FACE('',(#422),#4552,.F.);
#4781=ADVANCED_FACE('',(#423),#189,.T.);
#4782=ADVANCED_FACE('',(#424),#190,.T.);
#4783=ADVANCED_FACE('',(#425),#191,.T.);
#4784=ADVANCED_FACE('',(#426),#192,.T.);
#4785=ADVANCED_FACE('',(#427),#193,.T.);
#4786=ADVANCED_FACE('',(#428,#46,#47,#48,#49,#50,#51,#52,#53,#54,#55,#56,
#57,#58,#59,#60,#61,#62,#63,#64,#65,#66,#67,#68,#69,#70,#71,#72,#73,#74,
#75,#76),#194,.T.);
#4787=CLOSED_SHELL('',(#4553,#4554,#4555,#4556,#4557,#4558,#4559,#4560,
#4561,#4562,#4563,#4564,#4565,#4566,#4567,#4568,#4569,#4570,#4571,#4572,
#4573,#4574,#4575,#4576,#4577,#4578,#4579,#4580,#4581,#4582,#4583,#4584,
#4585,#4586,#4587,#4588,#4589,#4590,#4591,#4592,#4593,#4594,#4595,#4596,
#4597,#4598,#4599,#4600,#4601,#4602,#4603,#4604,#4605,#4606,#4607,#4608,
#4609,#4610,#4611,#4612,#4613,#4614,#4615,#4616,#4617,#4618,#4619,#4620,
#4621,#4622,#4623,#4624,#4625,#4626,#4627,#4628,#4629,#4630,#4631,#4632,
#4633,#4634,#4635,#4636,#4637,#4638,#4639,#4640,#4641,#4642,#4643,#4644,
#4645,#4646,#4647,#4648,#4649,#4650,#4651,#4652,#4653,#4654,#4655,#4656,
#4657,#4658,#4659,#4660,#4661,#4662,#4663,#4664,#4665,#4666,#4667,#4668,
#4669,#4670,#4671,#4672,#4673,#4674,#4675,#4676,#4677,#4678,#4679,#4680,
#4681,#4682,#4683,#4684,#4685,#4686,#4687,#4688,#4689,#4690,#4691,#4692,
#4693,#4694,#4695,#4696,#4697,#4698,#4699,#4700,#4701,#4702,#4703,#4704,
#4705,#4706,#4707,#4708,#4709,#4710,#4711,#4712,#4713,#4714,#4715,#4716,
#4717,#4718,#4719,#4720,#4721,#4722,#4723,#4724,#4725,#4726,#4727,#4728,
#4729,#4730,#4731,#4732,#4733,#4734,#4735,#4736,#4737,#4738,#4739,#4740,
#4741,#4742,#4743,#4744,#4745,#4746,#4747,#4748,#4749,#4750,#4751,#4752,
#4753,#4754,#4755,#4756,#4757,#4758,#4759,#4760,#4761,#4762,#4763,#4764,
#4765,#4766,#4767,#4768,#4769,#4770,#4771,#4772,#4773,#4774,#4775,#4776,
#4777,#4778,#4779,#4780,#4781,#4782,#4783,#4784,#4785,#4786));
#4788=DERIVED_UNIT_ELEMENT(#4790,1.);
#4789=DERIVED_UNIT_ELEMENT(#8065,-3.);
#4790=(
MASS_UNIT()
NAMED_UNIT(*)
SI_UNIT(.KILO.,.GRAM.)
);
#4791=DERIVED_UNIT((#4788,#4789));
#4792=MEASURE_REPRESENTATION_ITEM('density measure',
POSITIVE_RATIO_MEASURE(7850.),#4791);
#4793=PROPERTY_DEFINITION_REPRESENTATION(#4798,#4795);
#4794=PROPERTY_DEFINITION_REPRESENTATION(#4799,#4796);
#4795=REPRESENTATION('material name',(#4797),#8062);
#4796=REPRESENTATION('density',(#4792),#8062);
#4797=DESCRIPTIVE_REPRESENTATION_ITEM('Steel','Steel');
#4798=PROPERTY_DEFINITION('material property','material name',#8072);
#4799=PROPERTY_DEFINITION('material property','density of part',#8072);
#4800=AXIS2_PLACEMENT_3D('',#6665,#5267,#5268);
#4801=AXIS2_PLACEMENT_3D('',#6666,#5269,#5270);
#4802=AXIS2_PLACEMENT_3D('',#6669,#5271,#5272);
#4803=AXIS2_PLACEMENT_3D('',#6673,#5274,#5275);
#4804=AXIS2_PLACEMENT_3D('',#6675,#5277,#5278);
#4805=AXIS2_PLACEMENT_3D('',#6681,#5282,#5283);
#4806=AXIS2_PLACEMENT_3D('',#6693,#5289,#5290);
#4807=AXIS2_PLACEMENT_3D('',#6697,#5292,#5293);
#4808=AXIS2_PLACEMENT_3D('',#6700,#5295,#5296);
#4809=AXIS2_PLACEMENT_3D('',#6703,#5297,#5298);
#4810=AXIS2_PLACEMENT_3D('',#6707,#5300,#5301);
#4811=AXIS2_PLACEMENT_3D('',#6711,#5303,#5304);
#4812=AXIS2_PLACEMENT_3D('',#6715,#5306,#5307);
#4813=AXIS2_PLACEMENT_3D('',#6719,#5309,#5310);
#4814=AXIS2_PLACEMENT_3D('',#6723,#5312,#5313);
#4815=AXIS2_PLACEMENT_3D('',#6727,#5315,#5316);
#4816=AXIS2_PLACEMENT_3D('',#6731,#5318,#5319);
#4817=AXIS2_PLACEMENT_3D('',#6735,#5321,#5322);
#4818=AXIS2_PLACEMENT_3D('',#6739,#5324,#5325);
#4819=AXIS2_PLACEMENT_3D('',#6743,#5327,#5328);
#4820=AXIS2_PLACEMENT_3D('',#6747,#5330,#5331);
#4821=AXIS2_PLACEMENT_3D('',#6751,#5333,#5334);
#4822=AXIS2_PLACEMENT_3D('',#6755,#5336,#5337);
#4823=AXIS2_PLACEMENT_3D('',#6759,#5339,#5340);
#4824=AXIS2_PLACEMENT_3D('',#6763,#5342,#5343);
#4825=AXIS2_PLACEMENT_3D('',#6766,#5345,#5346);
#4826=AXIS2_PLACEMENT_3D('',#6769,#5347,#5348);
#4827=AXIS2_PLACEMENT_3D('',#6773,#5350,#5351);
#4828=AXIS2_PLACEMENT_3D('',#6777,#5353,#5354);
#4829=AXIS2_PLACEMENT_3D('',#6781,#5356,#5357);
#4830=AXIS2_PLACEMENT_3D('',#6785,#5359,#5360);
#4831=AXIS2_PLACEMENT_3D('',#6789,#5362,#5363);
#4832=AXIS2_PLACEMENT_3D('',#6793,#5365,#5366);
#4833=AXIS2_PLACEMENT_3D('',#6797,#5368,#5369);
#4834=AXIS2_PLACEMENT_3D('',#6803,#5372,#5373);
#4835=AXIS2_PLACEMENT_3D('',#6807,#5375,#5376);
#4836=AXIS2_PLACEMENT_3D('',#6811,#5378,#5379);
#4837=AXIS2_PLACEMENT_3D('',#6814,#5381,#5382);
#4838=AXIS2_PLACEMENT_3D('',#6817,#5383,#5384);
#4839=AXIS2_PLACEMENT_3D('',#6821,#5386,#5387);
#4840=AXIS2_PLACEMENT_3D('',#6825,#5389,#5390);
#4841=AXIS2_PLACEMENT_3D('',#6829,#5392,#5393);
#4842=AXIS2_PLACEMENT_3D('',#6833,#5395,#5396);
#4843=AXIS2_PLACEMENT_3D('',#6837,#5398,#5399);
#4844=AXIS2_PLACEMENT_3D('',#6841,#5401,#5402);
#4845=AXIS2_PLACEMENT_3D('',#6845,#5404,#5405);
#4846=AXIS2_PLACEMENT_3D('',#6849,#5407,#5408);
#4847=AXIS2_PLACEMENT_3D('',#6853,#5410,#5411);
#4848=AXIS2_PLACEMENT_3D('',#6857,#5413,#5414);
#4849=AXIS2_PLACEMENT_3D('',#6861,#5416,#5417);
#4850=AXIS2_PLACEMENT_3D('',#6865,#5419,#5420);
#4851=AXIS2_PLACEMENT_3D('',#6869,#5422,#5423);
#4852=AXIS2_PLACEMENT_3D('',#6873,#5425,#5426);
#4853=AXIS2_PLACEMENT_3D('',#6877,#5428,#5429);
#4854=AXIS2_PLACEMENT_3D('',#6881,#5431,#5432);
#4855=AXIS2_PLACEMENT_3D('',#6885,#5434,#5435);
#4856=AXIS2_PLACEMENT_3D('',#6889,#5437,#5438);
#4857=AXIS2_PLACEMENT_3D('',#6893,#5440,#5441);
#4858=AXIS2_PLACEMENT_3D('',#6899,#5444,#5445);
#4859=AXIS2_PLACEMENT_3D('',#6903,#5447,#5448);
#4860=AXIS2_PLACEMENT_3D('',#6907,#5450,#5451);
#4861=AXIS2_PLACEMENT_3D('',#6910,#5453,#5454);
#4862=AXIS2_PLACEMENT_3D('',#6913,#5455,#5456);
#4863=AXIS2_PLACEMENT_3D('',#6917,#5458,#5459);
#4864=AXIS2_PLACEMENT_3D('',#6921,#5461,#5462);
#4865=AXIS2_PLACEMENT_3D('',#6925,#5464,#5465);
#4866=AXIS2_PLACEMENT_3D('',#6929,#5467,#5468);
#4867=AXIS2_PLACEMENT_3D('',#6933,#5470,#5471);
#4868=AXIS2_PLACEMENT_3D('',#6937,#5473,#5474);
#4869=AXIS2_PLACEMENT_3D('',#6941,#5476,#5477);
#4870=AXIS2_PLACEMENT_3D('',#6944,#5479,#5480);
#4871=AXIS2_PLACEMENT_3D('',#6947,#5481,#5482);
#4872=AXIS2_PLACEMENT_3D('',#6951,#5484,#5485);
#4873=AXIS2_PLACEMENT_3D('',#6955,#5487,#5488);
#4874=AXIS2_PLACEMENT_3D('',#6959,#5490,#5491);
#4875=AXIS2_PLACEMENT_3D('',#6963,#5493,#5494);
#4876=AXIS2_PLACEMENT_3D('',#6967,#5496,#5497);
#4877=AXIS2_PLACEMENT_3D('',#6971,#5499,#5500);
#4878=AXIS2_PLACEMENT_3D('',#6975,#5502,#5503);
#4879=AXIS2_PLACEMENT_3D('',#6979,#5505,#5506);
#4880=AXIS2_PLACEMENT_3D('',#6983,#5508,#5509);
#4881=AXIS2_PLACEMENT_3D('',#6987,#5511,#5512);
#4882=AXIS2_PLACEMENT_3D('',#6991,#5514,#5515);
#4883=AXIS2_PLACEMENT_3D('',#6995,#5517,#5518);
#4884=AXIS2_PLACEMENT_3D('',#6999,#5520,#5521);
#4885=AXIS2_PLACEMENT_3D('',#7003,#5523,#5524);
#4886=AXIS2_PLACEMENT_3D('',#7007,#5526,#5527);
#4887=AXIS2_PLACEMENT_3D('',#7010,#5529,#5530);
#4888=AXIS2_PLACEMENT_3D('',#7013,#5531,#5532);
#4889=AXIS2_PLACEMENT_3D('',#7017,#5534,#5535);
#4890=AXIS2_PLACEMENT_3D('',#7021,#5537,#5538);
#4891=AXIS2_PLACEMENT_3D('',#7025,#5540,#5541);
#4892=AXIS2_PLACEMENT_3D('',#7029,#5543,#5544);
#4893=AXIS2_PLACEMENT_3D('',#7033,#5546,#5547);
#4894=AXIS2_PLACEMENT_3D('',#7037,#5549,#5550);
#4895=AXIS2_PLACEMENT_3D('',#7041,#5552,#5553);
#4896=AXIS2_PLACEMENT_3D('',#7045,#5555,#5556);
#4897=AXIS2_PLACEMENT_3D('',#7049,#5558,#5559);
#4898=AXIS2_PLACEMENT_3D('',#7053,#5561,#5562);
#4899=AXIS2_PLACEMENT_3D('',#7057,#5564,#5565);
#4900=AXIS2_PLACEMENT_3D('',#7061,#5567,#5568);
#4901=AXIS2_PLACEMENT_3D('',#7065,#5570,#5571);
#4902=AXIS2_PLACEMENT_3D('',#7069,#5573,#5574);
#4903=AXIS2_PLACEMENT_3D('',#7073,#5576,#5577);
#4904=AXIS2_PLACEMENT_3D('',#7079,#5580,#5581);
#4905=AXIS2_PLACEMENT_3D('',#7083,#5583,#5584);
#4906=AXIS2_PLACEMENT_3D('',#7087,#5586,#5587);
#4907=AXIS2_PLACEMENT_3D('',#7090,#5589,#5590);
#4908=AXIS2_PLACEMENT_3D('',#7093,#5591,#5592);
#4909=AXIS2_PLACEMENT_3D('',#7097,#5594,#5595);
#4910=AXIS2_PLACEMENT_3D('',#7101,#5597,#5598);
#4911=AXIS2_PLACEMENT_3D('',#7105,#5600,#5601);
#4912=AXIS2_PLACEMENT_3D('',#7109,#5603,#5604);
#4913=AXIS2_PLACEMENT_3D('',#7113,#5606,#5607);
#4914=AXIS2_PLACEMENT_3D('',#7117,#5609,#5610);
#4915=AXIS2_PLACEMENT_3D('',#7121,#5612,#5613);
#4916=AXIS2_PLACEMENT_3D('',#7124,#5615,#5616);
#4917=AXIS2_PLACEMENT_3D('',#7129,#5618,#5619);
#4918=AXIS2_PLACEMENT_3D('',#7133,#5621,#5622);
#4919=AXIS2_PLACEMENT_3D('',#7137,#5624,#5625);
#4920=AXIS2_PLACEMENT_3D('',#7140,#5627,#5628);
#4921=AXIS2_PLACEMENT_3D('',#7141,#5629,#5630);
#4922=AXIS2_PLACEMENT_3D('',#7144,#5631,#5632);
#4923=AXIS2_PLACEMENT_3D('',#7147,#5635,#5636);
#4924=AXIS2_PLACEMENT_3D('',#7151,#5639,#5640);
#4925=AXIS2_PLACEMENT_3D('',#7153,#5641,#5642);
#4926=AXIS2_PLACEMENT_3D('',#7155,#5644,#5645);
#4927=AXIS2_PLACEMENT_3D('',#7159,#5648,#5649);
#4928=AXIS2_PLACEMENT_3D('',#7161,#5650,#5651);
#4929=AXIS2_PLACEMENT_3D('',#7163,#5653,#5654);
#4930=AXIS2_PLACEMENT_3D('',#7167,#5656,#5657);
#4931=AXIS2_PLACEMENT_3D('',#7169,#5659,#5660);
#4932=AXIS2_PLACEMENT_3D('',#7173,#5663,#5664);
#4933=AXIS2_PLACEMENT_3D('',#7175,#5665,#5666);
#4934=AXIS2_PLACEMENT_3D('',#7177,#5668,#5669);
#4935=AXIS2_PLACEMENT_3D('',#7181,#5672,#5673);
#4936=AXIS2_PLACEMENT_3D('',#7183,#5674,#5675);
#4937=AXIS2_PLACEMENT_3D('',#7185,#5677,#5678);
#4938=AXIS2_PLACEMENT_3D('',#7189,#5681,#5682);
#4939=AXIS2_PLACEMENT_3D('',#7191,#5683,#5684);
#4940=AXIS2_PLACEMENT_3D('',#7193,#5686,#5687);
#4941=AXIS2_PLACEMENT_3D('',#7195,#5689,#5690);
#4942=AXIS2_PLACEMENT_3D('',#7197,#5691,#5692);
#4943=AXIS2_PLACEMENT_3D('',#7199,#5694,#5695);
#4944=AXIS2_PLACEMENT_3D('',#7205,#5699,#5700);
#4945=AXIS2_PLACEMENT_3D('',#7207,#5701,#5702);
#4946=AXIS2_PLACEMENT_3D('',#7209,#5704,#5705);
#4947=AXIS2_PLACEMENT_3D('',#7213,#5708,#5709);
#4948=AXIS2_PLACEMENT_3D('',#7215,#5710,#5711);
#4949=AXIS2_PLACEMENT_3D('',#7217,#5713,#5714);
#4950=AXIS2_PLACEMENT_3D('',#7221,#5717,#5718);
#4951=AXIS2_PLACEMENT_3D('',#7223,#5719,#5720);
#4952=AXIS2_PLACEMENT_3D('',#7225,#5722,#5723);
#4953=AXIS2_PLACEMENT_3D('',#7229,#5726,#5727);
#4954=AXIS2_PLACEMENT_3D('',#7230,#5728,#5729);
#4955=AXIS2_PLACEMENT_3D('',#7231,#5730,#5731);
#4956=AXIS2_PLACEMENT_3D('',#7237,#5735,#5736);
#4957=AXIS2_PLACEMENT_3D('',#7239,#5737,#5738);
#4958=AXIS2_PLACEMENT_3D('',#7241,#5740,#5741);
#4959=AXIS2_PLACEMENT_3D('',#7245,#5744,#5745);
#4960=AXIS2_PLACEMENT_3D('',#7247,#5746,#5747);
#4961=AXIS2_PLACEMENT_3D('',#7249,#5749,#5750);
#4962=AXIS2_PLACEMENT_3D('',#7253,#5753,#5754);
#4963=AXIS2_PLACEMENT_3D('',#7255,#5755,#5756);
#4964=AXIS2_PLACEMENT_3D('',#7257,#5758,#5759);
#4965=AXIS2_PLACEMENT_3D('',#7261,#5762,#5763);
#4966=AXIS2_PLACEMENT_3D('',#7262,#5764,#5765);
#4967=AXIS2_PLACEMENT_3D('',#7263,#5766,#5767);
#4968=AXIS2_PLACEMENT_3D('',#7267,#5769,#5770);
#4969=AXIS2_PLACEMENT_3D('',#7269,#5772,#5773);
#4970=AXIS2_PLACEMENT_3D('',#7273,#5776,#5777);
#4971=AXIS2_PLACEMENT_3D('',#7275,#5778,#5779);
#4972=AXIS2_PLACEMENT_3D('',#7277,#5781,#5782);
#4973=AXIS2_PLACEMENT_3D('',#7281,#5785,#5786);
#4974=AXIS2_PLACEMENT_3D('',#7283,#5787,#5788);
#4975=AXIS2_PLACEMENT_3D('',#7285,#5790,#5791);
#4976=AXIS2_PLACEMENT_3D('',#7289,#5794,#5795);
#4977=AXIS2_PLACEMENT_3D('',#7291,#5796,#5797);
#4978=AXIS2_PLACEMENT_3D('',#7293,#5799,#5800);
#4979=AXIS2_PLACEMENT_3D('',#7295,#5802,#5803);
#4980=AXIS2_PLACEMENT_3D('',#7301,#5807,#5808);
#4981=AXIS2_PLACEMENT_3D('',#7303,#5809,#5810);
#4982=AXIS2_PLACEMENT_3D('',#7305,#5812,#5813);
#4983=AXIS2_PLACEMENT_3D('',#7309,#5816,#5817);
#4984=AXIS2_PLACEMENT_3D('',#7311,#5818,#5819);
#4985=AXIS2_PLACEMENT_3D('',#7313,#5821,#5822);
#4986=AXIS2_PLACEMENT_3D('',#7317,#5825,#5826);
#4987=AXIS2_PLACEMENT_3D('',#7319,#5827,#5828);
#4988=AXIS2_PLACEMENT_3D('',#7321,#5830,#5831);
#4989=AXIS2_PLACEMENT_3D('',#7325,#5834,#5835);
#4990=AXIS2_PLACEMENT_3D('',#7326,#5836,#5837);
#4991=AXIS2_PLACEMENT_3D('',#7327,#5838,#5839);
#4992=AXIS2_PLACEMENT_3D('',#7333,#5843,#5844);
#4993=AXIS2_PLACEMENT_3D('',#7335,#5845,#5846);
#4994=AXIS2_PLACEMENT_3D('',#7337,#5848,#5849);
#4995=AXIS2_PLACEMENT_3D('',#7341,#5852,#5853);
#4996=AXIS2_PLACEMENT_3D('',#7343,#5854,#5855);
#4997=AXIS2_PLACEMENT_3D('',#7345,#5857,#5858);
#4998=AXIS2_PLACEMENT_3D('',#7349,#5861,#5862);
#4999=AXIS2_PLACEMENT_3D('',#7351,#5863,#5864);
#5000=AXIS2_PLACEMENT_3D('',#7353,#5866,#5867);
#5001=AXIS2_PLACEMENT_3D('',#7357,#5870,#5871);
#5002=AXIS2_PLACEMENT_3D('',#7358,#5872,#5873);
#5003=AXIS2_PLACEMENT_3D('',#7359,#5874,#5875);
#5004=AXIS2_PLACEMENT_3D('',#7365,#5879,#5880);
#5005=AXIS2_PLACEMENT_3D('',#7367,#5881,#5882);
#5006=AXIS2_PLACEMENT_3D('',#7369,#5884,#5885);
#5007=AXIS2_PLACEMENT_3D('',#7373,#5888,#5889);
#5008=AXIS2_PLACEMENT_3D('',#7375,#5890,#5891);
#5009=AXIS2_PLACEMENT_3D('',#7377,#5893,#5894);
#5010=AXIS2_PLACEMENT_3D('',#7381,#5897,#5898);
#5011=AXIS2_PLACEMENT_3D('',#7383,#5899,#5900);
#5012=AXIS2_PLACEMENT_3D('',#7385,#5902,#5903);
#5013=AXIS2_PLACEMENT_3D('',#7389,#5906,#5907);
#5014=AXIS2_PLACEMENT_3D('',#7390,#5908,#5909);
#5015=AXIS2_PLACEMENT_3D('',#7391,#5910,#5911);
#5016=AXIS2_PLACEMENT_3D('',#7397,#5915,#5916);
#5017=AXIS2_PLACEMENT_3D('',#7399,#5917,#5918);
#5018=AXIS2_PLACEMENT_3D('',#7401,#5920,#5921);
#5019=AXIS2_PLACEMENT_3D('',#7405,#5924,#5925);
#5020=AXIS2_PLACEMENT_3D('',#7407,#5926,#5927);
#5021=AXIS2_PLACEMENT_3D('',#7409,#5929,#5930);
#5022=AXIS2_PLACEMENT_3D('',#7413,#5933,#5934);
#5023=AXIS2_PLACEMENT_3D('',#7415,#5935,#5936);
#5024=AXIS2_PLACEMENT_3D('',#7417,#5938,#5939);
#5025=AXIS2_PLACEMENT_3D('',#7421,#5942,#5943);
#5026=AXIS2_PLACEMENT_3D('',#7422,#5944,#5945);
#5027=AXIS2_PLACEMENT_3D('',#7423,#5946,#5947);
#5028=AXIS2_PLACEMENT_3D('',#7425,#5948,#5949);
#5029=AXIS2_PLACEMENT_3D('',#7427,#5951,#5952);
#5030=AXIS2_PLACEMENT_3D('',#7433,#5956,#5957);
#5031=AXIS2_PLACEMENT_3D('',#7435,#5958,#5959);
#5032=AXIS2_PLACEMENT_3D('',#7437,#5961,#5962);
#5033=AXIS2_PLACEMENT_3D('',#7441,#5965,#5966);
#5034=AXIS2_PLACEMENT_3D('',#7443,#5967,#5968);
#5035=AXIS2_PLACEMENT_3D('',#7445,#5970,#5971);
#5036=AXIS2_PLACEMENT_3D('',#7449,#5974,#5975);
#5037=AXIS2_PLACEMENT_3D('',#7451,#5976,#5977);
#5038=AXIS2_PLACEMENT_3D('',#7453,#5979,#5980);
#5039=AXIS2_PLACEMENT_3D('',#7457,#5983,#5984);
#5040=AXIS2_PLACEMENT_3D('',#7458,#5985,#5986);
#5041=AXIS2_PLACEMENT_3D('',#7459,#5987,#5988);
#5042=AXIS2_PLACEMENT_3D('',#7465,#5992,#5993);
#5043=AXIS2_PLACEMENT_3D('',#7467,#5994,#5995);
#5044=AXIS2_PLACEMENT_3D('',#7469,#5997,#5998);
#5045=AXIS2_PLACEMENT_3D('',#7473,#6001,#6002);
#5046=AXIS2_PLACEMENT_3D('',#7475,#6003,#6004);
#5047=AXIS2_PLACEMENT_3D('',#7477,#6006,#6007);
#5048=AXIS2_PLACEMENT_3D('',#7481,#6010,#6011);
#5049=AXIS2_PLACEMENT_3D('',#7483,#6012,#6013);
#5050=AXIS2_PLACEMENT_3D('',#7485,#6015,#6016);
#5051=AXIS2_PLACEMENT_3D('',#7489,#6019,#6020);
#5052=AXIS2_PLACEMENT_3D('',#7490,#6021,#6022);
#5053=AXIS2_PLACEMENT_3D('',#7491,#6023,#6024);
#5054=AXIS2_PLACEMENT_3D('',#7497,#6028,#6029);
#5055=AXIS2_PLACEMENT_3D('',#7499,#6030,#6031);
#5056=AXIS2_PLACEMENT_3D('',#7501,#6033,#6034);
#5057=AXIS2_PLACEMENT_3D('',#7505,#6037,#6038);
#5058=AXIS2_PLACEMENT_3D('',#7507,#6039,#6040);
#5059=AXIS2_PLACEMENT_3D('',#7509,#6042,#6043);
#5060=AXIS2_PLACEMENT_3D('',#7513,#6046,#6047);
#5061=AXIS2_PLACEMENT_3D('',#7515,#6048,#6049);
#5062=AXIS2_PLACEMENT_3D('',#7517,#6051,#6052);
#5063=AXIS2_PLACEMENT_3D('',#7521,#6055,#6056);
#5064=AXIS2_PLACEMENT_3D('',#7522,#6057,#6058);
#5065=AXIS2_PLACEMENT_3D('',#7523,#6059,#6060);
#5066=AXIS2_PLACEMENT_3D('',#7529,#6064,#6065);
#5067=AXIS2_PLACEMENT_3D('',#7531,#6066,#6067);
#5068=AXIS2_PLACEMENT_3D('',#7533,#6069,#6070);
#5069=AXIS2_PLACEMENT_3D('',#7537,#6073,#6074);
#5070=AXIS2_PLACEMENT_3D('',#7539,#6075,#6076);
#5071=AXIS2_PLACEMENT_3D('',#7541,#6078,#6079);
#5072=AXIS2_PLACEMENT_3D('',#7545,#6082,#6083);
#5073=AXIS2_PLACEMENT_3D('',#7547,#6084,#6085);
#5074=AXIS2_PLACEMENT_3D('',#7549,#6087,#6088);
#5075=AXIS2_PLACEMENT_3D('',#7553,#6091,#6092);
#5076=AXIS2_PLACEMENT_3D('',#7554,#6093,#6094);
#5077=AXIS2_PLACEMENT_3D('',#7555,#6095,#6096);
#5078=AXIS2_PLACEMENT_3D('',#7557,#6097,#6098);
#5079=AXIS2_PLACEMENT_3D('',#7559,#6100,#6101);
#5080=AXIS2_PLACEMENT_3D('',#7565,#6105,#6106);
#5081=AXIS2_PLACEMENT_3D('',#7567,#6107,#6108);
#5082=AXIS2_PLACEMENT_3D('',#7569,#6110,#6111);
#5083=AXIS2_PLACEMENT_3D('',#7573,#6114,#6115);
#5084=AXIS2_PLACEMENT_3D('',#7575,#6116,#6117);
#5085=AXIS2_PLACEMENT_3D('',#7577,#6119,#6120);
#5086=AXIS2_PLACEMENT_3D('',#7581,#6123,#6124);
#5087=AXIS2_PLACEMENT_3D('',#7583,#6125,#6126);
#5088=AXIS2_PLACEMENT_3D('',#7585,#6128,#6129);
#5089=AXIS2_PLACEMENT_3D('',#7589,#6132,#6133);
#5090=AXIS2_PLACEMENT_3D('',#7590,#6134,#6135);
#5091=AXIS2_PLACEMENT_3D('',#7591,#6136,#6137);
#5092=AXIS2_PLACEMENT_3D('',#7597,#6141,#6142);
#5093=AXIS2_PLACEMENT_3D('',#7599,#6143,#6144);
#5094=AXIS2_PLACEMENT_3D('',#7601,#6146,#6147);
#5095=AXIS2_PLACEMENT_3D('',#7605,#6150,#6151);
#5096=AXIS2_PLACEMENT_3D('',#7607,#6152,#6153);
#5097=AXIS2_PLACEMENT_3D('',#7609,#6155,#6156);
#5098=AXIS2_PLACEMENT_3D('',#7613,#6159,#6160);
#5099=AXIS2_PLACEMENT_3D('',#7615,#6161,#6162);
#5100=AXIS2_PLACEMENT_3D('',#7617,#6164,#6165);
#5101=AXIS2_PLACEMENT_3D('',#7621,#6168,#6169);
#5102=AXIS2_PLACEMENT_3D('',#7622,#6170,#6171);
#5103=AXIS2_PLACEMENT_3D('',#7623,#6172,#6173);
#5104=AXIS2_PLACEMENT_3D('',#7627,#6175,#6176);
#5105=AXIS2_PLACEMENT_3D('',#7629,#6178,#6179);
#5106=AXIS2_PLACEMENT_3D('',#7633,#6182,#6183);
#5107=AXIS2_PLACEMENT_3D('',#7635,#6184,#6185);
#5108=AXIS2_PLACEMENT_3D('',#7637,#6187,#6188);
#5109=AXIS2_PLACEMENT_3D('',#7641,#6191,#6192);
#5110=AXIS2_PLACEMENT_3D('',#7643,#6193,#6194);
#5111=AXIS2_PLACEMENT_3D('',#7645,#6196,#6197);
#5112=AXIS2_PLACEMENT_3D('',#7649,#6200,#6201);
#5113=AXIS2_PLACEMENT_3D('',#7651,#6202,#6203);
#5114=AXIS2_PLACEMENT_3D('',#7653,#6205,#6206);
#5115=AXIS2_PLACEMENT_3D('',#7655,#6208,#6209);
#5116=AXIS2_PLACEMENT_3D('',#7661,#6213,#6214);
#5117=AXIS2_PLACEMENT_3D('',#7663,#6215,#6216);
#5118=AXIS2_PLACEMENT_3D('',#7665,#6218,#6219);
#5119=AXIS2_PLACEMENT_3D('',#7669,#6222,#6223);
#5120=AXIS2_PLACEMENT_3D('',#7671,#6224,#6225);
#5121=AXIS2_PLACEMENT_3D('',#7673,#6227,#6228);
#5122=AXIS2_PLACEMENT_3D('',#7677,#6231,#6232);
#5123=AXIS2_PLACEMENT_3D('',#7679,#6233,#6234);
#5124=AXIS2_PLACEMENT_3D('',#7681,#6236,#6237);
#5125=AXIS2_PLACEMENT_3D('',#7685,#6240,#6241);
#5126=AXIS2_PLACEMENT_3D('',#7686,#6242,#6243);
#5127=AXIS2_PLACEMENT_3D('',#7687,#6244,#6245);
#5128=AXIS2_PLACEMENT_3D('',#7693,#6249,#6250);
#5129=AXIS2_PLACEMENT_3D('',#7695,#6251,#6252);
#5130=AXIS2_PLACEMENT_3D('',#7697,#6254,#6255);
#5131=AXIS2_PLACEMENT_3D('',#7701,#6258,#6259);
#5132=AXIS2_PLACEMENT_3D('',#7703,#6260,#6261);
#5133=AXIS2_PLACEMENT_3D('',#7705,#6263,#6264);
#5134=AXIS2_PLACEMENT_3D('',#7709,#6267,#6268);
#5135=AXIS2_PLACEMENT_3D('',#7711,#6269,#6270);
#5136=AXIS2_PLACEMENT_3D('',#7713,#6272,#6273);
#5137=AXIS2_PLACEMENT_3D('',#7717,#6276,#6277);
#5138=AXIS2_PLACEMENT_3D('',#7718,#6278,#6279);
#5139=AXIS2_PLACEMENT_3D('',#7719,#6280,#6281);
#5140=AXIS2_PLACEMENT_3D('',#7725,#6285,#6286);
#5141=AXIS2_PLACEMENT_3D('',#7727,#6287,#6288);
#5142=AXIS2_PLACEMENT_3D('',#7729,#6290,#6291);
#5143=AXIS2_PLACEMENT_3D('',#7733,#6294,#6295);
#5144=AXIS2_PLACEMENT_3D('',#7735,#6296,#6297);
#5145=AXIS2_PLACEMENT_3D('',#7737,#6299,#6300);
#5146=AXIS2_PLACEMENT_3D('',#7741,#6303,#6304);
#5147=AXIS2_PLACEMENT_3D('',#7743,#6305,#6306);
#5148=AXIS2_PLACEMENT_3D('',#7745,#6308,#6309);
#5149=AXIS2_PLACEMENT_3D('',#7749,#6312,#6313);
#5150=AXIS2_PLACEMENT_3D('',#7750,#6314,#6315);
#5151=AXIS2_PLACEMENT_3D('',#7751,#6316,#6317);
#5152=AXIS2_PLACEMENT_3D('',#7757,#6321,#6322);
#5153=AXIS2_PLACEMENT_3D('',#7759,#6323,#6324);
#5154=AXIS2_PLACEMENT_3D('',#7761,#6326,#6327);
#5155=AXIS2_PLACEMENT_3D('',#7765,#6330,#6331);
#5156=AXIS2_PLACEMENT_3D('',#7767,#6332,#6333);
#5157=AXIS2_PLACEMENT_3D('',#7769,#6335,#6336);
#5158=AXIS2_PLACEMENT_3D('',#7773,#6339,#6340);
#5159=AXIS2_PLACEMENT_3D('',#7775,#6341,#6342);
#5160=AXIS2_PLACEMENT_3D('',#7777,#6344,#6345);
#5161=AXIS2_PLACEMENT_3D('',#7781,#6348,#6349);
#5162=AXIS2_PLACEMENT_3D('',#7782,#6350,#6351);
#5163=AXIS2_PLACEMENT_3D('',#7783,#6352,#6353);
#5164=AXIS2_PLACEMENT_3D('',#7789,#6357,#6358);
#5165=AXIS2_PLACEMENT_3D('',#7791,#6359,#6360);
#5166=AXIS2_PLACEMENT_3D('',#7793,#6362,#6363);
#5167=AXIS2_PLACEMENT_3D('',#7797,#6366,#6367);
#5168=AXIS2_PLACEMENT_3D('',#7799,#6368,#6369);
#5169=AXIS2_PLACEMENT_3D('',#7801,#6371,#6372);
#5170=AXIS2_PLACEMENT_3D('',#7805,#6375,#6376);
#5171=AXIS2_PLACEMENT_3D('',#7807,#6377,#6378);
#5172=AXIS2_PLACEMENT_3D('',#7809,#6380,#6381);
#5173=AXIS2_PLACEMENT_3D('',#7813,#6384,#6385);
#5174=AXIS2_PLACEMENT_3D('',#7814,#6386,#6387);
#5175=AXIS2_PLACEMENT_3D('',#7815,#6388,#6389);
#5176=AXIS2_PLACEMENT_3D('',#7819,#6391,#6392);
#5177=AXIS2_PLACEMENT_3D('',#7821,#6394,#6395);
#5178=AXIS2_PLACEMENT_3D('',#7825,#6398,#6399);
#5179=AXIS2_PLACEMENT_3D('',#7827,#6400,#6401);
#5180=AXIS2_PLACEMENT_3D('',#7829,#6403,#6404);
#5181=AXIS2_PLACEMENT_3D('',#7833,#6407,#6408);
#5182=AXIS2_PLACEMENT_3D('',#7835,#6409,#6410);
#5183=AXIS2_PLACEMENT_3D('',#7837,#6412,#6413);
#5184=AXIS2_PLACEMENT_3D('',#7841,#6416,#6417);
#5185=AXIS2_PLACEMENT_3D('',#7843,#6418,#6419);
#5186=AXIS2_PLACEMENT_3D('',#7845,#6421,#6422);
#5187=AXIS2_PLACEMENT_3D('',#7847,#6424,#6425);
#5188=AXIS2_PLACEMENT_3D('',#7853,#6429,#6430);
#5189=AXIS2_PLACEMENT_3D('',#7855,#6431,#6432);
#5190=AXIS2_PLACEMENT_3D('',#7857,#6434,#6435);
#5191=AXIS2_PLACEMENT_3D('',#7861,#6438,#6439);
#5192=AXIS2_PLACEMENT_3D('',#7863,#6440,#6441);
#5193=AXIS2_PLACEMENT_3D('',#7865,#6443,#6444);
#5194=AXIS2_PLACEMENT_3D('',#7869,#6447,#6448);
#5195=AXIS2_PLACEMENT_3D('',#7871,#6449,#6450);
#5196=AXIS2_PLACEMENT_3D('',#7873,#6452,#6453);
#5197=AXIS2_PLACEMENT_3D('',#7877,#6456,#6457);
#5198=AXIS2_PLACEMENT_3D('',#7878,#6458,#6459);
#5199=AXIS2_PLACEMENT_3D('',#7879,#6460,#6461);
#5200=AXIS2_PLACEMENT_3D('',#7885,#6465,#6466);
#5201=AXIS2_PLACEMENT_3D('',#7887,#6467,#6468);
#5202=AXIS2_PLACEMENT_3D('',#7889,#6470,#6471);
#5203=AXIS2_PLACEMENT_3D('',#7893,#6474,#6475);
#5204=AXIS2_PLACEMENT_3D('',#7895,#6476,#6477);
#5205=AXIS2_PLACEMENT_3D('',#7897,#6479,#6480);
#5206=AXIS2_PLACEMENT_3D('',#7901,#6483,#6484);
#5207=AXIS2_PLACEMENT_3D('',#7903,#6485,#6486);
#5208=AXIS2_PLACEMENT_3D('',#7905,#6488,#6489);
#5209=AXIS2_PLACEMENT_3D('',#7909,#6492,#6493);
#5210=AXIS2_PLACEMENT_3D('',#7910,#6494,#6495);
#5211=AXIS2_PLACEMENT_3D('',#7911,#6496,#6497);
#5212=AXIS2_PLACEMENT_3D('',#7913,#6498,#6499);
#5213=AXIS2_PLACEMENT_3D('',#7915,#6501,#6502);
#5214=AXIS2_PLACEMENT_3D('',#7921,#6506,#6507);
#5215=AXIS2_PLACEMENT_3D('',#7923,#6508,#6509);
#5216=AXIS2_PLACEMENT_3D('',#7925,#6511,#6512);
#5217=AXIS2_PLACEMENT_3D('',#7929,#6515,#6516);
#5218=AXIS2_PLACEMENT_3D('',#7931,#6517,#6518);
#5219=AXIS2_PLACEMENT_3D('',#7933,#6520,#6521);
#5220=AXIS2_PLACEMENT_3D('',#7937,#6524,#6525);
#5221=AXIS2_PLACEMENT_3D('',#7939,#6526,#6527);
#5222=AXIS2_PLACEMENT_3D('',#7941,#6529,#6530);
#5223=AXIS2_PLACEMENT_3D('',#7945,#6533,#6534);
#5224=AXIS2_PLACEMENT_3D('',#7946,#6535,#6536);
#5225=AXIS2_PLACEMENT_3D('',#7947,#6537,#6538);
#5226=AXIS2_PLACEMENT_3D('',#7953,#6542,#6543);
#5227=AXIS2_PLACEMENT_3D('',#7955,#6544,#6545);
#5228=AXIS2_PLACEMENT_3D('',#7957,#6547,#6548);
#5229=AXIS2_PLACEMENT_3D('',#7961,#6551,#6552);
#5230=AXIS2_PLACEMENT_3D('',#7963,#6553,#6554);
#5231=AXIS2_PLACEMENT_3D('',#7965,#6556,#6557);
#5232=AXIS2_PLACEMENT_3D('',#7969,#6560,#6561);
#5233=AXIS2_PLACEMENT_3D('',#7971,#6562,#6563);
#5234=AXIS2_PLACEMENT_3D('',#7973,#6565,#6566);
#5235=AXIS2_PLACEMENT_3D('',#7977,#6569,#6570);
#5236=AXIS2_PLACEMENT_3D('',#7978,#6571,#6572);
#5237=AXIS2_PLACEMENT_3D('',#7979,#6573,#6574);
#5238=AXIS2_PLACEMENT_3D('',#7985,#6578,#6579);
#5239=AXIS2_PLACEMENT_3D('',#7987,#6580,#6581);
#5240=AXIS2_PLACEMENT_3D('',#7989,#6583,#6584);
#5241=AXIS2_PLACEMENT_3D('',#7993,#6587,#6588);
#5242=AXIS2_PLACEMENT_3D('',#7995,#6589,#6590);
#5243=AXIS2_PLACEMENT_3D('',#7997,#6592,#6593);
#5244=AXIS2_PLACEMENT_3D('',#8001,#6596,#6597);
#5245=AXIS2_PLACEMENT_3D('',#8003,#6598,#6599);
#5246=AXIS2_PLACEMENT_3D('',#8005,#6601,#6602);
#5247=AXIS2_PLACEMENT_3D('',#8009,#6605,#6606);
#5248=AXIS2_PLACEMENT_3D('',#8010,#6607,#6608);
#5249=AXIS2_PLACEMENT_3D('',#8011,#6609,#6610);
#5250=AXIS2_PLACEMENT_3D('',#8017,#6614,#6615);
#5251=AXIS2_PLACEMENT_3D('',#8019,#6616,#6617);
#5252=AXIS2_PLACEMENT_3D('',#8021,#6619,#6620);
#5253=AXIS2_PLACEMENT_3D('',#8025,#6623,#6624);
#5254=AXIS2_PLACEMENT_3D('',#8027,#6625,#6626);
#5255=AXIS2_PLACEMENT_3D('',#8029,#6628,#6629);
#5256=AXIS2_PLACEMENT_3D('',#8033,#6632,#6633);
#5257=AXIS2_PLACEMENT_3D('',#8035,#6634,#6635);
#5258=AXIS2_PLACEMENT_3D('',#8037,#6637,#6638);
#5259=AXIS2_PLACEMENT_3D('',#8041,#6641,#6642);
#5260=AXIS2_PLACEMENT_3D('',#8042,#6643,#6644);
#5261=AXIS2_PLACEMENT_3D('',#8043,#6645,#6646);
#5262=AXIS2_PLACEMENT_3D('',#8045,#6648,#6649);
#5263=AXIS2_PLACEMENT_3D('',#8049,#6652,#6653);
#5264=AXIS2_PLACEMENT_3D('',#8053,#6656,#6657);
#5265=AXIS2_PLACEMENT_3D('',#8057,#6660,#6661);
#5266=AXIS2_PLACEMENT_3D('',#8059,#6663,#6664);
#5267=DIRECTION('axis',(0.,0.,1.));
#5268=DIRECTION('refdir',(1.,0.,0.));
#5269=DIRECTION('center_axis',(0.,0.,1.));
#5270=DIRECTION('ref_axis',(-0.707106781186547,0.707106781186547,0.));
#5271=DIRECTION('center_axis',(0.,0.,-1.));
#5272=DIRECTION('ref_axis',(-0.707106781186547,0.707106781186547,0.));
#5273=DIRECTION('',(0.,0.,-1.));
#5274=DIRECTION('center_axis',(0.,0.,1.));
#5275=DIRECTION('ref_axis',(-0.707106781186547,0.707106781186547,0.));
#5276=DIRECTION('',(0.,0.,1.));
#5277=DIRECTION('center_axis',(-1.,0.,0.));
#5278=DIRECTION('ref_axis',(0.,-1.,0.));
#5279=DIRECTION('',(0.,1.,0.));
#5280=DIRECTION('',(0.,0.,-1.));
#5281=DIRECTION('',(0.,-1.,0.));
#5282=DIRECTION('center_axis',(0.,0.,1.));
#5283=DIRECTION('ref_axis',(1.,0.,0.));
#5284=DIRECTION('',(1.,0.,0.));
#5285=DIRECTION('',(0.,1.,0.));
#5286=DIRECTION('',(-1.,0.,0.));
#5287=DIRECTION('',(0.,-1.,0.));
#5288=DIRECTION('',(1.,0.,0.));
#5289=DIRECTION('center_axis',(0.,0.,1.));
#5290=DIRECTION('ref_axis',(0.707106781186547,0.707106781186547,0.));
#5291=DIRECTION('',(0.,-1.,0.));
#5292=DIRECTION('center_axis',(0.,0.,1.));
#5293=DIRECTION('ref_axis',(0.707106781186547,-0.707106781186547,0.));
#5294=DIRECTION('',(-1.,0.,0.));
#5295=DIRECTION('center_axis',(0.,0.,1.));
#5296=DIRECTION('ref_axis',(-0.707106781186547,-0.707106781186547,0.));
#5297=DIRECTION('center_axis',(0.,0.,-1.));
#5298=DIRECTION('ref_axis',(1.,0.,0.));
#5299=DIRECTION('',(1.,0.,0.));
#5300=DIRECTION('center_axis',(0.,0.,-1.));
#5301=DIRECTION('ref_axis',(0.326015133680403,0.945364550113526,0.));
#5302=DIRECTION('',(0.,1.,0.));
#5303=DIRECTION('center_axis',(0.,0.,-1.));
#5304=DIRECTION('ref_axis',(-0.976288246375264,-0.216474617425489,0.));
#5305=DIRECTION('',(-1.,0.,0.));
#5306=DIRECTION('center_axis',(0.,0.,-1.));
#5307=DIRECTION('ref_axis',(-8.88178419700128E-15,-1.,0.));
#5308=DIRECTION('',(0.,-1.,0.));
#5309=DIRECTION('center_axis',(0.,0.,-1.));
#5310=DIRECTION('ref_axis',(0.,1.,0.));
#5311=DIRECTION('',(0.,1.,0.));
#5312=DIRECTION('center_axis',(0.,0.,-1.));
#5313=DIRECTION('ref_axis',(-1.,0.,0.));
#5314=DIRECTION('',(-1.,0.,0.));
#5315=DIRECTION('center_axis',(0.,0.,-1.));
#5316=DIRECTION('ref_axis',(0.,-1.,0.));
#5317=DIRECTION('',(0.,-1.,0.));
#5318=DIRECTION('center_axis',(0.,0.,-1.));
#5319=DIRECTION('ref_axis',(1.,0.,0.));
#5320=DIRECTION('',(1.,0.,0.));
#5321=DIRECTION('center_axis',(0.,0.,-1.));
#5322=DIRECTION('ref_axis',(0.,-1.,0.));
#5323=DIRECTION('',(0.,-1.,0.));
#5324=DIRECTION('center_axis',(0.,0.,-1.));
#5325=DIRECTION('ref_axis',(1.,0.,0.));
#5326=DIRECTION('',(1.,0.,0.));
#5327=DIRECTION('center_axis',(0.,0.,-1.));
#5328=DIRECTION('ref_axis',(0.,1.,0.));
#5329=DIRECTION('',(0.,1.,0.));
#5330=DIRECTION('center_axis',(0.,0.,-1.));
#5331=DIRECTION('ref_axis',(-1.,0.,0.));
#5332=DIRECTION('',(-1.,0.,0.));
#5333=DIRECTION('center_axis',(0.,0.,-1.));
#5334=DIRECTION('ref_axis',(0.,1.,0.));
#5335=DIRECTION('',(0.,1.,0.));
#5336=DIRECTION('center_axis',(0.,0.,-1.));
#5337=DIRECTION('ref_axis',(-1.,0.,0.));
#5338=DIRECTION('',(-1.,0.,0.));
#5339=DIRECTION('center_axis',(0.,0.,-1.));
#5340=DIRECTION('ref_axis',(-8.88178419700128E-15,-1.,0.));
#5341=DIRECTION('',(0.,-1.,0.));
#5342=DIRECTION('center_axis',(0.,0.,-1.));
#5343=DIRECTION('ref_axis',(1.,0.,0.));
#5344=DIRECTION('',(1.,0.,0.));
#5345=DIRECTION('center_axis',(0.,0.,-1.));
#5346=DIRECTION('ref_axis',(1.,0.,0.));
#5347=DIRECTION('center_axis',(0.,0.,-1.));
#5348=DIRECTION('ref_axis',(0.,1.,0.));
#5349=DIRECTION('',(0.,1.,0.));
#5350=DIRECTION('center_axis',(0.,0.,-1.));
#5351=DIRECTION('ref_axis',(-1.,0.,0.));
#5352=DIRECTION('',(-1.,0.,0.));
#5353=DIRECTION('center_axis',(0.,0.,-1.));
#5354=DIRECTION('ref_axis',(4.44089209850056E-15,-1.,0.));
#5355=DIRECTION('',(0.,-1.,0.));
#5356=DIRECTION('center_axis',(0.,0.,-1.));
#5357=DIRECTION('ref_axis',(1.,0.,0.));
#5358=DIRECTION('',(1.,0.,0.));
#5359=DIRECTION('center_axis',(0.,0.,-1.));
#5360=DIRECTION('ref_axis',(0.,1.,0.));
#5361=DIRECTION('',(0.,1.,0.));
#5362=DIRECTION('center_axis',(0.,0.,-1.));
#5363=DIRECTION('ref_axis',(-1.,0.,0.));
#5364=DIRECTION('',(-1.,0.,0.));
#5365=DIRECTION('center_axis',(0.,0.,-1.));
#5366=DIRECTION('ref_axis',(-8.88178419700144E-15,-1.,0.));
#5367=DIRECTION('',(0.,-1.,0.));
#5368=DIRECTION('center_axis',(0.,0.,-1.));
#5369=DIRECTION('ref_axis',(1.,0.,0.));
#5370=DIRECTION('',(1.,0.,0.));
#5371=DIRECTION('',(0.,1.,0.));
#5372=DIRECTION('center_axis',(0.,0.,-1.));
#5373=DIRECTION('ref_axis',(-1.,0.,0.));
#5374=DIRECTION('',(-1.,0.,0.));
#5375=DIRECTION('center_axis',(0.,0.,-1.));
#5376=DIRECTION('ref_axis',(0.,-1.,0.));
#5377=DIRECTION('',(0.,-1.,0.));
#5378=DIRECTION('center_axis',(0.,0.,-1.));
#5379=DIRECTION('ref_axis',(1.,0.,0.));
#5380=DIRECTION('',(1.,0.,0.));
#5381=DIRECTION('center_axis',(0.,0.,-1.));
#5382=DIRECTION('ref_axis',(0.,1.,0.));
#5383=DIRECTION('center_axis',(0.,0.,-1.));
#5384=DIRECTION('ref_axis',(0.,1.,0.));
#5385=DIRECTION('',(0.,1.,0.));
#5386=DIRECTION('center_axis',(0.,0.,-1.));
#5387=DIRECTION('ref_axis',(-1.,0.,0.));
#5388=DIRECTION('',(-1.,0.,0.));
#5389=DIRECTION('center_axis',(0.,0.,-1.));
#5390=DIRECTION('ref_axis',(0.,-1.,0.));
#5391=DIRECTION('',(0.,-1.,0.));
#5392=DIRECTION('center_axis',(0.,0.,-1.));
#5393=DIRECTION('ref_axis',(1.,0.,0.));
#5394=DIRECTION('',(1.,0.,0.));
#5395=DIRECTION('center_axis',(0.,0.,-1.));
#5396=DIRECTION('ref_axis',(0.,1.,0.));
#5397=DIRECTION('',(0.,1.,0.));
#5398=DIRECTION('center_axis',(0.,0.,-1.));
#5399=DIRECTION('ref_axis',(-1.,0.,0.));
#5400=DIRECTION('',(-1.,0.,0.));
#5401=DIRECTION('center_axis',(0.,0.,-1.));
#5402=DIRECTION('ref_axis',(0.,-1.,0.));
#5403=DIRECTION('',(0.,-1.,0.));
#5404=DIRECTION('center_axis',(0.,0.,-1.));
#5405=DIRECTION('ref_axis',(1.,0.,0.));
#5406=DIRECTION('',(1.,0.,0.));
#5407=DIRECTION('center_axis',(0.,0.,-1.));
#5408=DIRECTION('ref_axis',(0.,1.,0.));
#5409=DIRECTION('',(0.,1.,0.));
#5410=DIRECTION('center_axis',(0.,0.,-1.));
#5411=DIRECTION('ref_axis',(-1.,0.,0.));
#5412=DIRECTION('',(-1.,0.,0.));
#5413=DIRECTION('center_axis',(0.,0.,-1.));
#5414=DIRECTION('ref_axis',(0.,-1.,0.));
#5415=DIRECTION('',(0.,-1.,0.));
#5416=DIRECTION('center_axis',(0.,0.,-1.));
#5417=DIRECTION('ref_axis',(1.,0.,0.));
#5418=DIRECTION('',(1.,0.,0.));
#5419=DIRECTION('center_axis',(0.,0.,-1.));
#5420=DIRECTION('ref_axis',(0.,1.,0.));
#5421=DIRECTION('',(0.,1.,0.));
#5422=DIRECTION('center_axis',(0.,0.,-1.));
#5423=DIRECTION('ref_axis',(-1.,0.,0.));
#5424=DIRECTION('',(-1.,0.,0.));
#5425=DIRECTION('center_axis',(0.,0.,-1.));
#5426=DIRECTION('ref_axis',(0.,-1.,0.));
#5427=DIRECTION('',(0.,-1.,0.));
#5428=DIRECTION('center_axis',(0.,0.,-1.));
#5429=DIRECTION('ref_axis',(1.,0.,0.));
#5430=DIRECTION('',(1.,0.,0.));
#5431=DIRECTION('center_axis',(0.,0.,-1.));
#5432=DIRECTION('ref_axis',(1.,0.,0.));
#5433=DIRECTION('',(1.,0.,0.));
#5434=DIRECTION('center_axis',(0.,0.,-1.));
#5435=DIRECTION('ref_axis',(0.,1.,0.));
#5436=DIRECTION('',(0.,1.,0.));
#5437=DIRECTION('center_axis',(0.,0.,-1.));
#5438=DIRECTION('ref_axis',(-1.,0.,0.));
#5439=DIRECTION('',(-1.,0.,0.));
#5440=DIRECTION('center_axis',(0.,0.,-1.));
#5441=DIRECTION('ref_axis',(0.,-1.,0.));
#5442=DIRECTION('',(0.,-1.,0.));
#5443=DIRECTION('',(0.,1.,0.));
#5444=DIRECTION('center_axis',(0.,0.,-1.));
#5445=DIRECTION('ref_axis',(-1.,0.,0.));
#5446=DIRECTION('',(-1.,0.,0.));
#5447=DIRECTION('center_axis',(0.,0.,-1.));
#5448=DIRECTION('ref_axis',(0.,-1.,0.));
#5449=DIRECTION('',(0.,-1.,0.));
#5450=DIRECTION('center_axis',(0.,0.,-1.));
#5451=DIRECTION('ref_axis',(1.,0.,0.));
#5452=DIRECTION('',(1.,0.,0.));
#5453=DIRECTION('center_axis',(0.,0.,-1.));
#5454=DIRECTION('ref_axis',(0.,1.,0.));
#5455=DIRECTION('center_axis',(0.,0.,-1.));
#5456=DIRECTION('ref_axis',(1.,0.,0.));
#5457=DIRECTION('',(1.,0.,0.));
#5458=DIRECTION('center_axis',(0.,0.,-1.));
#5459=DIRECTION('ref_axis',(0.,1.,0.));
#5460=DIRECTION('',(0.,1.,0.));
#5461=DIRECTION('center_axis',(0.,0.,-1.));
#5462=DIRECTION('ref_axis',(-1.,0.,0.));
#5463=DIRECTION('',(-1.,0.,0.));
#5464=DIRECTION('center_axis',(0.,0.,-1.));
#5465=DIRECTION('ref_axis',(0.,-1.,0.));
#5466=DIRECTION('',(0.,-1.,0.));
#5467=DIRECTION('center_axis',(0.,0.,-1.));
#5468=DIRECTION('ref_axis',(0.,1.,0.));
#5469=DIRECTION('',(0.,1.,0.));
#5470=DIRECTION('center_axis',(0.,0.,-1.));
#5471=DIRECTION('ref_axis',(-1.,0.,0.));
#5472=DIRECTION('',(-1.,0.,0.));
#5473=DIRECTION('center_axis',(0.,0.,-1.));
#5474=DIRECTION('ref_axis',(0.,-1.,0.));
#5475=DIRECTION('',(0.,-1.,0.));
#5476=DIRECTION('center_axis',(0.,0.,-1.));
#5477=DIRECTION('ref_axis',(1.,0.,0.));
#5478=DIRECTION('',(1.,0.,0.));
#5479=DIRECTION('center_axis',(0.,0.,-1.));
#5480=DIRECTION('ref_axis',(1.,0.,0.));
#5481=DIRECTION('center_axis',(0.,0.,-1.));
#5482=DIRECTION('ref_axis',(1.,0.,0.));
#5483=DIRECTION('',(1.,0.,0.));
#5484=DIRECTION('center_axis',(0.,0.,-1.));
#5485=DIRECTION('ref_axis',(0.,1.,0.));
#5486=DIRECTION('',(0.,1.,0.));
#5487=DIRECTION('center_axis',(0.,0.,-1.));
#5488=DIRECTION('ref_axis',(-1.,0.,0.));
#5489=DIRECTION('',(-1.,0.,0.));
#5490=DIRECTION('center_axis',(0.,0.,-1.));
#5491=DIRECTION('ref_axis',(-8.88178419700128E-15,-1.,0.));
#5492=DIRECTION('',(0.,-1.,0.));
#5493=DIRECTION('center_axis',(0.,0.,-1.));
#5494=DIRECTION('ref_axis',(0.,1.,0.));
#5495=DIRECTION('',(0.,1.,0.));
#5496=DIRECTION('center_axis',(0.,0.,-1.));
#5497=DIRECTION('ref_axis',(-1.,0.,0.));
#5498=DIRECTION('',(-1.,0.,0.));
#5499=DIRECTION('center_axis',(0.,0.,-1.));
#5500=DIRECTION('ref_axis',(0.,-1.,0.));
#5501=DIRECTION('',(0.,-1.,0.));
#5502=DIRECTION('center_axis',(0.,0.,-1.));
#5503=DIRECTION('ref_axis',(1.,0.,0.));
#5504=DIRECTION('',(1.,0.,0.));
#5505=DIRECTION('center_axis',(0.,0.,-1.));
#5506=DIRECTION('ref_axis',(0.,1.,0.));
#5507=DIRECTION('',(0.,1.,0.));
#5508=DIRECTION('center_axis',(0.,0.,-1.));
#5509=DIRECTION('ref_axis',(-1.,0.,0.));
#5510=DIRECTION('',(-1.,0.,0.));
#5511=DIRECTION('center_axis',(0.,0.,-1.));
#5512=DIRECTION('ref_axis',(0.,-1.,0.));
#5513=DIRECTION('',(0.,-1.,0.));
#5514=DIRECTION('center_axis',(0.,0.,-1.));
#5515=DIRECTION('ref_axis',(1.,0.,0.));
#5516=DIRECTION('',(1.,0.,0.));
#5517=DIRECTION('center_axis',(0.,0.,-1.));
#5518=DIRECTION('ref_axis',(0.,1.,0.));
#5519=DIRECTION('',(0.,1.,0.));
#5520=DIRECTION('center_axis',(0.,0.,-1.));
#5521=DIRECTION('ref_axis',(-1.,0.,0.));
#5522=DIRECTION('',(-1.,0.,0.));
#5523=DIRECTION('center_axis',(0.,0.,-1.));
#5524=DIRECTION('ref_axis',(-8.8817841970012E-15,-1.,0.));
#5525=DIRECTION('',(0.,-1.,0.));
#5526=DIRECTION('center_axis',(0.,0.,-1.));
#5527=DIRECTION('ref_axis',(1.,0.,0.));
#5528=DIRECTION('',(1.,0.,0.));
#5529=DIRECTION('center_axis',(0.,0.,-1.));
#5530=DIRECTION('ref_axis',(1.,0.,0.));
#5531=DIRECTION('center_axis',(0.,0.,-1.));
#5532=DIRECTION('ref_axis',(1.,0.,0.));
#5533=DIRECTION('',(1.,0.,0.));
#5534=DIRECTION('center_axis',(0.,0.,-1.));
#5535=DIRECTION('ref_axis',(0.,1.,0.));
#5536=DIRECTION('',(0.,1.,0.));
#5537=DIRECTION('center_axis',(0.,0.,-1.));
#5538=DIRECTION('ref_axis',(-1.,0.,0.));
#5539=DIRECTION('',(-1.,0.,0.));
#5540=DIRECTION('center_axis',(0.,0.,-1.));
#5541=DIRECTION('ref_axis',(0.,-1.,0.));
#5542=DIRECTION('',(0.,-1.,0.));
#5543=DIRECTION('center_axis',(0.,0.,-1.));
#5544=DIRECTION('ref_axis',(1.,0.,0.));
#5545=DIRECTION('',(1.,0.,0.));
#5546=DIRECTION('center_axis',(0.,0.,-1.));
#5547=DIRECTION('ref_axis',(0.,1.,0.));
#5548=DIRECTION('',(0.,1.,0.));
#5549=DIRECTION('center_axis',(0.,0.,-1.));
#5550=DIRECTION('ref_axis',(-1.,0.,0.));
#5551=DIRECTION('',(-1.,0.,0.));
#5552=DIRECTION('center_axis',(0.,0.,-1.));
#5553=DIRECTION('ref_axis',(0.,-1.,0.));
#5554=DIRECTION('',(0.,-1.,0.));
#5555=DIRECTION('center_axis',(0.,0.,-1.));
#5556=DIRECTION('ref_axis',(0.,1.,0.));
#5557=DIRECTION('',(0.00133239180904509,0.99999911236564,0.));
#5558=DIRECTION('center_axis',(0.,0.,-1.));
#5559=DIRECTION('ref_axis',(-0.958910868549841,0.283707501093977,0.));
#5560=DIRECTION('',(-1.,0.,0.));
#5561=DIRECTION('center_axis',(0.,0.,-1.));
#5562=DIRECTION('ref_axis',(0.196307263461319,-0.980542430653732,0.));
#5563=DIRECTION('',(0.00100790295544681,-0.999999492065687,0.));
#5564=DIRECTION('center_axis',(0.,0.,-1.));
#5565=DIRECTION('ref_axis',(1.,-3.02621927517073E-9,0.));
#5566=DIRECTION('',(1.,0.,0.));
#5567=DIRECTION('center_axis',(0.,0.,-1.));
#5568=DIRECTION('ref_axis',(1.,0.,0.));
#5569=DIRECTION('',(1.,0.,0.));
#5570=DIRECTION('center_axis',(0.,0.,-1.));
#5571=DIRECTION('ref_axis',(0.,1.,0.));
#5572=DIRECTION('',(0.,1.,0.));
#5573=DIRECTION('center_axis',(0.,0.,-1.));
#5574=DIRECTION('ref_axis',(-1.,0.,0.));
#5575=DIRECTION('',(-1.,0.,0.));
#5576=DIRECTION('center_axis',(0.,0.,-1.));
#5577=DIRECTION('ref_axis',(0.,-1.,0.));
#5578=DIRECTION('',(0.,-1.,0.));
#5579=DIRECTION('',(1.,0.,0.));
#5580=DIRECTION('center_axis',(0.,0.,-1.));
#5581=DIRECTION('ref_axis',(0.,1.,0.));
#5582=DIRECTION('',(0.,1.,0.));
#5583=DIRECTION('center_axis',(0.,0.,-1.));
#5584=DIRECTION('ref_axis',(-1.,0.,0.));
#5585=DIRECTION('',(-1.,0.,0.));
#5586=DIRECTION('center_axis',(0.,0.,-1.));
#5587=DIRECTION('ref_axis',(0.,-1.,0.));
#5588=DIRECTION('',(0.,-1.,0.));
#5589=DIRECTION('center_axis',(0.,0.,-1.));
#5590=DIRECTION('ref_axis',(1.,0.,0.));
#5591=DIRECTION('center_axis',(0.,0.,-1.));
#5592=DIRECTION('ref_axis',(0.,1.,0.));
#5593=DIRECTION('',(0.,1.,0.));
#5594=DIRECTION('center_axis',(0.,0.,-1.));
#5595=DIRECTION('ref_axis',(-1.,0.,0.));
#5596=DIRECTION('',(-1.,0.,0.));
#5597=DIRECTION('center_axis',(0.,0.,-1.));
#5598=DIRECTION('ref_axis',(0.,-1.,0.));
#5599=DIRECTION('',(0.,-1.,0.));
#5600=DIRECTION('center_axis',(0.,0.,-1.));
#5601=DIRECTION('ref_axis',(1.,0.,0.));
#5602=DIRECTION('',(1.,0.,0.));
#5603=DIRECTION('center_axis',(0.,0.,-1.));
#5604=DIRECTION('ref_axis',(0.,1.,0.));
#5605=DIRECTION('',(0.,1.,0.));
#5606=DIRECTION('center_axis',(0.,0.,-1.));
#5607=DIRECTION('ref_axis',(-1.,0.,0.));
#5608=DIRECTION('',(-1.,0.,0.));
#5609=DIRECTION('center_axis',(0.,0.,-1.));
#5610=DIRECTION('ref_axis',(0.,-1.,0.));
#5611=DIRECTION('',(0.,-1.,0.));
#5612=DIRECTION('center_axis',(0.,0.,-1.));
#5613=DIRECTION('ref_axis',(1.,0.,0.));
#5614=DIRECTION('',(1.,0.,0.));
#5615=DIRECTION('center_axis',(0.,0.,-1.));
#5616=DIRECTION('ref_axis',(1.,0.,0.));
#5617=DIRECTION('',(1.,0.,0.));
#5618=DIRECTION('center_axis',(0.,0.,-1.));
#5619=DIRECTION('ref_axis',(0.,1.,0.));
#5620=DIRECTION('',(0.,1.,0.));
#5621=DIRECTION('center_axis',(0.,0.,-1.));
#5622=DIRECTION('ref_axis',(-1.,0.,0.));
#5623=DIRECTION('',(-1.,0.,0.));
#5624=DIRECTION('center_axis',(0.,0.,-1.));
#5625=DIRECTION('ref_axis',(0.,-1.,0.));
#5626=DIRECTION('',(0.,-1.,0.));
#5627=DIRECTION('center_axis',(0.,0.,-1.));
#5628=DIRECTION('ref_axis',(1.,0.,0.));
#5629=DIRECTION('center_axis',(0.,0.,1.));
#5630=DIRECTION('ref_axis',(0.707106781186547,0.707106781186547,0.));
#5631=DIRECTION('center_axis',(0.,0.,-1.));
#5632=DIRECTION('ref_axis',(0.707106781186547,0.707106781186547,0.));
#5633=DIRECTION('',(0.,0.,-1.));
#5634=DIRECTION('',(0.,0.,1.));
#5635=DIRECTION('center_axis',(0.,1.,0.));
#5636=DIRECTION('ref_axis',(-1.,0.,0.));
#5637=DIRECTION('',(0.,0.,1.));
#5638=DIRECTION('',(-1.,0.,0.));
#5639=DIRECTION('center_axis',(0.,0.,1.));
#5640=DIRECTION('ref_axis',(-0.707106781186547,-0.707106781186547,0.));
#5641=DIRECTION('center_axis',(0.,0.,-1.));
#5642=DIRECTION('ref_axis',(-0.707106781186547,-0.707106781186547,0.));
#5643=DIRECTION('',(0.,0.,1.));
#5644=DIRECTION('center_axis',(0.,-1.,0.));
#5645=DIRECTION('ref_axis',(1.,0.,0.));
#5646=DIRECTION('',(0.,0.,-1.));
#5647=DIRECTION('',(1.,0.,0.));
#5648=DIRECTION('center_axis',(0.,0.,1.));
#5649=DIRECTION('ref_axis',(0.707106781186547,-0.707106781186547,0.));
#5650=DIRECTION('center_axis',(0.,0.,-1.));
#5651=DIRECTION('ref_axis',(0.707106781186547,-0.707106781186547,0.));
#5652=DIRECTION('',(0.,0.,1.));
#5653=DIRECTION('center_axis',(0.,0.,1.));
#5654=DIRECTION('ref_axis',(0.,1.,0.));
#5655=DIRECTION('',(0.,0.,1.));
#5656=DIRECTION('center_axis',(0.,0.,-1.));
#5657=DIRECTION('ref_axis',(0.,1.,0.));
#5658=DIRECTION('',(0.,0.,1.));
#5659=DIRECTION('center_axis',(1.,0.,0.));
#5660=DIRECTION('ref_axis',(0.,1.,0.));
#5661=DIRECTION('',(0.,1.,0.));
#5662=DIRECTION('',(0.,0.,1.));
#5663=DIRECTION('center_axis',(0.,0.,1.));
#5664=DIRECTION('ref_axis',(-1.,0.,0.));
#5665=DIRECTION('center_axis',(0.,0.,-1.));
#5666=DIRECTION('ref_axis',(-1.,0.,0.));
#5667=DIRECTION('',(0.,0.,1.));
#5668=DIRECTION('center_axis',(0.,1.,0.));
#5669=DIRECTION('ref_axis',(-1.,0.,0.));
#5670=DIRECTION('',(-1.,0.,0.));
#5671=DIRECTION('',(0.,0.,1.));
#5672=DIRECTION('center_axis',(0.,0.,1.));
#5673=DIRECTION('ref_axis',(0.,-1.,0.));
#5674=DIRECTION('center_axis',(0.,0.,-1.));
#5675=DIRECTION('ref_axis',(0.,-1.,0.));
#5676=DIRECTION('',(0.,0.,1.));
#5677=DIRECTION('center_axis',(-1.,0.,0.));
#5678=DIRECTION('ref_axis',(0.,-1.,0.));
#5679=DIRECTION('',(0.,-1.,0.));
#5680=DIRECTION('',(0.,0.,1.));
#5681=DIRECTION('center_axis',(0.,0.,1.));
#5682=DIRECTION('ref_axis',(1.,0.,0.));
#5683=DIRECTION('center_axis',(0.,0.,-1.));
#5684=DIRECTION('ref_axis',(1.,0.,0.));
#5685=DIRECTION('',(0.,0.,1.));
#5686=DIRECTION('center_axis',(0.,-1.,0.));
#5687=DIRECTION('ref_axis',(1.,0.,0.));
#5688=DIRECTION('',(1.,0.,0.));
#5689=DIRECTION('center_axis',(0.,0.,1.));
#5690=DIRECTION('ref_axis',(1.,0.,0.));
#5691=DIRECTION('center_axis',(0.,0.,-1.));
#5692=DIRECTION('ref_axis',(1.,0.,0.));
#5693=DIRECTION('',(0.,0.,-1.));
#5694=DIRECTION('center_axis',(1.,0.,0.));
#5695=DIRECTION('ref_axis',(0.,1.,0.));
#5696=DIRECTION('',(0.,0.,1.));
#5697=DIRECTION('',(0.,1.,0.));
#5698=DIRECTION('',(0.,0.,1.));
#5699=DIRECTION('center_axis',(0.,0.,1.));
#5700=DIRECTION('ref_axis',(-1.,0.,0.));
#5701=DIRECTION('center_axis',(0.,0.,-1.));
#5702=DIRECTION('ref_axis',(-1.,0.,0.));
#5703=DIRECTION('',(0.,0.,1.));
#5704=DIRECTION('center_axis',(0.,1.,0.));
#5705=DIRECTION('ref_axis',(-1.,0.,0.));
#5706=DIRECTION('',(-1.,0.,0.));
#5707=DIRECTION('',(0.,0.,1.));
#5708=DIRECTION('center_axis',(0.,0.,1.));
#5709=DIRECTION('ref_axis',(0.,-1.,0.));
#5710=DIRECTION('center_axis',(0.,0.,-1.));
#5711=DIRECTION('ref_axis',(0.,-1.,0.));
#5712=DIRECTION('',(0.,0.,1.));
#5713=DIRECTION('center_axis',(-1.,0.,0.));
#5714=DIRECTION('ref_axis',(0.,-1.,0.));
#5715=DIRECTION('',(0.,-1.,0.));
#5716=DIRECTION('',(0.,0.,1.));
#5717=DIRECTION('center_axis',(0.,0.,1.));
#5718=DIRECTION('ref_axis',(1.,0.,0.));
#5719=DIRECTION('center_axis',(0.,0.,-1.));
#5720=DIRECTION('ref_axis',(1.,0.,0.));
#5721=DIRECTION('',(0.,0.,1.));
#5722=DIRECTION('center_axis',(0.,-1.,0.));
#5723=DIRECTION('ref_axis',(1.,0.,0.));
#5724=DIRECTION('',(1.,0.,0.));
#5725=DIRECTION('',(0.,0.,1.));
#5726=DIRECTION('center_axis',(0.,0.,1.));
#5727=DIRECTION('ref_axis',(0.,1.,0.));
#5728=DIRECTION('center_axis',(0.,0.,-1.));
#5729=DIRECTION('ref_axis',(0.,1.,0.));
#5730=DIRECTION('center_axis',(1.,0.,0.));
#5731=DIRECTION('ref_axis',(0.,1.,0.));
#5732=DIRECTION('',(0.,0.,1.));
#5733=DIRECTION('',(0.,1.,0.));
#5734=DIRECTION('',(0.,0.,1.));
#5735=DIRECTION('center_axis',(0.,0.,1.));
#5736=DIRECTION('ref_axis',(-1.,0.,0.));
#5737=DIRECTION('center_axis',(0.,0.,-1.));
#5738=DIRECTION('ref_axis',(-1.,0.,0.));
#5739=DIRECTION('',(0.,0.,1.));
#5740=DIRECTION('center_axis',(0.,1.,0.));
#5741=DIRECTION('ref_axis',(-1.,0.,0.));
#5742=DIRECTION('',(-1.,0.,0.));
#5743=DIRECTION('',(0.,0.,1.));
#5744=DIRECTION('center_axis',(0.,0.,1.));
#5745=DIRECTION('ref_axis',(0.,-1.,0.));
#5746=DIRECTION('center_axis',(0.,0.,-1.));
#5747=DIRECTION('ref_axis',(0.,-1.,0.));
#5748=DIRECTION('',(0.,0.,1.));
#5749=DIRECTION('center_axis',(-1.,0.,0.));
#5750=DIRECTION('ref_axis',(0.,-1.,0.));
#5751=DIRECTION('',(0.,-1.,0.));
#5752=DIRECTION('',(0.,0.,1.));
#5753=DIRECTION('center_axis',(0.,0.,1.));
#5754=DIRECTION('ref_axis',(1.,0.,0.));
#5755=DIRECTION('center_axis',(0.,0.,-1.));
#5756=DIRECTION('ref_axis',(1.,0.,0.));
#5757=DIRECTION('',(0.,0.,1.));
#5758=DIRECTION('center_axis',(0.,-1.,0.));
#5759=DIRECTION('ref_axis',(1.,0.,0.));
#5760=DIRECTION('',(1.,0.,0.));
#5761=DIRECTION('',(0.,0.,1.));
#5762=DIRECTION('center_axis',(0.,0.,1.));
#5763=DIRECTION('ref_axis',(0.,1.,0.));
#5764=DIRECTION('center_axis',(0.,0.,-1.));
#5765=DIRECTION('ref_axis',(0.,1.,0.));
#5766=DIRECTION('center_axis',(0.,0.,1.));
#5767=DIRECTION('ref_axis',(0.,1.,0.));
#5768=DIRECTION('',(0.,0.,1.));
#5769=DIRECTION('center_axis',(0.,0.,-1.));
#5770=DIRECTION('ref_axis',(0.,1.,0.));
#5771=DIRECTION('',(0.,0.,1.));
#5772=DIRECTION('center_axis',(1.,0.,0.));
#5773=DIRECTION('ref_axis',(0.,1.,0.));
#5774=DIRECTION('',(0.,1.,0.));
#5775=DIRECTION('',(0.,0.,1.));
#5776=DIRECTION('center_axis',(0.,0.,1.));
#5777=DIRECTION('ref_axis',(-1.,0.,0.));
#5778=DIRECTION('center_axis',(0.,0.,-1.));
#5779=DIRECTION('ref_axis',(-1.,0.,0.));
#5780=DIRECTION('',(0.,0.,1.));
#5781=DIRECTION('center_axis',(0.,1.,0.));
#5782=DIRECTION('ref_axis',(-1.,0.,0.));
#5783=DIRECTION('',(-1.,0.,0.));
#5784=DIRECTION('',(0.,0.,1.));
#5785=DIRECTION('center_axis',(0.,0.,1.));
#5786=DIRECTION('ref_axis',(0.,-1.,0.));
#5787=DIRECTION('center_axis',(0.,0.,-1.));
#5788=DIRECTION('ref_axis',(0.,-1.,0.));
#5789=DIRECTION('',(0.,0.,1.));
#5790=DIRECTION('center_axis',(-1.,0.,0.));
#5791=DIRECTION('ref_axis',(0.,-1.,0.));
#5792=DIRECTION('',(0.,-1.,0.));
#5793=DIRECTION('',(0.,0.,1.));
#5794=DIRECTION('center_axis',(0.,0.,1.));
#5795=DIRECTION('ref_axis',(1.,0.,0.));
#5796=DIRECTION('center_axis',(0.,0.,-1.));
#5797=DIRECTION('ref_axis',(1.,0.,0.));
#5798=DIRECTION('',(0.,0.,1.));
#5799=DIRECTION('center_axis',(0.,-1.,0.));
#5800=DIRECTION('ref_axis',(1.,0.,0.));
#5801=DIRECTION('',(1.,0.,0.));
#5802=DIRECTION('center_axis',(0.,-1.,0.));
#5803=DIRECTION('ref_axis',(1.,0.,0.));
#5804=DIRECTION('',(0.,0.,1.));
#5805=DIRECTION('',(1.,0.,0.));
#5806=DIRECTION('',(0.,0.,1.));
#5807=DIRECTION('center_axis',(0.,0.,1.));
#5808=DIRECTION('ref_axis',(0.,1.,0.));
#5809=DIRECTION('center_axis',(0.,0.,-1.));
#5810=DIRECTION('ref_axis',(0.,1.,0.));
#5811=DIRECTION('',(0.,0.,1.));
#5812=DIRECTION('center_axis',(1.,0.,0.));
#5813=DIRECTION('ref_axis',(0.,1.,0.));
#5814=DIRECTION('',(0.,1.,0.));
#5815=DIRECTION('',(0.,0.,1.));
#5816=DIRECTION('center_axis',(0.,0.,1.));
#5817=DIRECTION('ref_axis',(-1.,0.,0.));
#5818=DIRECTION('center_axis',(0.,0.,-1.));
#5819=DIRECTION('ref_axis',(-1.,0.,0.));
#5820=DIRECTION('',(0.,0.,1.));
#5821=DIRECTION('center_axis',(0.,1.,0.));
#5822=DIRECTION('ref_axis',(-1.,0.,0.));
#5823=DIRECTION('',(-1.,0.,0.));
#5824=DIRECTION('',(0.,0.,1.));
#5825=DIRECTION('center_axis',(0.,0.,1.));
#5826=DIRECTION('ref_axis',(0.,-1.,0.));
#5827=DIRECTION('center_axis',(0.,0.,-1.));
#5828=DIRECTION('ref_axis',(0.,-1.,0.));
#5829=DIRECTION('',(0.,0.,1.));
#5830=DIRECTION('center_axis',(-1.,0.,0.));
#5831=DIRECTION('ref_axis',(0.,-1.,0.));
#5832=DIRECTION('',(0.,-1.,0.));
#5833=DIRECTION('',(0.,0.,1.));
#5834=DIRECTION('center_axis',(0.,0.,1.));
#5835=DIRECTION('ref_axis',(1.,0.,0.));
#5836=DIRECTION('center_axis',(0.,0.,-1.));
#5837=DIRECTION('ref_axis',(1.,0.,0.));
#5838=DIRECTION('center_axis',(0.99999911236564,-0.00133239180904509,0.));
#5839=DIRECTION('ref_axis',(0.00133239180904509,0.99999911236564,0.));
#5840=DIRECTION('',(0.,0.,1.));
#5841=DIRECTION('',(0.00133239180904509,0.99999911236564,0.));
#5842=DIRECTION('',(0.,0.,1.));
#5843=DIRECTION('center_axis',(0.,0.,1.));
#5844=DIRECTION('ref_axis',(-0.958910868549841,0.283707501093977,0.));
#5845=DIRECTION('center_axis',(0.,0.,-1.));
#5846=DIRECTION('ref_axis',(-0.958910868549841,0.283707501093977,0.));
#5847=DIRECTION('',(0.,0.,1.));
#5848=DIRECTION('center_axis',(0.,1.,0.));
#5849=DIRECTION('ref_axis',(-1.,0.,0.));
#5850=DIRECTION('',(-1.,0.,0.));
#5851=DIRECTION('',(0.,0.,1.));
#5852=DIRECTION('center_axis',(0.,0.,1.));
#5853=DIRECTION('ref_axis',(0.196307263461319,-0.980542430653732,0.));
#5854=DIRECTION('center_axis',(0.,0.,-1.));
#5855=DIRECTION('ref_axis',(0.196307263461319,-0.980542430653732,0.));
#5856=DIRECTION('',(0.,0.,1.));
#5857=DIRECTION('center_axis',(-0.999999492065687,-0.00100790295544681,
0.));
#5858=DIRECTION('ref_axis',(0.00100790295544681,-0.999999492065687,0.));
#5859=DIRECTION('',(0.00100790295544681,-0.999999492065687,0.));
#5860=DIRECTION('',(0.,0.,1.));
#5861=DIRECTION('center_axis',(0.,0.,1.));
#5862=DIRECTION('ref_axis',(1.,-3.02621927517073E-9,0.));
#5863=DIRECTION('center_axis',(0.,0.,-1.));
#5864=DIRECTION('ref_axis',(1.,-3.02621927517073E-9,0.));
#5865=DIRECTION('',(0.,0.,1.));
#5866=DIRECTION('center_axis',(0.,-1.,0.));
#5867=DIRECTION('ref_axis',(1.,0.,0.));
#5868=DIRECTION('',(1.,0.,0.));
#5869=DIRECTION('',(0.,0.,1.));
#5870=DIRECTION('center_axis',(0.,0.,1.));
#5871=DIRECTION('ref_axis',(0.,1.,0.));
#5872=DIRECTION('center_axis',(0.,0.,-1.));
#5873=DIRECTION('ref_axis',(0.,1.,0.));
#5874=DIRECTION('center_axis',(0.,-1.,0.));
#5875=DIRECTION('ref_axis',(1.,0.,0.));
#5876=DIRECTION('',(0.,0.,1.));
#5877=DIRECTION('',(1.,0.,0.));
#5878=DIRECTION('',(0.,0.,1.));
#5879=DIRECTION('center_axis',(0.,0.,1.));
#5880=DIRECTION('ref_axis',(0.,1.,0.));
#5881=DIRECTION('center_axis',(0.,0.,-1.));
#5882=DIRECTION('ref_axis',(0.,1.,0.));
#5883=DIRECTION('',(0.,0.,1.));
#5884=DIRECTION('center_axis',(1.,0.,0.));
#5885=DIRECTION('ref_axis',(0.,1.,0.));
#5886=DIRECTION('',(0.,1.,0.));
#5887=DIRECTION('',(0.,0.,1.));
#5888=DIRECTION('center_axis',(0.,0.,1.));
#5889=DIRECTION('ref_axis',(-1.,0.,0.));
#5890=DIRECTION('center_axis',(0.,0.,-1.));
#5891=DIRECTION('ref_axis',(-1.,0.,0.));
#5892=DIRECTION('',(0.,0.,1.));
#5893=DIRECTION('center_axis',(0.,1.,0.));
#5894=DIRECTION('ref_axis',(-1.,0.,0.));
#5895=DIRECTION('',(-1.,0.,0.));
#5896=DIRECTION('',(0.,0.,1.));
#5897=DIRECTION('center_axis',(0.,0.,1.));
#5898=DIRECTION('ref_axis',(0.,-1.,0.));
#5899=DIRECTION('center_axis',(0.,0.,-1.));
#5900=DIRECTION('ref_axis',(0.,-1.,0.));
#5901=DIRECTION('',(0.,0.,1.));
#5902=DIRECTION('center_axis',(-1.,0.,0.));
#5903=DIRECTION('ref_axis',(0.,-1.,0.));
#5904=DIRECTION('',(0.,-1.,0.));
#5905=DIRECTION('',(0.,0.,1.));
#5906=DIRECTION('center_axis',(0.,0.,1.));
#5907=DIRECTION('ref_axis',(1.,0.,0.));
#5908=DIRECTION('center_axis',(0.,0.,-1.));
#5909=DIRECTION('ref_axis',(1.,0.,0.));
#5910=DIRECTION('center_axis',(0.,-1.,0.));
#5911=DIRECTION('ref_axis',(1.,0.,0.));
#5912=DIRECTION('',(0.,0.,1.));
#5913=DIRECTION('',(1.,0.,0.));
#5914=DIRECTION('',(0.,0.,1.));
#5915=DIRECTION('center_axis',(0.,0.,1.));
#5916=DIRECTION('ref_axis',(0.,1.,0.));
#5917=DIRECTION('center_axis',(0.,0.,-1.));
#5918=DIRECTION('ref_axis',(0.,1.,0.));
#5919=DIRECTION('',(0.,0.,1.));
#5920=DIRECTION('center_axis',(1.,0.,0.));
#5921=DIRECTION('ref_axis',(0.,1.,0.));
#5922=DIRECTION('',(0.,1.,0.));
#5923=DIRECTION('',(0.,0.,1.));
#5924=DIRECTION('center_axis',(0.,0.,1.));
#5925=DIRECTION('ref_axis',(-1.,0.,0.));
#5926=DIRECTION('center_axis',(0.,0.,-1.));
#5927=DIRECTION('ref_axis',(-1.,0.,0.));
#5928=DIRECTION('',(0.,0.,1.));
#5929=DIRECTION('center_axis',(0.,1.,0.));
#5930=DIRECTION('ref_axis',(-1.,0.,0.));
#5931=DIRECTION('',(-1.,0.,0.));
#5932=DIRECTION('',(0.,0.,1.));
#5933=DIRECTION('center_axis',(0.,0.,1.));
#5934=DIRECTION('ref_axis',(0.,-1.,0.));
#5935=DIRECTION('center_axis',(0.,0.,-1.));
#5936=DIRECTION('ref_axis',(0.,-1.,0.));
#5937=DIRECTION('',(0.,0.,1.));
#5938=DIRECTION('center_axis',(-1.,0.,0.));
#5939=DIRECTION('ref_axis',(0.,-1.,0.));
#5940=DIRECTION('',(0.,-1.,0.));
#5941=DIRECTION('',(0.,0.,1.));
#5942=DIRECTION('center_axis',(0.,0.,1.));
#5943=DIRECTION('ref_axis',(1.,0.,0.));
#5944=DIRECTION('center_axis',(0.,0.,-1.));
#5945=DIRECTION('ref_axis',(1.,0.,0.));
#5946=DIRECTION('center_axis',(0.,0.,1.));
#5947=DIRECTION('ref_axis',(1.,0.,0.));
#5948=DIRECTION('center_axis',(0.,0.,-1.));
#5949=DIRECTION('ref_axis',(1.,0.,0.));
#5950=DIRECTION('',(0.,0.,-1.));
#5951=DIRECTION('center_axis',(1.,0.,0.));
#5952=DIRECTION('ref_axis',(0.,1.,0.));
#5953=DIRECTION('',(0.,0.,1.));
#5954=DIRECTION('',(0.,1.,0.));
#5955=DIRECTION('',(0.,0.,1.));
#5956=DIRECTION('center_axis',(0.,0.,1.));
#5957=DIRECTION('ref_axis',(-1.,0.,0.));
#5958=DIRECTION('center_axis',(0.,0.,-1.));
#5959=DIRECTION('ref_axis',(-1.,0.,0.));
#5960=DIRECTION('',(0.,0.,1.));
#5961=DIRECTION('center_axis',(0.,1.,0.));
#5962=DIRECTION('ref_axis',(-1.,0.,0.));
#5963=DIRECTION('',(-1.,0.,0.));
#5964=DIRECTION('',(0.,0.,1.));
#5965=DIRECTION('center_axis',(0.,0.,1.));
#5966=DIRECTION('ref_axis',(-8.8817841970012E-15,-1.,0.));
#5967=DIRECTION('center_axis',(0.,0.,-1.));
#5968=DIRECTION('ref_axis',(-8.8817841970012E-15,-1.,0.));
#5969=DIRECTION('',(0.,0.,1.));
#5970=DIRECTION('center_axis',(-1.,0.,0.));
#5971=DIRECTION('ref_axis',(0.,-1.,0.));
#5972=DIRECTION('',(0.,-1.,0.));
#5973=DIRECTION('',(0.,0.,1.));
#5974=DIRECTION('center_axis',(0.,0.,1.));
#5975=DIRECTION('ref_axis',(1.,0.,0.));
#5976=DIRECTION('center_axis',(0.,0.,-1.));
#5977=DIRECTION('ref_axis',(1.,0.,0.));
#5978=DIRECTION('',(0.,0.,1.));
#5979=DIRECTION('center_axis',(0.,-1.,0.));
#5980=DIRECTION('ref_axis',(1.,0.,0.));
#5981=DIRECTION('',(1.,0.,0.));
#5982=DIRECTION('',(0.,0.,1.));
#5983=DIRECTION('center_axis',(0.,0.,1.));
#5984=DIRECTION('ref_axis',(0.,1.,0.));
#5985=DIRECTION('center_axis',(0.,0.,-1.));
#5986=DIRECTION('ref_axis',(0.,1.,0.));
#5987=DIRECTION('center_axis',(1.,0.,0.));
#5988=DIRECTION('ref_axis',(0.,1.,0.));
#5989=DIRECTION('',(0.,0.,1.));
#5990=DIRECTION('',(0.,1.,0.));
#5991=DIRECTION('',(0.,0.,1.));
#5992=DIRECTION('center_axis',(0.,0.,1.));
#5993=DIRECTION('ref_axis',(-1.,0.,0.));
#5994=DIRECTION('center_axis',(0.,0.,-1.));
#5995=DIRECTION('ref_axis',(-1.,0.,0.));
#5996=DIRECTION('',(0.,0.,1.));
#5997=DIRECTION('center_axis',(0.,1.,0.));
#5998=DIRECTION('ref_axis',(-1.,0.,0.));
#5999=DIRECTION('',(-1.,0.,0.));
#6000=DIRECTION('',(0.,0.,1.));
#6001=DIRECTION('center_axis',(0.,0.,1.));
#6002=DIRECTION('ref_axis',(0.,-1.,0.));
#6003=DIRECTION('center_axis',(0.,0.,-1.));
#6004=DIRECTION('ref_axis',(0.,-1.,0.));
#6005=DIRECTION('',(0.,0.,1.));
#6006=DIRECTION('center_axis',(-1.,0.,0.));
#6007=DIRECTION('ref_axis',(0.,-1.,0.));
#6008=DIRECTION('',(0.,-1.,0.));
#6009=DIRECTION('',(0.,0.,1.));
#6010=DIRECTION('center_axis',(0.,0.,1.));
#6011=DIRECTION('ref_axis',(1.,0.,0.));
#6012=DIRECTION('center_axis',(0.,0.,-1.));
#6013=DIRECTION('ref_axis',(1.,0.,0.));
#6014=DIRECTION('',(0.,0.,1.));
#6015=DIRECTION('center_axis',(0.,-1.,0.));
#6016=DIRECTION('ref_axis',(1.,0.,0.));
#6017=DIRECTION('',(1.,0.,0.));
#6018=DIRECTION('',(0.,0.,1.));
#6019=DIRECTION('center_axis',(0.,0.,1.));
#6020=DIRECTION('ref_axis',(0.,1.,0.));
#6021=DIRECTION('center_axis',(0.,0.,-1.));
#6022=DIRECTION('ref_axis',(0.,1.,0.));
#6023=DIRECTION('center_axis',(1.,0.,0.));
#6024=DIRECTION('ref_axis',(0.,1.,0.));
#6025=DIRECTION('',(0.,0.,1.));
#6026=DIRECTION('',(0.,1.,0.));
#6027=DIRECTION('',(0.,0.,1.));
#6028=DIRECTION('center_axis',(0.,0.,1.));
#6029=DIRECTION('ref_axis',(-1.,0.,0.));
#6030=DIRECTION('center_axis',(0.,0.,-1.));
#6031=DIRECTION('ref_axis',(-1.,0.,0.));
#6032=DIRECTION('',(0.,0.,1.));
#6033=DIRECTION('center_axis',(0.,1.,0.));
#6034=DIRECTION('ref_axis',(-1.,0.,0.));
#6035=DIRECTION('',(-1.,0.,0.));
#6036=DIRECTION('',(0.,0.,1.));
#6037=DIRECTION('center_axis',(0.,0.,1.));
#6038=DIRECTION('ref_axis',(0.,-1.,0.));
#6039=DIRECTION('center_axis',(0.,0.,-1.));
#6040=DIRECTION('ref_axis',(0.,-1.,0.));
#6041=DIRECTION('',(0.,0.,1.));
#6042=DIRECTION('center_axis',(-1.,0.,0.));
#6043=DIRECTION('ref_axis',(0.,-1.,0.));
#6044=DIRECTION('',(0.,-1.,0.));
#6045=DIRECTION('',(0.,0.,1.));
#6046=DIRECTION('center_axis',(0.,0.,1.));
#6047=DIRECTION('ref_axis',(1.,0.,0.));
#6048=DIRECTION('center_axis',(0.,0.,-1.));
#6049=DIRECTION('ref_axis',(1.,0.,0.));
#6050=DIRECTION('',(0.,0.,1.));
#6051=DIRECTION('center_axis',(0.,-1.,0.));
#6052=DIRECTION('ref_axis',(1.,0.,0.));
#6053=DIRECTION('',(1.,0.,0.));
#6054=DIRECTION('',(0.,0.,1.));
#6055=DIRECTION('center_axis',(0.,0.,1.));
#6056=DIRECTION('ref_axis',(0.,1.,0.));
#6057=DIRECTION('center_axis',(0.,0.,-1.));
#6058=DIRECTION('ref_axis',(0.,1.,0.));
#6059=DIRECTION('center_axis',(0.,-1.,0.));
#6060=DIRECTION('ref_axis',(1.,0.,0.));
#6061=DIRECTION('',(0.,0.,1.));
#6062=DIRECTION('',(1.,0.,0.));
#6063=DIRECTION('',(0.,0.,1.));
#6064=DIRECTION('center_axis',(0.,0.,1.));
#6065=DIRECTION('ref_axis',(0.,1.,0.));
#6066=DIRECTION('center_axis',(0.,0.,-1.));
#6067=DIRECTION('ref_axis',(0.,1.,0.));
#6068=DIRECTION('',(0.,0.,1.));
#6069=DIRECTION('center_axis',(1.,0.,0.));
#6070=DIRECTION('ref_axis',(0.,1.,0.));
#6071=DIRECTION('',(0.,1.,0.));
#6072=DIRECTION('',(0.,0.,1.));
#6073=DIRECTION('center_axis',(0.,0.,1.));
#6074=DIRECTION('ref_axis',(-1.,0.,0.));
#6075=DIRECTION('center_axis',(0.,0.,-1.));
#6076=DIRECTION('ref_axis',(-1.,0.,0.));
#6077=DIRECTION('',(0.,0.,1.));
#6078=DIRECTION('center_axis',(0.,1.,0.));
#6079=DIRECTION('ref_axis',(-1.,0.,0.));
#6080=DIRECTION('',(-1.,0.,0.));
#6081=DIRECTION('',(0.,0.,1.));
#6082=DIRECTION('center_axis',(0.,0.,1.));
#6083=DIRECTION('ref_axis',(-8.88178419700128E-15,-1.,0.));
#6084=DIRECTION('center_axis',(0.,0.,-1.));
#6085=DIRECTION('ref_axis',(-8.88178419700128E-15,-1.,0.));
#6086=DIRECTION('',(0.,0.,1.));
#6087=DIRECTION('center_axis',(-1.,0.,0.));
#6088=DIRECTION('ref_axis',(0.,-1.,0.));
#6089=DIRECTION('',(0.,-1.,0.));
#6090=DIRECTION('',(0.,0.,1.));
#6091=DIRECTION('center_axis',(0.,0.,1.));
#6092=DIRECTION('ref_axis',(1.,0.,0.));
#6093=DIRECTION('center_axis',(0.,0.,-1.));
#6094=DIRECTION('ref_axis',(1.,0.,0.));
#6095=DIRECTION('center_axis',(0.,0.,1.));
#6096=DIRECTION('ref_axis',(1.,0.,0.));
#6097=DIRECTION('center_axis',(0.,0.,-1.));
#6098=DIRECTION('ref_axis',(1.,0.,0.));
#6099=DIRECTION('',(0.,0.,-1.));
#6100=DIRECTION('center_axis',(1.,0.,0.));
#6101=DIRECTION('ref_axis',(0.,1.,0.));
#6102=DIRECTION('',(0.,0.,1.));
#6103=DIRECTION('',(0.,1.,0.));
#6104=DIRECTION('',(0.,0.,1.));
#6105=DIRECTION('center_axis',(0.,0.,1.));
#6106=DIRECTION('ref_axis',(-1.,0.,0.));
#6107=DIRECTION('center_axis',(0.,0.,-1.));
#6108=DIRECTION('ref_axis',(-1.,0.,0.));
#6109=DIRECTION('',(0.,0.,1.));
#6110=DIRECTION('center_axis',(0.,1.,0.));
#6111=DIRECTION('ref_axis',(-1.,0.,0.));
#6112=DIRECTION('',(-1.,0.,0.));
#6113=DIRECTION('',(0.,0.,1.));
#6114=DIRECTION('center_axis',(0.,0.,1.));
#6115=DIRECTION('ref_axis',(0.,-1.,0.));
#6116=DIRECTION('center_axis',(0.,0.,-1.));
#6117=DIRECTION('ref_axis',(0.,-1.,0.));
#6118=DIRECTION('',(0.,0.,1.));
#6119=DIRECTION('center_axis',(-1.,0.,0.));
#6120=DIRECTION('ref_axis',(0.,-1.,0.));
#6121=DIRECTION('',(0.,-1.,0.));
#6122=DIRECTION('',(0.,0.,1.));
#6123=DIRECTION('center_axis',(0.,0.,1.));
#6124=DIRECTION('ref_axis',(1.,0.,0.));
#6125=DIRECTION('center_axis',(0.,0.,-1.));
#6126=DIRECTION('ref_axis',(1.,0.,0.));
#6127=DIRECTION('',(0.,0.,1.));
#6128=DIRECTION('center_axis',(0.,-1.,0.));
#6129=DIRECTION('ref_axis',(1.,0.,0.));
#6130=DIRECTION('',(1.,0.,0.));
#6131=DIRECTION('',(0.,0.,1.));
#6132=DIRECTION('center_axis',(0.,0.,1.));
#6133=DIRECTION('ref_axis',(0.,1.,0.));
#6134=DIRECTION('center_axis',(0.,0.,-1.));
#6135=DIRECTION('ref_axis',(0.,1.,0.));
#6136=DIRECTION('center_axis',(0.,-1.,0.));
#6137=DIRECTION('ref_axis',(1.,0.,0.));
#6138=DIRECTION('',(0.,0.,1.));
#6139=DIRECTION('',(1.,0.,0.));
#6140=DIRECTION('',(0.,0.,1.));
#6141=DIRECTION('center_axis',(0.,0.,1.));
#6142=DIRECTION('ref_axis',(0.,1.,0.));
#6143=DIRECTION('center_axis',(0.,0.,-1.));
#6144=DIRECTION('ref_axis',(0.,1.,0.));
#6145=DIRECTION('',(0.,0.,1.));
#6146=DIRECTION('center_axis',(1.,0.,0.));
#6147=DIRECTION('ref_axis',(0.,1.,0.));
#6148=DIRECTION('',(0.,1.,0.));
#6149=DIRECTION('',(0.,0.,1.));
#6150=DIRECTION('center_axis',(0.,0.,1.));
#6151=DIRECTION('ref_axis',(-1.,0.,0.));
#6152=DIRECTION('center_axis',(0.,0.,-1.));
#6153=DIRECTION('ref_axis',(-1.,0.,0.));
#6154=DIRECTION('',(0.,0.,1.));
#6155=DIRECTION('center_axis',(0.,1.,0.));
#6156=DIRECTION('ref_axis',(-1.,0.,0.));
#6157=DIRECTION('',(-1.,0.,0.));
#6158=DIRECTION('',(0.,0.,1.));
#6159=DIRECTION('center_axis',(0.,0.,1.));
#6160=DIRECTION('ref_axis',(0.,-1.,0.));
#6161=DIRECTION('center_axis',(0.,0.,-1.));
#6162=DIRECTION('ref_axis',(0.,-1.,0.));
#6163=DIRECTION('',(0.,0.,1.));
#6164=DIRECTION('center_axis',(-1.,0.,0.));
#6165=DIRECTION('ref_axis',(0.,-1.,0.));
#6166=DIRECTION('',(0.,-1.,0.));
#6167=DIRECTION('',(0.,0.,1.));
#6168=DIRECTION('center_axis',(0.,0.,1.));
#6169=DIRECTION('ref_axis',(1.,0.,0.));
#6170=DIRECTION('center_axis',(0.,0.,-1.));
#6171=DIRECTION('ref_axis',(1.,0.,0.));
#6172=DIRECTION('center_axis',(0.,0.,1.));
#6173=DIRECTION('ref_axis',(-1.,0.,0.));
#6174=DIRECTION('',(0.,0.,1.));
#6175=DIRECTION('center_axis',(0.,0.,-1.));
#6176=DIRECTION('ref_axis',(-1.,0.,0.));
#6177=DIRECTION('',(0.,0.,1.));
#6178=DIRECTION('center_axis',(0.,1.,0.));
#6179=DIRECTION('ref_axis',(-1.,0.,0.));
#6180=DIRECTION('',(-1.,0.,0.));
#6181=DIRECTION('',(0.,0.,1.));
#6182=DIRECTION('center_axis',(0.,0.,1.));
#6183=DIRECTION('ref_axis',(0.,-1.,0.));
#6184=DIRECTION('center_axis',(0.,0.,-1.));
#6185=DIRECTION('ref_axis',(0.,-1.,0.));
#6186=DIRECTION('',(0.,0.,1.));
#6187=DIRECTION('center_axis',(-1.,0.,0.));
#6188=DIRECTION('ref_axis',(0.,-1.,0.));
#6189=DIRECTION('',(0.,-1.,0.));
#6190=DIRECTION('',(0.,0.,1.));
#6191=DIRECTION('center_axis',(0.,0.,1.));
#6192=DIRECTION('ref_axis',(1.,0.,0.));
#6193=DIRECTION('center_axis',(0.,0.,-1.));
#6194=DIRECTION('ref_axis',(1.,0.,0.));
#6195=DIRECTION('',(0.,0.,1.));
#6196=DIRECTION('center_axis',(0.,-1.,0.));
#6197=DIRECTION('ref_axis',(1.,0.,0.));
#6198=DIRECTION('',(1.,0.,0.));
#6199=DIRECTION('',(0.,0.,1.));
#6200=DIRECTION('center_axis',(0.,0.,1.));
#6201=DIRECTION('ref_axis',(0.,1.,0.));
#6202=DIRECTION('center_axis',(0.,0.,-1.));
#6203=DIRECTION('ref_axis',(0.,1.,0.));
#6204=DIRECTION('',(0.,0.,1.));
#6205=DIRECTION('center_axis',(1.,0.,0.));
#6206=DIRECTION('ref_axis',(0.,1.,0.));
#6207=DIRECTION('',(0.,1.,0.));
#6208=DIRECTION('center_axis',(0.,-1.,0.));
#6209=DIRECTION('ref_axis',(1.,0.,0.));
#6210=DIRECTION('',(0.,0.,1.));
#6211=DIRECTION('',(1.,0.,0.));
#6212=DIRECTION('',(0.,0.,1.));
#6213=DIRECTION('center_axis',(0.,0.,1.));
#6214=DIRECTION('ref_axis',(0.,1.,0.));
#6215=DIRECTION('center_axis',(0.,0.,-1.));
#6216=DIRECTION('ref_axis',(0.,1.,0.));
#6217=DIRECTION('',(0.,0.,1.));
#6218=DIRECTION('center_axis',(1.,0.,0.));
#6219=DIRECTION('ref_axis',(0.,1.,0.));
#6220=DIRECTION('',(0.,1.,0.));
#6221=DIRECTION('',(0.,0.,1.));
#6222=DIRECTION('center_axis',(0.,0.,1.));
#6223=DIRECTION('ref_axis',(-1.,0.,0.));
#6224=DIRECTION('center_axis',(0.,0.,-1.));
#6225=DIRECTION('ref_axis',(-1.,0.,0.));
#6226=DIRECTION('',(0.,0.,1.));
#6227=DIRECTION('center_axis',(0.,1.,0.));
#6228=DIRECTION('ref_axis',(-1.,0.,0.));
#6229=DIRECTION('',(-1.,0.,0.));
#6230=DIRECTION('',(0.,0.,1.));
#6231=DIRECTION('center_axis',(0.,0.,1.));
#6232=DIRECTION('ref_axis',(0.,-1.,0.));
#6233=DIRECTION('center_axis',(0.,0.,-1.));
#6234=DIRECTION('ref_axis',(0.,-1.,0.));
#6235=DIRECTION('',(0.,0.,1.));
#6236=DIRECTION('center_axis',(-1.,0.,0.));
#6237=DIRECTION('ref_axis',(0.,-1.,0.));
#6238=DIRECTION('',(0.,-1.,0.));
#6239=DIRECTION('',(0.,0.,1.));
#6240=DIRECTION('center_axis',(0.,0.,1.));
#6241=DIRECTION('ref_axis',(1.,0.,0.));
#6242=DIRECTION('center_axis',(0.,0.,-1.));
#6243=DIRECTION('ref_axis',(1.,0.,0.));
#6244=DIRECTION('center_axis',(1.,0.,0.));
#6245=DIRECTION('ref_axis',(0.,1.,0.));
#6246=DIRECTION('',(0.,0.,1.));
#6247=DIRECTION('',(0.,1.,0.));
#6248=DIRECTION('',(0.,0.,1.));
#6249=DIRECTION('center_axis',(0.,0.,1.));
#6250=DIRECTION('ref_axis',(-1.,0.,0.));
#6251=DIRECTION('center_axis',(0.,0.,-1.));
#6252=DIRECTION('ref_axis',(-1.,0.,0.));
#6253=DIRECTION('',(0.,0.,1.));
#6254=DIRECTION('center_axis',(0.,1.,0.));
#6255=DIRECTION('ref_axis',(-1.,0.,0.));
#6256=DIRECTION('',(-1.,0.,0.));
#6257=DIRECTION('',(0.,0.,1.));
#6258=DIRECTION('center_axis',(0.,0.,1.));
#6259=DIRECTION('ref_axis',(0.,-1.,0.));
#6260=DIRECTION('center_axis',(0.,0.,-1.));
#6261=DIRECTION('ref_axis',(0.,-1.,0.));
#6262=DIRECTION('',(0.,0.,1.));
#6263=DIRECTION('center_axis',(-1.,0.,0.));
#6264=DIRECTION('ref_axis',(0.,-1.,0.));
#6265=DIRECTION('',(0.,-1.,0.));
#6266=DIRECTION('',(0.,0.,1.));
#6267=DIRECTION('center_axis',(0.,0.,1.));
#6268=DIRECTION('ref_axis',(1.,0.,0.));
#6269=DIRECTION('center_axis',(0.,0.,-1.));
#6270=DIRECTION('ref_axis',(1.,0.,0.));
#6271=DIRECTION('',(0.,0.,1.));
#6272=DIRECTION('center_axis',(0.,-1.,0.));
#6273=DIRECTION('ref_axis',(1.,0.,0.));
#6274=DIRECTION('',(1.,0.,0.));
#6275=DIRECTION('',(0.,0.,1.));
#6276=DIRECTION('center_axis',(0.,0.,1.));
#6277=DIRECTION('ref_axis',(0.,1.,0.));
#6278=DIRECTION('center_axis',(0.,0.,-1.));
#6279=DIRECTION('ref_axis',(0.,1.,0.));
#6280=DIRECTION('center_axis',(1.,0.,0.));
#6281=DIRECTION('ref_axis',(0.,1.,0.));
#6282=DIRECTION('',(0.,0.,1.));
#6283=DIRECTION('',(0.,1.,0.));
#6284=DIRECTION('',(0.,0.,1.));
#6285=DIRECTION('center_axis',(0.,0.,1.));
#6286=DIRECTION('ref_axis',(-1.,0.,0.));
#6287=DIRECTION('center_axis',(0.,0.,-1.));
#6288=DIRECTION('ref_axis',(-1.,0.,0.));
#6289=DIRECTION('',(0.,0.,1.));
#6290=DIRECTION('center_axis',(0.,1.,0.));
#6291=DIRECTION('ref_axis',(-1.,0.,0.));
#6292=DIRECTION('',(-1.,0.,0.));
#6293=DIRECTION('',(0.,0.,1.));
#6294=DIRECTION('center_axis',(0.,0.,1.));
#6295=DIRECTION('ref_axis',(0.,-1.,0.));
#6296=DIRECTION('center_axis',(0.,0.,-1.));
#6297=DIRECTION('ref_axis',(0.,-1.,0.));
#6298=DIRECTION('',(0.,0.,1.));
#6299=DIRECTION('center_axis',(-1.,0.,0.));
#6300=DIRECTION('ref_axis',(0.,-1.,0.));
#6301=DIRECTION('',(0.,-1.,0.));
#6302=DIRECTION('',(0.,0.,1.));
#6303=DIRECTION('center_axis',(0.,0.,1.));
#6304=DIRECTION('ref_axis',(1.,0.,0.));
#6305=DIRECTION('center_axis',(0.,0.,-1.));
#6306=DIRECTION('ref_axis',(1.,0.,0.));
#6307=DIRECTION('',(0.,0.,1.));
#6308=DIRECTION('center_axis',(0.,-1.,0.));
#6309=DIRECTION('ref_axis',(1.,0.,0.));
#6310=DIRECTION('',(1.,0.,0.));
#6311=DIRECTION('',(0.,0.,1.));
#6312=DIRECTION('center_axis',(0.,0.,1.));
#6313=DIRECTION('ref_axis',(0.,1.,0.));
#6314=DIRECTION('center_axis',(0.,0.,-1.));
#6315=DIRECTION('ref_axis',(0.,1.,0.));
#6316=DIRECTION('center_axis',(1.,0.,0.));
#6317=DIRECTION('ref_axis',(0.,1.,0.));
#6318=DIRECTION('',(0.,0.,1.));
#6319=DIRECTION('',(0.,1.,0.));
#6320=DIRECTION('',(0.,0.,1.));
#6321=DIRECTION('center_axis',(0.,0.,1.));
#6322=DIRECTION('ref_axis',(-1.,0.,0.));
#6323=DIRECTION('center_axis',(0.,0.,-1.));
#6324=DIRECTION('ref_axis',(-1.,0.,0.));
#6325=DIRECTION('',(0.,0.,1.));
#6326=DIRECTION('center_axis',(0.,1.,0.));
#6327=DIRECTION('ref_axis',(-1.,0.,0.));
#6328=DIRECTION('',(-1.,0.,0.));
#6329=DIRECTION('',(0.,0.,1.));
#6330=DIRECTION('center_axis',(0.,0.,1.));
#6331=DIRECTION('ref_axis',(0.,-1.,0.));
#6332=DIRECTION('center_axis',(0.,0.,-1.));
#6333=DIRECTION('ref_axis',(0.,-1.,0.));
#6334=DIRECTION('',(0.,0.,1.));
#6335=DIRECTION('center_axis',(-1.,0.,0.));
#6336=DIRECTION('ref_axis',(0.,-1.,0.));
#6337=DIRECTION('',(0.,-1.,0.));
#6338=DIRECTION('',(0.,0.,1.));
#6339=DIRECTION('center_axis',(0.,0.,1.));
#6340=DIRECTION('ref_axis',(1.,0.,0.));
#6341=DIRECTION('center_axis',(0.,0.,-1.));
#6342=DIRECTION('ref_axis',(1.,0.,0.));
#6343=DIRECTION('',(0.,0.,1.));
#6344=DIRECTION('center_axis',(0.,-1.,0.));
#6345=DIRECTION('ref_axis',(1.,0.,0.));
#6346=DIRECTION('',(1.,0.,0.));
#6347=DIRECTION('',(0.,0.,1.));
#6348=DIRECTION('center_axis',(0.,0.,1.));
#6349=DIRECTION('ref_axis',(0.,1.,0.));
#6350=DIRECTION('center_axis',(0.,0.,-1.));
#6351=DIRECTION('ref_axis',(0.,1.,0.));
#6352=DIRECTION('center_axis',(1.,0.,0.));
#6353=DIRECTION('ref_axis',(0.,1.,0.));
#6354=DIRECTION('',(0.,0.,1.));
#6355=DIRECTION('',(0.,1.,0.));
#6356=DIRECTION('',(0.,0.,1.));
#6357=DIRECTION('center_axis',(0.,0.,1.));
#6358=DIRECTION('ref_axis',(-1.,0.,0.));
#6359=DIRECTION('center_axis',(0.,0.,-1.));
#6360=DIRECTION('ref_axis',(-1.,0.,0.));
#6361=DIRECTION('',(0.,0.,1.));
#6362=DIRECTION('center_axis',(0.,1.,0.));
#6363=DIRECTION('ref_axis',(-1.,0.,0.));
#6364=DIRECTION('',(-1.,0.,0.));
#6365=DIRECTION('',(0.,0.,1.));
#6366=DIRECTION('center_axis',(0.,0.,1.));
#6367=DIRECTION('ref_axis',(0.,-1.,0.));
#6368=DIRECTION('center_axis',(0.,0.,-1.));
#6369=DIRECTION('ref_axis',(0.,-1.,0.));
#6370=DIRECTION('',(0.,0.,1.));
#6371=DIRECTION('center_axis',(-1.,0.,0.));
#6372=DIRECTION('ref_axis',(0.,-1.,0.));
#6373=DIRECTION('',(0.,-1.,0.));
#6374=DIRECTION('',(0.,0.,1.));
#6375=DIRECTION('center_axis',(0.,0.,1.));
#6376=DIRECTION('ref_axis',(1.,0.,0.));
#6377=DIRECTION('center_axis',(0.,0.,-1.));
#6378=DIRECTION('ref_axis',(1.,0.,0.));
#6379=DIRECTION('',(0.,0.,1.));
#6380=DIRECTION('center_axis',(0.,-1.,0.));
#6381=DIRECTION('ref_axis',(1.,0.,0.));
#6382=DIRECTION('',(1.,0.,0.));
#6383=DIRECTION('',(0.,0.,1.));
#6384=DIRECTION('center_axis',(0.,0.,1.));
#6385=DIRECTION('ref_axis',(0.,1.,0.));
#6386=DIRECTION('center_axis',(0.,0.,-1.));
#6387=DIRECTION('ref_axis',(0.,1.,0.));
#6388=DIRECTION('center_axis',(0.,0.,1.));
#6389=DIRECTION('ref_axis',(-1.,0.,0.));
#6390=DIRECTION('',(0.,0.,1.));
#6391=DIRECTION('center_axis',(0.,0.,-1.));
#6392=DIRECTION('ref_axis',(-1.,0.,0.));
#6393=DIRECTION('',(0.,0.,1.));
#6394=DIRECTION('center_axis',(0.,1.,0.));
#6395=DIRECTION('ref_axis',(-1.,0.,0.));
#6396=DIRECTION('',(-1.,0.,0.));
#6397=DIRECTION('',(0.,0.,1.));
#6398=DIRECTION('center_axis',(0.,0.,1.));
#6399=DIRECTION('ref_axis',(0.,-1.,0.));
#6400=DIRECTION('center_axis',(0.,0.,-1.));
#6401=DIRECTION('ref_axis',(0.,-1.,0.));
#6402=DIRECTION('',(0.,0.,1.));
#6403=DIRECTION('center_axis',(-1.,0.,0.));
#6404=DIRECTION('ref_axis',(0.,-1.,0.));
#6405=DIRECTION('',(0.,-1.,0.));
#6406=DIRECTION('',(0.,0.,1.));
#6407=DIRECTION('center_axis',(0.,0.,1.));
#6408=DIRECTION('ref_axis',(1.,0.,0.));
#6409=DIRECTION('center_axis',(0.,0.,-1.));
#6410=DIRECTION('ref_axis',(1.,0.,0.));
#6411=DIRECTION('',(0.,0.,1.));
#6412=DIRECTION('center_axis',(0.,-1.,0.));
#6413=DIRECTION('ref_axis',(1.,0.,0.));
#6414=DIRECTION('',(1.,0.,0.));
#6415=DIRECTION('',(0.,0.,1.));
#6416=DIRECTION('center_axis',(0.,0.,1.));
#6417=DIRECTION('ref_axis',(0.,1.,0.));
#6418=DIRECTION('center_axis',(0.,0.,-1.));
#6419=DIRECTION('ref_axis',(0.,1.,0.));
#6420=DIRECTION('',(0.,0.,1.));
#6421=DIRECTION('center_axis',(1.,0.,0.));
#6422=DIRECTION('ref_axis',(0.,1.,0.));
#6423=DIRECTION('',(0.,1.,0.));
#6424=DIRECTION('center_axis',(1.,0.,0.));
#6425=DIRECTION('ref_axis',(0.,1.,0.));
#6426=DIRECTION('',(0.,0.,1.));
#6427=DIRECTION('',(0.,1.,0.));
#6428=DIRECTION('',(0.,0.,1.));
#6429=DIRECTION('center_axis',(0.,0.,1.));
#6430=DIRECTION('ref_axis',(-1.,0.,0.));
#6431=DIRECTION('center_axis',(0.,0.,-1.));
#6432=DIRECTION('ref_axis',(-1.,0.,0.));
#6433=DIRECTION('',(0.,0.,1.));
#6434=DIRECTION('center_axis',(0.,1.,0.));
#6435=DIRECTION('ref_axis',(-1.,0.,0.));
#6436=DIRECTION('',(-1.,0.,0.));
#6437=DIRECTION('',(0.,0.,1.));
#6438=DIRECTION('center_axis',(0.,0.,1.));
#6439=DIRECTION('ref_axis',(-8.88178419700144E-15,-1.,0.));
#6440=DIRECTION('center_axis',(0.,0.,-1.));
#6441=DIRECTION('ref_axis',(-8.88178419700144E-15,-1.,0.));
#6442=DIRECTION('',(0.,0.,1.));
#6443=DIRECTION('center_axis',(-1.,0.,0.));
#6444=DIRECTION('ref_axis',(0.,-1.,0.));
#6445=DIRECTION('',(0.,-1.,0.));
#6446=DIRECTION('',(0.,0.,1.));
#6447=DIRECTION('center_axis',(0.,0.,1.));
#6448=DIRECTION('ref_axis',(1.,0.,0.));
#6449=DIRECTION('center_axis',(0.,0.,-1.));
#6450=DIRECTION('ref_axis',(1.,0.,0.));
#6451=DIRECTION('',(0.,0.,1.));
#6452=DIRECTION('center_axis',(0.,-1.,0.));
#6453=DIRECTION('ref_axis',(1.,0.,0.));
#6454=DIRECTION('',(1.,0.,0.));
#6455=DIRECTION('',(0.,0.,1.));
#6456=DIRECTION('center_axis',(0.,0.,1.));
#6457=DIRECTION('ref_axis',(0.,1.,0.));
#6458=DIRECTION('center_axis',(0.,0.,-1.));
#6459=DIRECTION('ref_axis',(0.,1.,0.));
#6460=DIRECTION('center_axis',(1.,0.,0.));
#6461=DIRECTION('ref_axis',(0.,1.,0.));
#6462=DIRECTION('',(0.,0.,1.));
#6463=DIRECTION('',(0.,1.,0.));
#6464=DIRECTION('',(0.,0.,1.));
#6465=DIRECTION('center_axis',(0.,0.,1.));
#6466=DIRECTION('ref_axis',(-1.,0.,0.));
#6467=DIRECTION('center_axis',(0.,0.,-1.));
#6468=DIRECTION('ref_axis',(-1.,0.,0.));
#6469=DIRECTION('',(0.,0.,1.));
#6470=DIRECTION('center_axis',(0.,1.,0.));
#6471=DIRECTION('ref_axis',(-1.,0.,0.));
#6472=DIRECTION('',(-1.,0.,0.));
#6473=DIRECTION('',(0.,0.,1.));
#6474=DIRECTION('center_axis',(0.,0.,1.));
#6475=DIRECTION('ref_axis',(4.44089209850056E-15,-1.,0.));
#6476=DIRECTION('center_axis',(0.,0.,-1.));
#6477=DIRECTION('ref_axis',(4.44089209850056E-15,-1.,0.));
#6478=DIRECTION('',(0.,0.,1.));
#6479=DIRECTION('center_axis',(-1.,0.,0.));
#6480=DIRECTION('ref_axis',(0.,-1.,0.));
#6481=DIRECTION('',(0.,-1.,0.));
#6482=DIRECTION('',(0.,0.,1.));
#6483=DIRECTION('center_axis',(0.,0.,1.));
#6484=DIRECTION('ref_axis',(1.,0.,0.));
#6485=DIRECTION('center_axis',(0.,0.,-1.));
#6486=DIRECTION('ref_axis',(1.,0.,0.));
#6487=DIRECTION('',(0.,0.,1.));
#6488=DIRECTION('center_axis',(0.,-1.,0.));
#6489=DIRECTION('ref_axis',(1.,0.,0.));
#6490=DIRECTION('',(1.,0.,0.));
#6491=DIRECTION('',(0.,0.,1.));
#6492=DIRECTION('center_axis',(0.,0.,1.));
#6493=DIRECTION('ref_axis',(0.,1.,0.));
#6494=DIRECTION('center_axis',(0.,0.,-1.));
#6495=DIRECTION('ref_axis',(0.,1.,0.));
#6496=DIRECTION('center_axis',(0.,0.,1.));
#6497=DIRECTION('ref_axis',(1.,0.,0.));
#6498=DIRECTION('center_axis',(0.,0.,-1.));
#6499=DIRECTION('ref_axis',(1.,0.,0.));
#6500=DIRECTION('',(0.,0.,-1.));
#6501=DIRECTION('center_axis',(1.,0.,0.));
#6502=DIRECTION('ref_axis',(0.,1.,0.));
#6503=DIRECTION('',(0.,0.,1.));
#6504=DIRECTION('',(0.,1.,0.));
#6505=DIRECTION('',(0.,0.,1.));
#6506=DIRECTION('center_axis',(0.,0.,1.));
#6507=DIRECTION('ref_axis',(-1.,0.,0.));
#6508=DIRECTION('center_axis',(0.,0.,-1.));
#6509=DIRECTION('ref_axis',(-1.,0.,0.));
#6510=DIRECTION('',(0.,0.,1.));
#6511=DIRECTION('center_axis',(0.,1.,0.));
#6512=DIRECTION('ref_axis',(-1.,0.,0.));
#6513=DIRECTION('',(-1.,0.,0.));
#6514=DIRECTION('',(0.,0.,1.));
#6515=DIRECTION('center_axis',(0.,0.,1.));
#6516=DIRECTION('ref_axis',(-8.88178419700128E-15,-1.,0.));
#6517=DIRECTION('center_axis',(0.,0.,-1.));
#6518=DIRECTION('ref_axis',(-8.88178419700128E-15,-1.,0.));
#6519=DIRECTION('',(0.,0.,1.));
#6520=DIRECTION('center_axis',(-1.,0.,0.));
#6521=DIRECTION('ref_axis',(0.,-1.,0.));
#6522=DIRECTION('',(0.,-1.,0.));
#6523=DIRECTION('',(0.,0.,1.));
#6524=DIRECTION('center_axis',(0.,0.,1.));
#6525=DIRECTION('ref_axis',(1.,0.,0.));
#6526=DIRECTION('center_axis',(0.,0.,-1.));
#6527=DIRECTION('ref_axis',(1.,0.,0.));
#6528=DIRECTION('',(0.,0.,1.));
#6529=DIRECTION('center_axis',(0.,-1.,0.));
#6530=DIRECTION('ref_axis',(1.,0.,0.));
#6531=DIRECTION('',(1.,0.,0.));
#6532=DIRECTION('',(0.,0.,1.));
#6533=DIRECTION('center_axis',(0.,0.,1.));
#6534=DIRECTION('ref_axis',(0.,1.,0.));
#6535=DIRECTION('center_axis',(0.,0.,-1.));
#6536=DIRECTION('ref_axis',(0.,1.,0.));
#6537=DIRECTION('center_axis',(-1.,0.,0.));
#6538=DIRECTION('ref_axis',(0.,-1.,0.));
#6539=DIRECTION('',(0.,0.,1.));
#6540=DIRECTION('',(0.,-1.,0.));
#6541=DIRECTION('',(0.,0.,1.));
#6542=DIRECTION('center_axis',(0.,0.,1.));
#6543=DIRECTION('ref_axis',(1.,0.,0.));
#6544=DIRECTION('center_axis',(0.,0.,-1.));
#6545=DIRECTION('ref_axis',(1.,0.,0.));
#6546=DIRECTION('',(0.,0.,1.));
#6547=DIRECTION('center_axis',(0.,-1.,0.));
#6548=DIRECTION('ref_axis',(1.,0.,0.));
#6549=DIRECTION('',(1.,0.,0.));
#6550=DIRECTION('',(0.,0.,1.));
#6551=DIRECTION('center_axis',(0.,0.,1.));
#6552=DIRECTION('ref_axis',(0.,1.,0.));
#6553=DIRECTION('center_axis',(0.,0.,-1.));
#6554=DIRECTION('ref_axis',(0.,1.,0.));
#6555=DIRECTION('',(0.,0.,1.));
#6556=DIRECTION('center_axis',(1.,0.,0.));
#6557=DIRECTION('ref_axis',(0.,1.,0.));
#6558=DIRECTION('',(0.,1.,0.));
#6559=DIRECTION('',(0.,0.,1.));
#6560=DIRECTION('center_axis',(0.,0.,1.));
#6561=DIRECTION('ref_axis',(-1.,0.,0.));
#6562=DIRECTION('center_axis',(0.,0.,-1.));
#6563=DIRECTION('ref_axis',(-1.,0.,0.));
#6564=DIRECTION('',(0.,0.,1.));
#6565=DIRECTION('center_axis',(0.,1.,0.));
#6566=DIRECTION('ref_axis',(-1.,0.,0.));
#6567=DIRECTION('',(-1.,0.,0.));
#6568=DIRECTION('',(0.,0.,1.));
#6569=DIRECTION('center_axis',(0.,0.,1.));
#6570=DIRECTION('ref_axis',(0.,-1.,0.));
#6571=DIRECTION('center_axis',(0.,0.,-1.));
#6572=DIRECTION('ref_axis',(0.,-1.,0.));
#6573=DIRECTION('center_axis',(1.,0.,0.));
#6574=DIRECTION('ref_axis',(0.,1.,0.));
#6575=DIRECTION('',(0.,0.,1.));
#6576=DIRECTION('',(0.,1.,0.));
#6577=DIRECTION('',(0.,0.,1.));
#6578=DIRECTION('center_axis',(0.,0.,1.));
#6579=DIRECTION('ref_axis',(-1.,0.,0.));
#6580=DIRECTION('center_axis',(0.,0.,-1.));
#6581=DIRECTION('ref_axis',(-1.,0.,0.));
#6582=DIRECTION('',(0.,0.,1.));
#6583=DIRECTION('center_axis',(0.,1.,0.));
#6584=DIRECTION('ref_axis',(-1.,0.,0.));
#6585=DIRECTION('',(-1.,0.,0.));
#6586=DIRECTION('',(0.,0.,1.));
#6587=DIRECTION('center_axis',(0.,0.,1.));
#6588=DIRECTION('ref_axis',(0.,-1.,0.));
#6589=DIRECTION('center_axis',(0.,0.,-1.));
#6590=DIRECTION('ref_axis',(0.,-1.,0.));
#6591=DIRECTION('',(0.,0.,1.));
#6592=DIRECTION('center_axis',(-1.,0.,0.));
#6593=DIRECTION('ref_axis',(0.,-1.,0.));
#6594=DIRECTION('',(0.,-1.,0.));
#6595=DIRECTION('',(0.,0.,1.));
#6596=DIRECTION('center_axis',(0.,0.,1.));
#6597=DIRECTION('ref_axis',(1.,0.,0.));
#6598=DIRECTION('center_axis',(0.,0.,-1.));
#6599=DIRECTION('ref_axis',(1.,0.,0.));
#6600=DIRECTION('',(0.,0.,1.));
#6601=DIRECTION('center_axis',(0.,-1.,0.));
#6602=DIRECTION('ref_axis',(1.,0.,0.));
#6603=DIRECTION('',(1.,0.,0.));
#6604=DIRECTION('',(0.,0.,1.));
#6605=DIRECTION('center_axis',(0.,0.,1.));
#6606=DIRECTION('ref_axis',(0.,1.,0.));
#6607=DIRECTION('center_axis',(0.,0.,-1.));
#6608=DIRECTION('ref_axis',(0.,1.,0.));
#6609=DIRECTION('center_axis',(0.,-1.,0.));
#6610=DIRECTION('ref_axis',(1.,0.,0.));
#6611=DIRECTION('',(0.,0.,1.));
#6612=DIRECTION('',(1.,0.,0.));
#6613=DIRECTION('',(0.,0.,1.));
#6614=DIRECTION('center_axis',(0.,0.,1.));
#6615=DIRECTION('ref_axis',(0.326015133680403,0.945364550113526,0.));
#6616=DIRECTION('center_axis',(0.,0.,-1.));
#6617=DIRECTION('ref_axis',(0.326015133680403,0.945364550113526,0.));
#6618=DIRECTION('',(0.,0.,1.));
#6619=DIRECTION('center_axis',(1.,0.,0.));
#6620=DIRECTION('ref_axis',(0.,1.,0.));
#6621=DIRECTION('',(0.,1.,0.));
#6622=DIRECTION('',(0.,0.,1.));
#6623=DIRECTION('center_axis',(0.,0.,1.));
#6624=DIRECTION('ref_axis',(-0.976288246375264,-0.216474617425489,0.));
#6625=DIRECTION('center_axis',(0.,0.,-1.));
#6626=DIRECTION('ref_axis',(-0.976288246375264,-0.216474617425489,0.));
#6627=DIRECTION('',(0.,0.,1.));
#6628=DIRECTION('center_axis',(0.,1.,0.));
#6629=DIRECTION('ref_axis',(-1.,0.,0.));
#6630=DIRECTION('',(-1.,0.,0.));
#6631=DIRECTION('',(0.,0.,1.));
#6632=DIRECTION('center_axis',(0.,0.,1.));
#6633=DIRECTION('ref_axis',(-8.88178419700128E-15,-1.,0.));
#6634=DIRECTION('center_axis',(0.,0.,-1.));
#6635=DIRECTION('ref_axis',(-8.88178419700128E-15,-1.,0.));
#6636=DIRECTION('',(0.,0.,1.));
#6637=DIRECTION('center_axis',(-1.,0.,0.));
#6638=DIRECTION('ref_axis',(0.,-1.,0.));
#6639=DIRECTION('',(0.,-1.,0.));
#6640=DIRECTION('',(0.,0.,1.));
#6641=DIRECTION('center_axis',(0.,0.,1.));
#6642=DIRECTION('ref_axis',(1.,0.,0.));
#6643=DIRECTION('center_axis',(0.,0.,-1.));
#6644=DIRECTION('ref_axis',(1.,0.,0.));
#6645=DIRECTION('center_axis',(1.,0.,0.));
#6646=DIRECTION('ref_axis',(0.,1.,0.));
#6647=DIRECTION('',(0.,1.,0.));
#6648=DIRECTION('center_axis',(0.,1.,0.));
#6649=DIRECTION('ref_axis',(-1.,0.,0.));
#6650=DIRECTION('',(-1.,0.,0.));
#6651=DIRECTION('',(0.,0.,1.));
#6652=DIRECTION('center_axis',(1.,0.,0.));
#6653=DIRECTION('ref_axis',(0.,1.,0.));
#6654=DIRECTION('',(0.,1.,0.));
#6655=DIRECTION('',(0.,0.,1.));
#6656=DIRECTION('center_axis',(0.,1.,0.));
#6657=DIRECTION('ref_axis',(-1.,0.,0.));
#6658=DIRECTION('',(-1.,0.,0.));
#6659=DIRECTION('',(0.,0.,1.));
#6660=DIRECTION('center_axis',(-1.,0.,0.));
#6661=DIRECTION('ref_axis',(0.,-1.,0.));
#6662=DIRECTION('',(0.,-1.,0.));
#6663=DIRECTION('center_axis',(0.,0.,1.));
#6664=DIRECTION('ref_axis',(1.,0.,0.));
#6665=CARTESIAN_POINT('',(0.,0.,0.));
#6666=CARTESIAN_POINT('Origin',(-47.6,85.938,0.));
#6667=CARTESIAN_POINT('',(-52.6,85.938,3.));
#6668=CARTESIAN_POINT('',(-47.6,90.938,3.));
#6669=CARTESIAN_POINT('Origin',(-47.6,85.938,3.));
#6670=CARTESIAN_POINT('',(-47.6,90.938,0.));
#6671=CARTESIAN_POINT('',(-47.6,90.938,0.));
#6672=CARTESIAN_POINT('',(-52.6,85.938,0.));
#6673=CARTESIAN_POINT('Origin',(-47.6,85.938,0.));
#6674=CARTESIAN_POINT('',(-52.6,85.938,0.));
#6675=CARTESIAN_POINT('Origin',(-52.6,90.938,0.));
#6676=CARTESIAN_POINT('',(-52.6,-65.8200000000001,0.));
#6677=CARTESIAN_POINT('',(-52.6,-70.8200000000001,0.));
#6678=CARTESIAN_POINT('',(-52.6,-65.8200000000001,3.));
#6679=CARTESIAN_POINT('',(-52.6,-65.8200000000001,0.));
#6680=CARTESIAN_POINT('',(-52.6,-70.8200000000001,3.));
#6681=CARTESIAN_POINT('Origin',(-0.549000000000008,10.059,0.));
#6682=CARTESIAN_POINT('',(-9.14500000000001,90.938,0.));
#6683=CARTESIAN_POINT('',(-52.6,90.938,0.));
#6684=CARTESIAN_POINT('',(-9.14500000000001,59.913,0.));
#6685=CARTESIAN_POINT('',(-9.14500000000001,59.913,0.));
#6686=CARTESIAN_POINT('',(8.65499999999999,59.913,0.));
#6687=CARTESIAN_POINT('',(8.65499999999999,59.913,0.));
#6688=CARTESIAN_POINT('',(8.65499999999999,90.938,0.));
#6689=CARTESIAN_POINT('',(8.65499999999999,90.938,0.));
#6690=CARTESIAN_POINT('',(46.502,90.938,0.));
#6691=CARTESIAN_POINT('',(-52.6,90.938,0.));
#6692=CARTESIAN_POINT('',(51.502,85.938,0.));
#6693=CARTESIAN_POINT('Origin',(46.502,85.938,0.));
#6694=CARTESIAN_POINT('',(51.502,-65.8200000000001,0.));
#6695=CARTESIAN_POINT('',(51.502,90.938,0.));
#6696=CARTESIAN_POINT('',(46.502,-70.8200000000001,0.));
#6697=CARTESIAN_POINT('Origin',(46.502,-65.8200000000001,0.));
#6698=CARTESIAN_POINT('',(-47.6,-70.8200000000001,0.));
#6699=CARTESIAN_POINT('',(51.502,-70.8200000000001,0.));
#6700=CARTESIAN_POINT('Origin',(-47.6,-65.8200000000001,0.));
#6701=CARTESIAN_POINT('',(-21.975,19.375,0.));
#6702=CARTESIAN_POINT('',(-21.475,18.875,0.));
#6703=CARTESIAN_POINT('Origin',(-21.975,18.875,0.));
#6704=CARTESIAN_POINT('',(-34.9841326403463,19.375,0.));
#6705=CARTESIAN_POINT('',(-34.9841326403463,19.375,0.));
#6706=CARTESIAN_POINT('',(-35.875,18.8763438574614,0.));
#6707=CARTESIAN_POINT('Origin',(-35.2071471954664,18.7283120619591,0.));
#6708=CARTESIAN_POINT('',(-35.875,5.87376283622437,0.));
#6709=CARTESIAN_POINT('',(-35.875,18.8763438574614,0.));
#6710=CARTESIAN_POINT('',(-34.9850610040129,5.375,0.));
#6711=CARTESIAN_POINT('Origin',(-35.2072900142294,6.02181569280391,0.));
#6712=CARTESIAN_POINT('',(-21.975,5.375,0.));
#6713=CARTESIAN_POINT('',(-34.9850610040129,5.375,0.));
#6714=CARTESIAN_POINT('',(-21.475,5.87499999999999,0.));
#6715=CARTESIAN_POINT('Origin',(-21.975,5.87499999999999,0.));
#6716=CARTESIAN_POINT('',(-21.475,18.875,0.));
#6717=CARTESIAN_POINT('',(-10.512,-39.275,0.));
#6718=CARTESIAN_POINT('',(-10.012,-38.775,0.));
#6719=CARTESIAN_POINT('Origin',(-10.012,-39.275,0.));
#6720=CARTESIAN_POINT('',(-10.512,-53.275,0.));
#6721=CARTESIAN_POINT('',(-10.512,-39.275,0.));
#6722=CARTESIAN_POINT('',(-10.012,-53.775,0.));
#6723=CARTESIAN_POINT('Origin',(-10.012,-53.275,0.));
#6724=CARTESIAN_POINT('',(-4.012,-53.775,0.));
#6725=CARTESIAN_POINT('',(-10.012,-53.775,0.));
#6726=CARTESIAN_POINT('',(-3.512,-53.275,0.));
#6727=CARTESIAN_POINT('Origin',(-4.012,-53.275,0.));
#6728=CARTESIAN_POINT('',(-3.512,-39.275,0.));
#6729=CARTESIAN_POINT('',(-3.512,-39.275,0.));
#6730=CARTESIAN_POINT('',(-4.012,-38.775,0.));
#6731=CARTESIAN_POINT('Origin',(-4.012,-39.275,0.));
#6732=CARTESIAN_POINT('',(-10.012,-38.775,0.));
#6733=CARTESIAN_POINT('',(34.675,11.788,0.));
#6734=CARTESIAN_POINT('',(34.175,11.288,0.));
#6735=CARTESIAN_POINT('Origin',(34.175,11.788,0.));
#6736=CARTESIAN_POINT('',(34.675,17.788,0.));
#6737=CARTESIAN_POINT('',(34.675,17.788,0.));
#6738=CARTESIAN_POINT('',(34.175,18.288,0.));
#6739=CARTESIAN_POINT('Origin',(34.175,17.788,0.));
#6740=CARTESIAN_POINT('',(20.175,18.288,0.));
#6741=CARTESIAN_POINT('',(34.175,18.288,0.));
#6742=CARTESIAN_POINT('',(19.675,17.788,0.));
#6743=CARTESIAN_POINT('Origin',(20.175,17.788,0.));
#6744=CARTESIAN_POINT('',(19.675,11.788,0.));
#6745=CARTESIAN_POINT('',(19.675,17.788,0.));
#6746=CARTESIAN_POINT('',(20.175,11.288,0.));
#6747=CARTESIAN_POINT('Origin',(20.175,11.788,0.));
#6748=CARTESIAN_POINT('',(34.175,11.288,0.));
#6749=CARTESIAN_POINT('',(-35.475,56.975,0.));
#6750=CARTESIAN_POINT('',(-34.975,57.475,0.));
#6751=CARTESIAN_POINT('Origin',(-34.975,56.975,0.));
#6752=CARTESIAN_POINT('',(-35.475,43.975,0.));
#6753=CARTESIAN_POINT('',(-35.475,56.975,0.));
#6754=CARTESIAN_POINT('',(-34.975,43.475,0.));
#6755=CARTESIAN_POINT('Origin',(-34.975,43.975,0.));
#6756=CARTESIAN_POINT('',(-21.975,43.475,0.));
#6757=CARTESIAN_POINT('',(-34.975,43.475,0.));
#6758=CARTESIAN_POINT('',(-21.475,43.975,0.));
#6759=CARTESIAN_POINT('Origin',(-21.975,43.975,0.));
#6760=CARTESIAN_POINT('',(-21.475,56.975,0.));
#6761=CARTESIAN_POINT('',(-21.475,56.975,0.));
#6762=CARTESIAN_POINT('',(-21.975,57.475,0.));
#6763=CARTESIAN_POINT('Origin',(-21.975,56.975,0.));
#6764=CARTESIAN_POINT('',(-34.975,57.475,0.));
#6765=CARTESIAN_POINT('',(-49.05,-65.8200000000001,0.));
#6766=CARTESIAN_POINT('Origin',(-47.6,-65.8200000000001,0.));
#6767=CARTESIAN_POINT('',(-25.95,-38.275,0.));
#6768=CARTESIAN_POINT('',(-25.45,-37.775,0.));
#6769=CARTESIAN_POINT('Origin',(-25.45,-38.275,0.));
#6770=CARTESIAN_POINT('',(-25.95,-51.275,0.));
#6771=CARTESIAN_POINT('',(-25.95,-38.275,0.));
#6772=CARTESIAN_POINT('',(-25.45,-51.775,0.));
#6773=CARTESIAN_POINT('Origin',(-25.45,-51.275,0.));
#6774=CARTESIAN_POINT('',(-12.45,-51.775,0.));
#6775=CARTESIAN_POINT('',(-25.45,-51.775,0.));
#6776=CARTESIAN_POINT('',(-11.95,-51.275,0.));
#6777=CARTESIAN_POINT('Origin',(-12.45,-51.275,0.));
#6778=CARTESIAN_POINT('',(-11.95,-38.275,0.));
#6779=CARTESIAN_POINT('',(-11.95,-38.275,0.));
#6780=CARTESIAN_POINT('',(-12.45,-37.775,0.));
#6781=CARTESIAN_POINT('Origin',(-12.45,-38.275,0.));
#6782=CARTESIAN_POINT('',(-25.45,-37.775,0.));
#6783=CARTESIAN_POINT('',(-35.475,-19.225,0.));
#6784=CARTESIAN_POINT('',(-34.975,-18.725,0.));
#6785=CARTESIAN_POINT('Origin',(-34.975,-19.225,0.));
#6786=CARTESIAN_POINT('',(-35.475,-32.225,0.));
#6787=CARTESIAN_POINT('',(-35.475,-19.225,0.));
#6788=CARTESIAN_POINT('',(-34.975,-32.725,0.));
#6789=CARTESIAN_POINT('Origin',(-34.975,-32.225,0.));
#6790=CARTESIAN_POINT('',(-21.975,-32.725,0.));
#6791=CARTESIAN_POINT('',(-34.975,-32.725,0.));
#6792=CARTESIAN_POINT('',(-21.475,-32.225,0.));
#6793=CARTESIAN_POINT('Origin',(-21.975,-32.225,0.));
#6794=CARTESIAN_POINT('',(-21.475,-19.225,0.));
#6795=CARTESIAN_POINT('',(-21.475,-19.225,0.));
#6796=CARTESIAN_POINT('',(-21.975,-18.725,0.));
#6797=CARTESIAN_POINT('Origin',(-21.975,-19.225,0.));
#6798=CARTESIAN_POINT('',(-34.975,-18.725,0.));
#6799=CARTESIAN_POINT('',(-16.425,43.975,0.));
#6800=CARTESIAN_POINT('',(-16.425,56.975,0.));
#6801=CARTESIAN_POINT('',(-16.425,56.975,0.));
#6802=CARTESIAN_POINT('',(-15.925,43.475,0.));
#6803=CARTESIAN_POINT('Origin',(-15.925,43.975,0.));
#6804=CARTESIAN_POINT('',(-2.925,43.475,0.));
#6805=CARTESIAN_POINT('',(-15.925,43.475,0.));
#6806=CARTESIAN_POINT('',(-2.425,43.975,0.));
#6807=CARTESIAN_POINT('Origin',(-2.925,43.975,0.));
#6808=CARTESIAN_POINT('',(-2.425,56.975,0.));
#6809=CARTESIAN_POINT('',(-2.425,56.975,0.));
#6810=CARTESIAN_POINT('',(-2.925,57.475,0.));
#6811=CARTESIAN_POINT('Origin',(-2.925,56.975,0.));
#6812=CARTESIAN_POINT('',(-15.925,57.475,0.));
#6813=CARTESIAN_POINT('',(-15.925,57.475,0.));
#6814=CARTESIAN_POINT('Origin',(-15.925,56.975,0.));
#6815=CARTESIAN_POINT('',(-16.425,37.925,0.));
#6816=CARTESIAN_POINT('',(-15.925,38.425,0.));
#6817=CARTESIAN_POINT('Origin',(-15.925,37.925,0.));
#6818=CARTESIAN_POINT('',(-16.425,24.925,0.));
#6819=CARTESIAN_POINT('',(-16.425,37.925,0.));
#6820=CARTESIAN_POINT('',(-15.925,24.425,0.));
#6821=CARTESIAN_POINT('Origin',(-15.925,24.925,0.));
#6822=CARTESIAN_POINT('',(-2.925,24.425,0.));
#6823=CARTESIAN_POINT('',(-15.925,24.425,0.));
#6824=CARTESIAN_POINT('',(-2.425,24.925,0.));
#6825=CARTESIAN_POINT('Origin',(-2.925,24.925,0.));
#6826=CARTESIAN_POINT('',(-2.425,37.925,0.));
#6827=CARTESIAN_POINT('',(-2.425,37.925,0.));
#6828=CARTESIAN_POINT('',(-2.925,38.425,0.));
#6829=CARTESIAN_POINT('Origin',(-2.925,37.925,0.));
#6830=CARTESIAN_POINT('',(-15.925,38.425,0.));
#6831=CARTESIAN_POINT('',(21.675,37.925,0.));
#6832=CARTESIAN_POINT('',(22.175,38.425,0.));
#6833=CARTESIAN_POINT('Origin',(22.175,37.925,0.));
#6834=CARTESIAN_POINT('',(21.675,24.925,0.));
#6835=CARTESIAN_POINT('',(21.675,37.925,0.));
#6836=CARTESIAN_POINT('',(22.175,24.425,0.));
#6837=CARTESIAN_POINT('Origin',(22.175,24.925,0.));
#6838=CARTESIAN_POINT('',(35.175,24.425,0.));
#6839=CARTESIAN_POINT('',(22.175,24.425,0.));
#6840=CARTESIAN_POINT('',(35.675,24.925,0.));
#6841=CARTESIAN_POINT('Origin',(35.175,24.925,0.));
#6842=CARTESIAN_POINT('',(35.675,37.925,0.));
#6843=CARTESIAN_POINT('',(35.675,37.925,0.));
#6844=CARTESIAN_POINT('',(35.175,38.425,0.));
#6845=CARTESIAN_POINT('Origin',(35.175,37.925,0.));
#6846=CARTESIAN_POINT('',(22.175,38.425,0.));
#6847=CARTESIAN_POINT('',(-16.425,-0.175000000000001,0.));
#6848=CARTESIAN_POINT('',(-15.925,0.324999999999998,0.));
#6849=CARTESIAN_POINT('Origin',(-15.925,-0.175000000000001,0.));
#6850=CARTESIAN_POINT('',(-16.425,-13.175,0.));
#6851=CARTESIAN_POINT('',(-16.425,-0.175000000000001,0.));
#6852=CARTESIAN_POINT('',(-15.925,-13.675,0.));
#6853=CARTESIAN_POINT('Origin',(-15.925,-13.175,0.));
#6854=CARTESIAN_POINT('',(-2.925,-13.675,0.));
#6855=CARTESIAN_POINT('',(-15.925,-13.675,0.));
#6856=CARTESIAN_POINT('',(-2.425,-13.175,0.));
#6857=CARTESIAN_POINT('Origin',(-2.925,-13.175,0.));
#6858=CARTESIAN_POINT('',(-2.425,-0.175000000000001,0.));
#6859=CARTESIAN_POINT('',(-2.425,-0.175000000000001,0.));
#6860=CARTESIAN_POINT('',(-2.925,0.325000000000002,0.));
#6861=CARTESIAN_POINT('Origin',(-2.925,-0.175000000000001,0.));
#6862=CARTESIAN_POINT('',(-15.925,0.324999999999998,0.));
#6863=CARTESIAN_POINT('',(2.625,-0.175000000000001,0.));
#6864=CARTESIAN_POINT('',(3.125,0.324999999999998,0.));
#6865=CARTESIAN_POINT('Origin',(3.125,-0.175000000000001,0.));
#6866=CARTESIAN_POINT('',(2.625,-13.175,0.));
#6867=CARTESIAN_POINT('',(2.625,-0.175000000000001,0.));
#6868=CARTESIAN_POINT('',(3.125,-13.675,0.));
#6869=CARTESIAN_POINT('Origin',(3.125,-13.175,0.));
#6870=CARTESIAN_POINT('',(16.125,-13.675,0.));
#6871=CARTESIAN_POINT('',(3.125,-13.675,0.));
#6872=CARTESIAN_POINT('',(16.625,-13.175,0.));
#6873=CARTESIAN_POINT('Origin',(16.125,-13.175,0.));
#6874=CARTESIAN_POINT('',(16.625,-0.175000000000001,0.));
#6875=CARTESIAN_POINT('',(16.625,-0.175000000000001,0.));
#6876=CARTESIAN_POINT('',(16.125,0.324999999999998,0.));
#6877=CARTESIAN_POINT('Origin',(16.125,-0.175000000000001,0.));
#6878=CARTESIAN_POINT('',(3.125,0.324999999999998,0.));
#6879=CARTESIAN_POINT('',(-2.925,-18.725,0.));
#6880=CARTESIAN_POINT('',(-2.425,-19.225,0.));
#6881=CARTESIAN_POINT('Origin',(-2.925,-19.225,0.));
#6882=CARTESIAN_POINT('',(-15.925,-18.725,0.));
#6883=CARTESIAN_POINT('',(-15.925,-18.725,0.));
#6884=CARTESIAN_POINT('',(-16.425,-19.225,0.));
#6885=CARTESIAN_POINT('Origin',(-15.925,-19.225,0.));
#6886=CARTESIAN_POINT('',(-16.425,-32.225,0.));
#6887=CARTESIAN_POINT('',(-16.425,-19.225,0.));
#6888=CARTESIAN_POINT('',(-15.925,-32.725,0.));
#6889=CARTESIAN_POINT('Origin',(-15.925,-32.225,0.));
#6890=CARTESIAN_POINT('',(-2.925,-32.725,0.));
#6891=CARTESIAN_POINT('',(-15.925,-32.725,0.));
#6892=CARTESIAN_POINT('',(-2.42500000000001,-32.225,0.));
#6893=CARTESIAN_POINT('Origin',(-2.925,-32.225,0.));
#6894=CARTESIAN_POINT('',(-2.425,-19.225,0.));
#6895=CARTESIAN_POINT('',(21.675,43.975,0.));
#6896=CARTESIAN_POINT('',(21.675,56.975,0.));
#6897=CARTESIAN_POINT('',(21.675,56.975,0.));
#6898=CARTESIAN_POINT('',(22.175,43.475,0.));
#6899=CARTESIAN_POINT('Origin',(22.175,43.975,0.));
#6900=CARTESIAN_POINT('',(35.175,43.475,0.));
#6901=CARTESIAN_POINT('',(22.175,43.475,0.));
#6902=CARTESIAN_POINT('',(35.675,43.975,0.));
#6903=CARTESIAN_POINT('Origin',(35.175,43.975,0.));
#6904=CARTESIAN_POINT('',(35.675,56.975,0.));
#6905=CARTESIAN_POINT('',(35.675,56.975,0.));
#6906=CARTESIAN_POINT('',(35.175,57.475,0.));
#6907=CARTESIAN_POINT('Origin',(35.175,56.975,0.));
#6908=CARTESIAN_POINT('',(22.175,57.475,0.));
#6909=CARTESIAN_POINT('',(22.175,57.475,0.));
#6910=CARTESIAN_POINT('Origin',(22.175,56.975,0.));
#6911=CARTESIAN_POINT('',(35.175,-28.25,0.));
#6912=CARTESIAN_POINT('',(35.675,-28.75,0.));
#6913=CARTESIAN_POINT('Origin',(35.175,-28.75,0.));
#6914=CARTESIAN_POINT('',(22.175,-28.25,0.));
#6915=CARTESIAN_POINT('',(35.175,-28.25,0.));
#6916=CARTESIAN_POINT('',(21.675,-28.75,0.));
#6917=CARTESIAN_POINT('Origin',(22.175,-28.75,0.));
#6918=CARTESIAN_POINT('',(21.675,-41.75,0.));
#6919=CARTESIAN_POINT('',(21.675,-28.75,0.));
#6920=CARTESIAN_POINT('',(22.175,-42.25,0.));
#6921=CARTESIAN_POINT('Origin',(22.175,-41.75,0.));
#6922=CARTESIAN_POINT('',(35.175,-42.25,0.));
#6923=CARTESIAN_POINT('',(35.175,-42.25,0.));
#6924=CARTESIAN_POINT('',(35.675,-41.75,0.));
#6925=CARTESIAN_POINT('Origin',(35.175,-41.75,0.));
#6926=CARTESIAN_POINT('',(35.675,-28.75,0.));
#6927=CARTESIAN_POINT('',(-16.425,18.875,0.));
#6928=CARTESIAN_POINT('',(-15.925,19.375,0.));
#6929=CARTESIAN_POINT('Origin',(-15.925,18.875,0.));
#6930=CARTESIAN_POINT('',(-16.425,5.87499999999999,0.));
#6931=CARTESIAN_POINT('',(-16.425,18.875,0.));
#6932=CARTESIAN_POINT('',(-15.925,5.375,0.));
#6933=CARTESIAN_POINT('Origin',(-15.925,5.87499999999999,0.));
#6934=CARTESIAN_POINT('',(-2.925,5.375,0.));
#6935=CARTESIAN_POINT('',(-15.925,5.375,0.));
#6936=CARTESIAN_POINT('',(-2.425,5.87499999999999,0.));
#6937=CARTESIAN_POINT('Origin',(-2.925,5.87499999999999,0.));
#6938=CARTESIAN_POINT('',(-2.425,18.875,0.));
#6939=CARTESIAN_POINT('',(-2.425,18.875,0.));
#6940=CARTESIAN_POINT('',(-2.925,19.375,0.));
#6941=CARTESIAN_POINT('Origin',(-2.925,18.875,0.));
#6942=CARTESIAN_POINT('',(-15.925,19.375,0.));
#6943=CARTESIAN_POINT('',(45.052,-65.8200000000001,0.));
#6944=CARTESIAN_POINT('Origin',(46.502,-65.8200000000001,0.));
#6945=CARTESIAN_POINT('',(-21.975,0.324999999999998,0.));
#6946=CARTESIAN_POINT('',(-21.475,-0.175000000000001,0.));
#6947=CARTESIAN_POINT('Origin',(-21.975,-0.175000000000001,0.));
#6948=CARTESIAN_POINT('',(-34.975,0.324999999999998,0.));
#6949=CARTESIAN_POINT('',(-34.975,0.324999999999998,0.));
#6950=CARTESIAN_POINT('',(-35.475,-0.175000000000001,0.));
#6951=CARTESIAN_POINT('Origin',(-34.975,-0.175000000000001,0.));
#6952=CARTESIAN_POINT('',(-35.475,-13.175,0.));
#6953=CARTESIAN_POINT('',(-35.475,-0.175000000000001,0.));
#6954=CARTESIAN_POINT('',(-34.975,-13.675,0.));
#6955=CARTESIAN_POINT('Origin',(-34.975,-13.175,0.));
#6956=CARTESIAN_POINT('',(-21.975,-13.675,0.));
#6957=CARTESIAN_POINT('',(-34.975,-13.675,0.));
#6958=CARTESIAN_POINT('',(-21.475,-13.175,0.));
#6959=CARTESIAN_POINT('Origin',(-21.975,-13.175,0.));
#6960=CARTESIAN_POINT('',(-21.475,-0.175000000000001,0.));
#6961=CARTESIAN_POINT('',(2.625,-19.225,0.));
#6962=CARTESIAN_POINT('',(3.125,-18.725,0.));
#6963=CARTESIAN_POINT('Origin',(3.125,-19.225,0.));
#6964=CARTESIAN_POINT('',(2.625,-32.225,0.));
#6965=CARTESIAN_POINT('',(2.625,-19.225,0.));
#6966=CARTESIAN_POINT('',(3.125,-32.725,0.));
#6967=CARTESIAN_POINT('Origin',(3.125,-32.225,0.));
#6968=CARTESIAN_POINT('',(16.125,-32.725,0.));
#6969=CARTESIAN_POINT('',(3.125,-32.725,0.));
#6970=CARTESIAN_POINT('',(16.625,-32.225,0.));
#6971=CARTESIAN_POINT('Origin',(16.125,-32.225,0.));
#6972=CARTESIAN_POINT('',(16.625,-19.225,0.));
#6973=CARTESIAN_POINT('',(16.625,-19.225,0.));
#6974=CARTESIAN_POINT('',(16.125,-18.725,0.));
#6975=CARTESIAN_POINT('Origin',(16.125,-19.225,0.));
#6976=CARTESIAN_POINT('',(3.125,-18.725,0.));
#6977=CARTESIAN_POINT('',(2.625,37.925,0.));
#6978=CARTESIAN_POINT('',(3.125,38.425,0.));
#6979=CARTESIAN_POINT('Origin',(3.125,37.925,0.));
#6980=CARTESIAN_POINT('',(2.625,24.925,0.));
#6981=CARTESIAN_POINT('',(2.625,37.925,0.));
#6982=CARTESIAN_POINT('',(3.125,24.425,0.));
#6983=CARTESIAN_POINT('Origin',(3.125,24.925,0.));
#6984=CARTESIAN_POINT('',(16.125,24.425,0.));
#6985=CARTESIAN_POINT('',(3.125,24.425,0.));
#6986=CARTESIAN_POINT('',(16.625,24.925,0.));
#6987=CARTESIAN_POINT('Origin',(16.125,24.925,0.));
#6988=CARTESIAN_POINT('',(16.625,37.925,0.));
#6989=CARTESIAN_POINT('',(16.625,37.925,0.));
#6990=CARTESIAN_POINT('',(16.125,38.425,0.));
#6991=CARTESIAN_POINT('Origin',(16.125,37.925,0.));
#6992=CARTESIAN_POINT('',(3.125,38.425,0.));
#6993=CARTESIAN_POINT('',(-35.475,37.925,0.));
#6994=CARTESIAN_POINT('',(-34.975,38.425,0.));
#6995=CARTESIAN_POINT('Origin',(-34.975,37.925,0.));
#6996=CARTESIAN_POINT('',(-35.475,24.925,0.));
#6997=CARTESIAN_POINT('',(-35.475,37.925,0.));
#6998=CARTESIAN_POINT('',(-34.975,24.425,0.));
#6999=CARTESIAN_POINT('Origin',(-34.975,24.925,0.));
#7000=CARTESIAN_POINT('',(-21.975,24.425,0.));
#7001=CARTESIAN_POINT('',(-34.975,24.425,0.));
#7002=CARTESIAN_POINT('',(-21.475,24.925,0.));
#7003=CARTESIAN_POINT('Origin',(-21.975,24.925,0.));
#7004=CARTESIAN_POINT('',(-21.475,37.925,0.));
#7005=CARTESIAN_POINT('',(-21.475,37.925,0.));
#7006=CARTESIAN_POINT('',(-21.975,38.425,0.));
#7007=CARTESIAN_POINT('Origin',(-21.975,37.925,0.));
#7008=CARTESIAN_POINT('',(-34.975,38.425,0.));
#7009=CARTESIAN_POINT('',(-49.05,85.938,0.));
#7010=CARTESIAN_POINT('Origin',(-47.6,85.938,0.));
#7011=CARTESIAN_POINT('',(-27.888,-38.775,0.));
#7012=CARTESIAN_POINT('',(-27.388,-39.275,0.));
#7013=CARTESIAN_POINT('Origin',(-27.888,-39.275,0.));
#7014=CARTESIAN_POINT('',(-33.888,-38.775,0.));
#7015=CARTESIAN_POINT('',(-33.888,-38.775,0.));
#7016=CARTESIAN_POINT('',(-34.388,-39.275,0.));
#7017=CARTESIAN_POINT('Origin',(-33.888,-39.275,0.));
#7018=CARTESIAN_POINT('',(-34.388,-53.275,0.));
#7019=CARTESIAN_POINT('',(-34.388,-39.275,0.));
#7020=CARTESIAN_POINT('',(-33.888,-53.775,0.));
#7021=CARTESIAN_POINT('Origin',(-33.888,-53.275,0.));
#7022=CARTESIAN_POINT('',(-27.888,-53.775,0.));
#7023=CARTESIAN_POINT('',(-33.888,-53.775,0.));
#7024=CARTESIAN_POINT('',(-27.388,-53.275,0.));
#7025=CARTESIAN_POINT('Origin',(-27.888,-53.275,0.));
#7026=CARTESIAN_POINT('',(-27.388,-39.275,0.));
#7027=CARTESIAN_POINT('',(35.175,9.84999999999999,0.));
#7028=CARTESIAN_POINT('',(35.675,9.35,0.));
#7029=CARTESIAN_POINT('Origin',(35.175,9.35,0.));
#7030=CARTESIAN_POINT('',(22.175,9.84999999999999,0.));
#7031=CARTESIAN_POINT('',(35.175,9.84999999999999,0.));
#7032=CARTESIAN_POINT('',(21.675,9.35,0.));
#7033=CARTESIAN_POINT('Origin',(22.175,9.35,0.));
#7034=CARTESIAN_POINT('',(21.675,-3.65,0.));
#7035=CARTESIAN_POINT('',(21.675,9.35,0.));
#7036=CARTESIAN_POINT('',(22.175,-4.15,0.));
#7037=CARTESIAN_POINT('Origin',(22.175,-3.65,0.));
#7038=CARTESIAN_POINT('',(35.175,-4.15000000000001,0.));
#7039=CARTESIAN_POINT('',(35.175,-4.15000000000001,0.));
#7040=CARTESIAN_POINT('',(35.675,-3.65,0.));
#7041=CARTESIAN_POINT('Origin',(35.175,-3.65,0.));
#7042=CARTESIAN_POINT('',(35.675,9.35,0.));
#7043=CARTESIAN_POINT('',(2.62500000000001,-38.2750000016261,0.));
#7044=CARTESIAN_POINT('',(3.125,-37.775,0.));
#7045=CARTESIAN_POINT('Origin',(3.125,-38.275,0.));
#7046=CARTESIAN_POINT('',(2.6076805962263,-51.2737202600603,0.));
#7047=CARTESIAN_POINT('',(2.62500000000001,-38.2750000016261,0.));
#7048=CARTESIAN_POINT('',(3.13145797300092,-52.175,0.));
#7049=CARTESIAN_POINT('Origin',(3.29505491825867,-51.4770897885702,0.));
#7050=CARTESIAN_POINT('',(16.0978787740893,-52.175,0.));
#7051=CARTESIAN_POINT('',(3.13145797300092,-52.175,0.));
#7052=CARTESIAN_POINT('',(16.638101876085,-51.2741378245316,0.));
#7053=CARTESIAN_POINT('Origin',(15.9585447427615,-51.4790352794797,0.));
#7054=CARTESIAN_POINT('',(16.625,-38.2750000015131,0.));
#7055=CARTESIAN_POINT('',(16.625,-38.2750000015131,0.));
#7056=CARTESIAN_POINT('',(16.125,-37.775,0.));
#7057=CARTESIAN_POINT('Origin',(16.125,-38.275,0.));
#7058=CARTESIAN_POINT('',(3.125,-37.775,0.));
#7059=CARTESIAN_POINT('',(34.175,-19.812,0.));
#7060=CARTESIAN_POINT('',(34.675,-20.312,0.));
#7061=CARTESIAN_POINT('Origin',(34.175,-20.312,0.));
#7062=CARTESIAN_POINT('',(20.175,-19.812,0.));
#7063=CARTESIAN_POINT('',(34.175,-19.812,0.));
#7064=CARTESIAN_POINT('',(19.675,-20.312,0.));
#7065=CARTESIAN_POINT('Origin',(20.175,-20.312,0.));
#7066=CARTESIAN_POINT('',(19.675,-26.312,0.));
#7067=CARTESIAN_POINT('',(19.675,-20.312,0.));
#7068=CARTESIAN_POINT('',(20.175,-26.812,0.));
#7069=CARTESIAN_POINT('Origin',(20.175,-26.312,0.));
#7070=CARTESIAN_POINT('',(34.175,-26.812,0.));
#7071=CARTESIAN_POINT('',(34.175,-26.812,0.));
#7072=CARTESIAN_POINT('',(34.675,-26.312,0.));
#7073=CARTESIAN_POINT('Origin',(34.175,-26.312,0.));
#7074=CARTESIAN_POINT('',(34.675,-20.312,0.));
#7075=CARTESIAN_POINT('',(20.175,-5.58800000000002,0.));
#7076=CARTESIAN_POINT('',(34.175,-5.58800000000002,0.));
#7077=CARTESIAN_POINT('',(34.175,-5.58800000000002,0.));
#7078=CARTESIAN_POINT('',(19.675,-6.08800000000001,0.));
#7079=CARTESIAN_POINT('Origin',(20.175,-6.08800000000001,0.));
#7080=CARTESIAN_POINT('',(19.675,-12.088,0.));
#7081=CARTESIAN_POINT('',(19.675,-6.08800000000001,0.));
#7082=CARTESIAN_POINT('',(20.175,-12.588,0.));
#7083=CARTESIAN_POINT('Origin',(20.175,-12.088,0.));
#7084=CARTESIAN_POINT('',(34.175,-12.588,0.));
#7085=CARTESIAN_POINT('',(34.175,-12.588,0.));
#7086=CARTESIAN_POINT('',(34.675,-12.088,0.));
#7087=CARTESIAN_POINT('Origin',(34.175,-12.088,0.));
#7088=CARTESIAN_POINT('',(34.675,-6.08800000000001,0.));
#7089=CARTESIAN_POINT('',(34.675,-6.08800000000001,0.));
#7090=CARTESIAN_POINT('Origin',(34.175,-6.08800000000001,0.));
#7091=CARTESIAN_POINT('',(2.625,18.875,0.));
#7092=CARTESIAN_POINT('',(3.125,19.375,0.));
#7093=CARTESIAN_POINT('Origin',(3.125,18.875,0.));
#7094=CARTESIAN_POINT('',(2.625,5.87499999999999,0.));
#7095=CARTESIAN_POINT('',(2.625,18.875,0.));
#7096=CARTESIAN_POINT('',(3.125,5.375,0.));
#7097=CARTESIAN_POINT('Origin',(3.125,5.87499999999999,0.));
#7098=CARTESIAN_POINT('',(16.125,5.375,0.));
#7099=CARTESIAN_POINT('',(3.125,5.375,0.));
#7100=CARTESIAN_POINT('',(16.625,5.87499999999999,0.));
#7101=CARTESIAN_POINT('Origin',(16.125,5.87499999999999,0.));
#7102=CARTESIAN_POINT('',(16.625,18.875,0.));
#7103=CARTESIAN_POINT('',(16.625,18.875,0.));
#7104=CARTESIAN_POINT('',(16.125,19.375,0.));
#7105=CARTESIAN_POINT('Origin',(16.125,18.875,0.));
#7106=CARTESIAN_POINT('',(3.125,19.375,0.));
#7107=CARTESIAN_POINT('',(2.625,56.975,0.));
#7108=CARTESIAN_POINT('',(3.125,57.475,0.));
#7109=CARTESIAN_POINT('Origin',(3.125,56.975,0.));
#7110=CARTESIAN_POINT('',(2.625,43.975,0.));
#7111=CARTESIAN_POINT('',(2.625,56.975,0.));
#7112=CARTESIAN_POINT('',(3.125,43.475,0.));
#7113=CARTESIAN_POINT('Origin',(3.125,43.975,0.));
#7114=CARTESIAN_POINT('',(16.125,43.475,0.));
#7115=CARTESIAN_POINT('',(3.125,43.475,0.));
#7116=CARTESIAN_POINT('',(16.625,43.975,0.));
#7117=CARTESIAN_POINT('Origin',(16.125,43.975,0.));
#7118=CARTESIAN_POINT('',(16.625,56.975,0.));
#7119=CARTESIAN_POINT('',(16.625,56.975,0.));
#7120=CARTESIAN_POINT('',(16.125,57.475,0.));
#7121=CARTESIAN_POINT('Origin',(16.125,56.975,0.));
#7122=CARTESIAN_POINT('',(3.125,57.475,0.));
#7123=CARTESIAN_POINT('',(45.052,85.938,0.));
#7124=CARTESIAN_POINT('Origin',(46.502,85.938,0.));
#7125=CARTESIAN_POINT('',(20.175,-43.688,0.));
#7126=CARTESIAN_POINT('',(34.175,-43.688,0.));
#7127=CARTESIAN_POINT('',(34.175,-43.688,0.));
#7128=CARTESIAN_POINT('',(19.675,-44.188,0.));
#7129=CARTESIAN_POINT('Origin',(20.175,-44.188,0.));
#7130=CARTESIAN_POINT('',(19.675,-50.188,0.));
#7131=CARTESIAN_POINT('',(19.675,-44.188,0.));
#7132=CARTESIAN_POINT('',(20.175,-50.688,0.));
#7133=CARTESIAN_POINT('Origin',(20.175,-50.188,0.));
#7134=CARTESIAN_POINT('',(34.175,-50.688,0.));
#7135=CARTESIAN_POINT('',(34.175,-50.688,0.));
#7136=CARTESIAN_POINT('',(34.675,-50.188,0.));
#7137=CARTESIAN_POINT('Origin',(34.175,-50.188,0.));
#7138=CARTESIAN_POINT('',(34.675,-44.188,0.));
#7139=CARTESIAN_POINT('',(34.675,-44.188,0.));
#7140=CARTESIAN_POINT('Origin',(34.175,-44.188,0.));
#7141=CARTESIAN_POINT('Origin',(46.502,85.938,0.));
#7142=CARTESIAN_POINT('',(46.502,90.938,3.));
#7143=CARTESIAN_POINT('',(51.502,85.938,3.));
#7144=CARTESIAN_POINT('Origin',(46.502,85.938,3.));
#7145=CARTESIAN_POINT('',(51.502,85.938,0.));
#7146=CARTESIAN_POINT('',(46.502,90.938,0.));
#7147=CARTESIAN_POINT('Origin',(51.502,90.938,0.));
#7148=CARTESIAN_POINT('',(8.65499999999999,90.938,3.));
#7149=CARTESIAN_POINT('',(8.65499999999999,90.938,0.));
#7150=CARTESIAN_POINT('',(-52.6,90.938,3.));
#7151=CARTESIAN_POINT('Origin',(-47.6,-65.8200000000001,0.));
#7152=CARTESIAN_POINT('',(-47.6,-70.8200000000001,3.));
#7153=CARTESIAN_POINT('Origin',(-47.6,-65.8200000000001,3.));
#7154=CARTESIAN_POINT('',(-47.6,-70.8200000000001,0.));
#7155=CARTESIAN_POINT('Origin',(-52.6,-70.8200000000001,0.));
#7156=CARTESIAN_POINT('',(46.502,-70.8200000000001,3.));
#7157=CARTESIAN_POINT('',(46.502,-70.8200000000001,0.));
#7158=CARTESIAN_POINT('',(51.502,-70.8200000000001,3.));
#7159=CARTESIAN_POINT('Origin',(46.502,-65.8200000000001,0.));
#7160=CARTESIAN_POINT('',(51.502,-65.8200000000001,3.));
#7161=CARTESIAN_POINT('Origin',(46.502,-65.8200000000001,3.));
#7162=CARTESIAN_POINT('',(51.502,-65.8200000000001,0.));
#7163=CARTESIAN_POINT('Origin',(20.175,-44.188,0.));
#7164=CARTESIAN_POINT('',(20.175,-43.688,3.));
#7165=CARTESIAN_POINT('',(20.175,-43.688,0.));
#7166=CARTESIAN_POINT('',(19.675,-44.188,3.));
#7167=CARTESIAN_POINT('Origin',(20.175,-44.188,3.));
#7168=CARTESIAN_POINT('',(19.675,-44.188,0.));
#7169=CARTESIAN_POINT('Origin',(19.675,-50.188,0.));
#7170=CARTESIAN_POINT('',(19.675,-50.188,3.));
#7171=CARTESIAN_POINT('',(19.675,-44.188,3.));
#7172=CARTESIAN_POINT('',(19.675,-50.188,0.));
#7173=CARTESIAN_POINT('Origin',(20.175,-50.188,0.));
#7174=CARTESIAN_POINT('',(20.175,-50.688,3.));
#7175=CARTESIAN_POINT('Origin',(20.175,-50.188,3.));
#7176=CARTESIAN_POINT('',(20.175,-50.688,0.));
#7177=CARTESIAN_POINT('Origin',(34.175,-50.688,0.));
#7178=CARTESIAN_POINT('',(34.175,-50.688,3.));
#7179=CARTESIAN_POINT('',(34.175,-50.688,3.));
#7180=CARTESIAN_POINT('',(34.175,-50.688,0.));
#7181=CARTESIAN_POINT('Origin',(34.175,-50.188,0.));
#7182=CARTESIAN_POINT('',(34.675,-50.188,3.));
#7183=CARTESIAN_POINT('Origin',(34.175,-50.188,3.));
#7184=CARTESIAN_POINT('',(34.675,-50.188,0.));
#7185=CARTESIAN_POINT('Origin',(34.675,-44.188,0.));
#7186=CARTESIAN_POINT('',(34.675,-44.188,3.));
#7187=CARTESIAN_POINT('',(34.675,-44.188,3.));
#7188=CARTESIAN_POINT('',(34.675,-44.188,0.));
#7189=CARTESIAN_POINT('Origin',(34.175,-44.188,0.));
#7190=CARTESIAN_POINT('',(34.175,-43.688,3.));
#7191=CARTESIAN_POINT('Origin',(34.175,-44.188,3.));
#7192=CARTESIAN_POINT('',(34.175,-43.688,0.));
#7193=CARTESIAN_POINT('Origin',(20.175,-43.688,0.));
#7194=CARTESIAN_POINT('',(34.175,-43.688,3.));
#7195=CARTESIAN_POINT('Origin',(46.502,85.938,0.));
#7196=CARTESIAN_POINT('',(45.052,85.938,3.));
#7197=CARTESIAN_POINT('Origin',(46.502,85.938,3.));
#7198=CARTESIAN_POINT('',(45.052,85.938,0.));
#7199=CARTESIAN_POINT('Origin',(2.625,43.975,0.));
#7200=CARTESIAN_POINT('',(2.625,56.975,3.));
#7201=CARTESIAN_POINT('',(2.625,56.975,0.));
#7202=CARTESIAN_POINT('',(2.625,43.975,3.));
#7203=CARTESIAN_POINT('',(2.625,56.975,3.));
#7204=CARTESIAN_POINT('',(2.625,43.975,0.));
#7205=CARTESIAN_POINT('Origin',(3.125,43.975,0.));
#7206=CARTESIAN_POINT('',(3.125,43.475,3.));
#7207=CARTESIAN_POINT('Origin',(3.125,43.975,3.));
#7208=CARTESIAN_POINT('',(3.125,43.475,0.));
#7209=CARTESIAN_POINT('Origin',(16.125,43.475,0.));
#7210=CARTESIAN_POINT('',(16.125,43.475,3.));
#7211=CARTESIAN_POINT('',(3.125,43.475,3.));
#7212=CARTESIAN_POINT('',(16.125,43.475,0.));
#7213=CARTESIAN_POINT('Origin',(16.125,43.975,0.));
#7214=CARTESIAN_POINT('',(16.625,43.975,3.));
#7215=CARTESIAN_POINT('Origin',(16.125,43.975,3.));
#7216=CARTESIAN_POINT('',(16.625,43.975,0.));
#7217=CARTESIAN_POINT('Origin',(16.625,56.975,0.));
#7218=CARTESIAN_POINT('',(16.625,56.975,3.));
#7219=CARTESIAN_POINT('',(16.625,56.975,3.));
#7220=CARTESIAN_POINT('',(16.625,56.975,0.));
#7221=CARTESIAN_POINT('Origin',(16.125,56.975,0.));
#7222=CARTESIAN_POINT('',(16.125,57.475,3.));
#7223=CARTESIAN_POINT('Origin',(16.125,56.975,3.));
#7224=CARTESIAN_POINT('',(16.125,57.475,0.));
#7225=CARTESIAN_POINT('Origin',(3.125,57.475,0.));
#7226=CARTESIAN_POINT('',(3.125,57.475,3.));
#7227=CARTESIAN_POINT('',(3.125,57.475,3.));
#7228=CARTESIAN_POINT('',(3.125,57.475,0.));
#7229=CARTESIAN_POINT('Origin',(3.125,56.975,0.));
#7230=CARTESIAN_POINT('Origin',(3.125,56.975,3.));
#7231=CARTESIAN_POINT('Origin',(2.625,5.87499999999999,0.));
#7232=CARTESIAN_POINT('',(2.625,18.875,3.));
#7233=CARTESIAN_POINT('',(2.625,18.875,0.));
#7234=CARTESIAN_POINT('',(2.625,5.87499999999999,3.));
#7235=CARTESIAN_POINT('',(2.625,18.875,3.));
#7236=CARTESIAN_POINT('',(2.625,5.87499999999999,0.));
#7237=CARTESIAN_POINT('Origin',(3.125,5.87499999999999,0.));
#7238=CARTESIAN_POINT('',(3.125,5.375,3.));
#7239=CARTESIAN_POINT('Origin',(3.125,5.87499999999999,3.));
#7240=CARTESIAN_POINT('',(3.125,5.375,0.));
#7241=CARTESIAN_POINT('Origin',(16.125,5.375,0.));
#7242=CARTESIAN_POINT('',(16.125,5.375,3.));
#7243=CARTESIAN_POINT('',(3.125,5.375,3.));
#7244=CARTESIAN_POINT('',(16.125,5.375,0.));
#7245=CARTESIAN_POINT('Origin',(16.125,5.87499999999999,0.));
#7246=CARTESIAN_POINT('',(16.625,5.87499999999999,3.));
#7247=CARTESIAN_POINT('Origin',(16.125,5.87499999999999,3.));
#7248=CARTESIAN_POINT('',(16.625,5.87499999999999,0.));
#7249=CARTESIAN_POINT('Origin',(16.625,18.875,0.));
#7250=CARTESIAN_POINT('',(16.625,18.875,3.));
#7251=CARTESIAN_POINT('',(16.625,18.875,3.));
#7252=CARTESIAN_POINT('',(16.625,18.875,0.));
#7253=CARTESIAN_POINT('Origin',(16.125,18.875,0.));
#7254=CARTESIAN_POINT('',(16.125,19.375,3.));
#7255=CARTESIAN_POINT('Origin',(16.125,18.875,3.));
#7256=CARTESIAN_POINT('',(16.125,19.375,0.));
#7257=CARTESIAN_POINT('Origin',(3.125,19.375,0.));
#7258=CARTESIAN_POINT('',(3.125,19.375,3.));
#7259=CARTESIAN_POINT('',(3.125,19.375,3.));
#7260=CARTESIAN_POINT('',(3.125,19.375,0.));
#7261=CARTESIAN_POINT('Origin',(3.125,18.875,0.));
#7262=CARTESIAN_POINT('Origin',(3.125,18.875,3.));
#7263=CARTESIAN_POINT('Origin',(20.175,-6.08800000000001,0.));
#7264=CARTESIAN_POINT('',(20.175,-5.58800000000002,3.));
#7265=CARTESIAN_POINT('',(20.175,-5.58800000000002,0.));
#7266=CARTESIAN_POINT('',(19.675,-6.08800000000001,3.));
#7267=CARTESIAN_POINT('Origin',(20.175,-6.08800000000001,3.));
#7268=CARTESIAN_POINT('',(19.675,-6.08800000000001,0.));
#7269=CARTESIAN_POINT('Origin',(19.675,-12.088,0.));
#7270=CARTESIAN_POINT('',(19.675,-12.088,3.));
#7271=CARTESIAN_POINT('',(19.675,-6.08800000000001,3.));
#7272=CARTESIAN_POINT('',(19.675,-12.088,0.));
#7273=CARTESIAN_POINT('Origin',(20.175,-12.088,0.));
#7274=CARTESIAN_POINT('',(20.175,-12.588,3.));
#7275=CARTESIAN_POINT('Origin',(20.175,-12.088,3.));
#7276=CARTESIAN_POINT('',(20.175,-12.588,0.));
#7277=CARTESIAN_POINT('Origin',(34.175,-12.588,0.));
#7278=CARTESIAN_POINT('',(34.175,-12.588,3.));
#7279=CARTESIAN_POINT('',(34.175,-12.588,3.));
#7280=CARTESIAN_POINT('',(34.175,-12.588,0.));
#7281=CARTESIAN_POINT('Origin',(34.175,-12.088,0.));
#7282=CARTESIAN_POINT('',(34.675,-12.088,3.));
#7283=CARTESIAN_POINT('Origin',(34.175,-12.088,3.));
#7284=CARTESIAN_POINT('',(34.675,-12.088,0.));
#7285=CARTESIAN_POINT('Origin',(34.675,-6.08800000000001,0.));
#7286=CARTESIAN_POINT('',(34.675,-6.08800000000001,3.));
#7287=CARTESIAN_POINT('',(34.675,-6.08800000000001,3.));
#7288=CARTESIAN_POINT('',(34.675,-6.08800000000001,0.));
#7289=CARTESIAN_POINT('Origin',(34.175,-6.08800000000001,0.));
#7290=CARTESIAN_POINT('',(34.175,-5.58800000000002,3.));
#7291=CARTESIAN_POINT('Origin',(34.175,-6.08800000000001,3.));
#7292=CARTESIAN_POINT('',(34.175,-5.58800000000002,0.));
#7293=CARTESIAN_POINT('Origin',(20.175,-5.58800000000002,0.));
#7294=CARTESIAN_POINT('',(34.175,-5.58800000000002,3.));
#7295=CARTESIAN_POINT('Origin',(20.175,-19.812,0.));
#7296=CARTESIAN_POINT('',(34.175,-19.812,3.));
#7297=CARTESIAN_POINT('',(34.175,-19.812,0.));
#7298=CARTESIAN_POINT('',(20.175,-19.812,3.));
#7299=CARTESIAN_POINT('',(34.175,-19.812,3.));
#7300=CARTESIAN_POINT('',(20.175,-19.812,0.));
#7301=CARTESIAN_POINT('Origin',(20.175,-20.312,0.));
#7302=CARTESIAN_POINT('',(19.675,-20.312,3.));
#7303=CARTESIAN_POINT('Origin',(20.175,-20.312,3.));
#7304=CARTESIAN_POINT('',(19.675,-20.312,0.));
#7305=CARTESIAN_POINT('Origin',(19.675,-26.312,0.));
#7306=CARTESIAN_POINT('',(19.675,-26.312,3.));
#7307=CARTESIAN_POINT('',(19.675,-20.312,3.));
#7308=CARTESIAN_POINT('',(19.675,-26.312,0.));
#7309=CARTESIAN_POINT('Origin',(20.175,-26.312,0.));
#7310=CARTESIAN_POINT('',(20.175,-26.812,3.));
#7311=CARTESIAN_POINT('Origin',(20.175,-26.312,3.));
#7312=CARTESIAN_POINT('',(20.175,-26.812,0.));
#7313=CARTESIAN_POINT('Origin',(34.175,-26.812,0.));
#7314=CARTESIAN_POINT('',(34.175,-26.812,3.));
#7315=CARTESIAN_POINT('',(34.175,-26.812,3.));
#7316=CARTESIAN_POINT('',(34.175,-26.812,0.));
#7317=CARTESIAN_POINT('Origin',(34.175,-26.312,0.));
#7318=CARTESIAN_POINT('',(34.675,-26.312,3.));
#7319=CARTESIAN_POINT('Origin',(34.175,-26.312,3.));
#7320=CARTESIAN_POINT('',(34.675,-26.312,0.));
#7321=CARTESIAN_POINT('Origin',(34.675,-20.312,0.));
#7322=CARTESIAN_POINT('',(34.675,-20.312,3.));
#7323=CARTESIAN_POINT('',(34.675,-20.312,3.));
#7324=CARTESIAN_POINT('',(34.675,-20.312,0.));
#7325=CARTESIAN_POINT('Origin',(34.175,-20.312,0.));
#7326=CARTESIAN_POINT('Origin',(34.175,-20.312,3.));
#7327=CARTESIAN_POINT('Origin',(2.6076805962263,-51.2737202600603,0.));
#7328=CARTESIAN_POINT('',(2.62500000000001,-38.2750000016261,3.));
#7329=CARTESIAN_POINT('',(2.62500000000001,-38.2750000016261,0.));
#7330=CARTESIAN_POINT('',(2.6076805962263,-51.2737202600603,3.));
#7331=CARTESIAN_POINT('',(2.62500000000001,-38.2750000016261,3.));
#7332=CARTESIAN_POINT('',(2.6076805962263,-51.2737202600603,0.));
#7333=CARTESIAN_POINT('Origin',(3.29505491825867,-51.4770897885702,0.));
#7334=CARTESIAN_POINT('',(3.13145797300092,-52.175,3.));
#7335=CARTESIAN_POINT('Origin',(3.29505491825867,-51.4770897885702,3.));
#7336=CARTESIAN_POINT('',(3.13145797300092,-52.175,0.));
#7337=CARTESIAN_POINT('Origin',(16.0978787740893,-52.175,0.));
#7338=CARTESIAN_POINT('',(16.0978787740893,-52.175,3.));
#7339=CARTESIAN_POINT('',(3.13145797300092,-52.175,3.));
#7340=CARTESIAN_POINT('',(16.0978787740893,-52.175,0.));
#7341=CARTESIAN_POINT('Origin',(15.9585447427615,-51.4790352794797,0.));
#7342=CARTESIAN_POINT('',(16.638101876085,-51.2741378245316,3.));
#7343=CARTESIAN_POINT('Origin',(15.9585447427615,-51.4790352794797,3.));
#7344=CARTESIAN_POINT('',(16.638101876085,-51.2741378245316,0.));
#7345=CARTESIAN_POINT('Origin',(16.625,-38.2750000015131,0.));
#7346=CARTESIAN_POINT('',(16.625,-38.2750000015131,3.));
#7347=CARTESIAN_POINT('',(16.625,-38.2750000015131,3.));
#7348=CARTESIAN_POINT('',(16.625,-38.2750000015131,0.));
#7349=CARTESIAN_POINT('Origin',(16.125,-38.275,0.));
#7350=CARTESIAN_POINT('',(16.125,-37.775,3.));
#7351=CARTESIAN_POINT('Origin',(16.125,-38.275,3.));
#7352=CARTESIAN_POINT('',(16.125,-37.775,0.));
#7353=CARTESIAN_POINT('Origin',(3.125,-37.775,0.));
#7354=CARTESIAN_POINT('',(3.125,-37.775,3.));
#7355=CARTESIAN_POINT('',(3.125,-37.775,3.));
#7356=CARTESIAN_POINT('',(3.125,-37.775,0.));
#7357=CARTESIAN_POINT('Origin',(3.125,-38.275,0.));
#7358=CARTESIAN_POINT('Origin',(3.125,-38.275,3.));
#7359=CARTESIAN_POINT('Origin',(22.175,9.84999999999999,0.));
#7360=CARTESIAN_POINT('',(35.175,9.84999999999999,3.));
#7361=CARTESIAN_POINT('',(35.175,9.84999999999999,0.));
#7362=CARTESIAN_POINT('',(22.175,9.84999999999999,3.));
#7363=CARTESIAN_POINT('',(35.175,9.84999999999999,3.));
#7364=CARTESIAN_POINT('',(22.175,9.84999999999999,0.));
#7365=CARTESIAN_POINT('Origin',(22.175,9.35,0.));
#7366=CARTESIAN_POINT('',(21.675,9.35,3.));
#7367=CARTESIAN_POINT('Origin',(22.175,9.35,3.));
#7368=CARTESIAN_POINT('',(21.675,9.35,0.));
#7369=CARTESIAN_POINT('Origin',(21.675,-3.65,0.));
#7370=CARTESIAN_POINT('',(21.675,-3.65,3.));
#7371=CARTESIAN_POINT('',(21.675,9.35,3.));
#7372=CARTESIAN_POINT('',(21.675,-3.65,0.));
#7373=CARTESIAN_POINT('Origin',(22.175,-3.65,0.));
#7374=CARTESIAN_POINT('',(22.175,-4.15,3.));
#7375=CARTESIAN_POINT('Origin',(22.175,-3.65,3.));
#7376=CARTESIAN_POINT('',(22.175,-4.15,0.));
#7377=CARTESIAN_POINT('Origin',(35.175,-4.15000000000001,0.));
#7378=CARTESIAN_POINT('',(35.175,-4.15000000000001,3.));
#7379=CARTESIAN_POINT('',(35.175,-4.15000000000001,3.));
#7380=CARTESIAN_POINT('',(35.175,-4.15000000000001,0.));
#7381=CARTESIAN_POINT('Origin',(35.175,-3.65,0.));
#7382=CARTESIAN_POINT('',(35.675,-3.65,3.));
#7383=CARTESIAN_POINT('Origin',(35.175,-3.65,3.));
#7384=CARTESIAN_POINT('',(35.675,-3.65,0.));
#7385=CARTESIAN_POINT('Origin',(35.675,9.35,0.));
#7386=CARTESIAN_POINT('',(35.675,9.35,3.));
#7387=CARTESIAN_POINT('',(35.675,9.35,3.));
#7388=CARTESIAN_POINT('',(35.675,9.35,0.));
#7389=CARTESIAN_POINT('Origin',(35.175,9.35,0.));
#7390=CARTESIAN_POINT('Origin',(35.175,9.35,3.));
#7391=CARTESIAN_POINT('Origin',(-33.888,-38.775,0.));
#7392=CARTESIAN_POINT('',(-27.888,-38.775,3.));
#7393=CARTESIAN_POINT('',(-27.888,-38.775,0.));
#7394=CARTESIAN_POINT('',(-33.888,-38.775,3.));
#7395=CARTESIAN_POINT('',(-33.888,-38.775,3.));
#7396=CARTESIAN_POINT('',(-33.888,-38.775,0.));
#7397=CARTESIAN_POINT('Origin',(-33.888,-39.275,0.));
#7398=CARTESIAN_POINT('',(-34.388,-39.275,3.));
#7399=CARTESIAN_POINT('Origin',(-33.888,-39.275,3.));
#7400=CARTESIAN_POINT('',(-34.388,-39.275,0.));
#7401=CARTESIAN_POINT('Origin',(-34.388,-53.275,0.));
#7402=CARTESIAN_POINT('',(-34.388,-53.275,3.));
#7403=CARTESIAN_POINT('',(-34.388,-39.275,3.));
#7404=CARTESIAN_POINT('',(-34.388,-53.275,0.));
#7405=CARTESIAN_POINT('Origin',(-33.888,-53.275,0.));
#7406=CARTESIAN_POINT('',(-33.888,-53.775,3.));
#7407=CARTESIAN_POINT('Origin',(-33.888,-53.275,3.));
#7408=CARTESIAN_POINT('',(-33.888,-53.775,0.));
#7409=CARTESIAN_POINT('Origin',(-27.888,-53.775,0.));
#7410=CARTESIAN_POINT('',(-27.888,-53.775,3.));
#7411=CARTESIAN_POINT('',(-33.888,-53.775,3.));
#7412=CARTESIAN_POINT('',(-27.888,-53.775,0.));
#7413=CARTESIAN_POINT('Origin',(-27.888,-53.275,0.));
#7414=CARTESIAN_POINT('',(-27.388,-53.275,3.));
#7415=CARTESIAN_POINT('Origin',(-27.888,-53.275,3.));
#7416=CARTESIAN_POINT('',(-27.388,-53.275,0.));
#7417=CARTESIAN_POINT('Origin',(-27.388,-39.275,0.));
#7418=CARTESIAN_POINT('',(-27.388,-39.275,3.));
#7419=CARTESIAN_POINT('',(-27.388,-39.275,3.));
#7420=CARTESIAN_POINT('',(-27.388,-39.275,0.));
#7421=CARTESIAN_POINT('Origin',(-27.888,-39.275,0.));
#7422=CARTESIAN_POINT('Origin',(-27.888,-39.275,3.));
#7423=CARTESIAN_POINT('Origin',(-47.6,85.938,0.));
#7424=CARTESIAN_POINT('',(-49.05,85.938,3.));
#7425=CARTESIAN_POINT('Origin',(-47.6,85.938,3.));
#7426=CARTESIAN_POINT('',(-49.05,85.938,0.));
#7427=CARTESIAN_POINT('Origin',(-35.475,24.925,0.));
#7428=CARTESIAN_POINT('',(-35.475,37.925,3.));
#7429=CARTESIAN_POINT('',(-35.475,37.925,0.));
#7430=CARTESIAN_POINT('',(-35.475,24.925,3.));
#7431=CARTESIAN_POINT('',(-35.475,37.925,3.));
#7432=CARTESIAN_POINT('',(-35.475,24.925,0.));
#7433=CARTESIAN_POINT('Origin',(-34.975,24.925,0.));
#7434=CARTESIAN_POINT('',(-34.975,24.425,3.));
#7435=CARTESIAN_POINT('Origin',(-34.975,24.925,3.));
#7436=CARTESIAN_POINT('',(-34.975,24.425,0.));
#7437=CARTESIAN_POINT('Origin',(-21.975,24.425,0.));
#7438=CARTESIAN_POINT('',(-21.975,24.425,3.));
#7439=CARTESIAN_POINT('',(-34.975,24.425,3.));
#7440=CARTESIAN_POINT('',(-21.975,24.425,0.));
#7441=CARTESIAN_POINT('Origin',(-21.975,24.925,0.));
#7442=CARTESIAN_POINT('',(-21.475,24.925,3.));
#7443=CARTESIAN_POINT('Origin',(-21.975,24.925,3.));
#7444=CARTESIAN_POINT('',(-21.475,24.925,0.));
#7445=CARTESIAN_POINT('Origin',(-21.475,37.925,0.));
#7446=CARTESIAN_POINT('',(-21.475,37.925,3.));
#7447=CARTESIAN_POINT('',(-21.475,37.925,3.));
#7448=CARTESIAN_POINT('',(-21.475,37.925,0.));
#7449=CARTESIAN_POINT('Origin',(-21.975,37.925,0.));
#7450=CARTESIAN_POINT('',(-21.975,38.425,3.));
#7451=CARTESIAN_POINT('Origin',(-21.975,37.925,3.));
#7452=CARTESIAN_POINT('',(-21.975,38.425,0.));
#7453=CARTESIAN_POINT('Origin',(-34.975,38.425,0.));
#7454=CARTESIAN_POINT('',(-34.975,38.425,3.));
#7455=CARTESIAN_POINT('',(-34.975,38.425,3.));
#7456=CARTESIAN_POINT('',(-34.975,38.425,0.));
#7457=CARTESIAN_POINT('Origin',(-34.975,37.925,0.));
#7458=CARTESIAN_POINT('Origin',(-34.975,37.925,3.));
#7459=CARTESIAN_POINT('Origin',(2.625,24.925,0.));
#7460=CARTESIAN_POINT('',(2.625,37.925,3.));
#7461=CARTESIAN_POINT('',(2.625,37.925,0.));
#7462=CARTESIAN_POINT('',(2.625,24.925,3.));
#7463=CARTESIAN_POINT('',(2.625,37.925,3.));
#7464=CARTESIAN_POINT('',(2.625,24.925,0.));
#7465=CARTESIAN_POINT('Origin',(3.125,24.925,0.));
#7466=CARTESIAN_POINT('',(3.125,24.425,3.));
#7467=CARTESIAN_POINT('Origin',(3.125,24.925,3.));
#7468=CARTESIAN_POINT('',(3.125,24.425,0.));
#7469=CARTESIAN_POINT('Origin',(16.125,24.425,0.));
#7470=CARTESIAN_POINT('',(16.125,24.425,3.));
#7471=CARTESIAN_POINT('',(3.125,24.425,3.));
#7472=CARTESIAN_POINT('',(16.125,24.425,0.));
#7473=CARTESIAN_POINT('Origin',(16.125,24.925,0.));
#7474=CARTESIAN_POINT('',(16.625,24.925,3.));
#7475=CARTESIAN_POINT('Origin',(16.125,24.925,3.));
#7476=CARTESIAN_POINT('',(16.625,24.925,0.));
#7477=CARTESIAN_POINT('Origin',(16.625,37.925,0.));
#7478=CARTESIAN_POINT('',(16.625,37.925,3.));
#7479=CARTESIAN_POINT('',(16.625,37.925,3.));
#7480=CARTESIAN_POINT('',(16.625,37.925,0.));
#7481=CARTESIAN_POINT('Origin',(16.125,37.925,0.));
#7482=CARTESIAN_POINT('',(16.125,38.425,3.));
#7483=CARTESIAN_POINT('Origin',(16.125,37.925,3.));
#7484=CARTESIAN_POINT('',(16.125,38.425,0.));
#7485=CARTESIAN_POINT('Origin',(3.125,38.425,0.));
#7486=CARTESIAN_POINT('',(3.125,38.425,3.));
#7487=CARTESIAN_POINT('',(3.125,38.425,3.));
#7488=CARTESIAN_POINT('',(3.125,38.425,0.));
#7489=CARTESIAN_POINT('Origin',(3.125,37.925,0.));
#7490=CARTESIAN_POINT('Origin',(3.125,37.925,3.));
#7491=CARTESIAN_POINT('Origin',(2.625,-32.225,0.));
#7492=CARTESIAN_POINT('',(2.625,-19.225,3.));
#7493=CARTESIAN_POINT('',(2.625,-19.225,0.));
#7494=CARTESIAN_POINT('',(2.625,-32.225,3.));
#7495=CARTESIAN_POINT('',(2.625,-19.225,3.));
#7496=CARTESIAN_POINT('',(2.625,-32.225,0.));
#7497=CARTESIAN_POINT('Origin',(3.125,-32.225,0.));
#7498=CARTESIAN_POINT('',(3.125,-32.725,3.));
#7499=CARTESIAN_POINT('Origin',(3.125,-32.225,3.));
#7500=CARTESIAN_POINT('',(3.125,-32.725,0.));
#7501=CARTESIAN_POINT('Origin',(16.125,-32.725,0.));
#7502=CARTESIAN_POINT('',(16.125,-32.725,3.));
#7503=CARTESIAN_POINT('',(3.125,-32.725,3.));
#7504=CARTESIAN_POINT('',(16.125,-32.725,0.));
#7505=CARTESIAN_POINT('Origin',(16.125,-32.225,0.));
#7506=CARTESIAN_POINT('',(16.625,-32.225,3.));
#7507=CARTESIAN_POINT('Origin',(16.125,-32.225,3.));
#7508=CARTESIAN_POINT('',(16.625,-32.225,0.));
#7509=CARTESIAN_POINT('Origin',(16.625,-19.225,0.));
#7510=CARTESIAN_POINT('',(16.625,-19.225,3.));
#7511=CARTESIAN_POINT('',(16.625,-19.225,3.));
#7512=CARTESIAN_POINT('',(16.625,-19.225,0.));
#7513=CARTESIAN_POINT('Origin',(16.125,-19.225,0.));
#7514=CARTESIAN_POINT('',(16.125,-18.725,3.));
#7515=CARTESIAN_POINT('Origin',(16.125,-19.225,3.));
#7516=CARTESIAN_POINT('',(16.125,-18.725,0.));
#7517=CARTESIAN_POINT('Origin',(3.125,-18.725,0.));
#7518=CARTESIAN_POINT('',(3.125,-18.725,3.));
#7519=CARTESIAN_POINT('',(3.125,-18.725,3.));
#7520=CARTESIAN_POINT('',(3.125,-18.725,0.));
#7521=CARTESIAN_POINT('Origin',(3.125,-19.225,0.));
#7522=CARTESIAN_POINT('Origin',(3.125,-19.225,3.));
#7523=CARTESIAN_POINT('Origin',(-34.975,0.324999999999998,0.));
#7524=CARTESIAN_POINT('',(-21.975,0.324999999999998,3.));
#7525=CARTESIAN_POINT('',(-21.975,0.324999999999998,0.));
#7526=CARTESIAN_POINT('',(-34.975,0.324999999999998,3.));
#7527=CARTESIAN_POINT('',(-34.975,0.324999999999998,3.));
#7528=CARTESIAN_POINT('',(-34.975,0.324999999999998,0.));
#7529=CARTESIAN_POINT('Origin',(-34.975,-0.175000000000001,0.));
#7530=CARTESIAN_POINT('',(-35.475,-0.175000000000001,3.));
#7531=CARTESIAN_POINT('Origin',(-34.975,-0.175000000000001,3.));
#7532=CARTESIAN_POINT('',(-35.475,-0.175000000000001,0.));
#7533=CARTESIAN_POINT('Origin',(-35.475,-13.175,0.));
#7534=CARTESIAN_POINT('',(-35.475,-13.175,3.));
#7535=CARTESIAN_POINT('',(-35.475,-0.175000000000001,3.));
#7536=CARTESIAN_POINT('',(-35.475,-13.175,0.));
#7537=CARTESIAN_POINT('Origin',(-34.975,-13.175,0.));
#7538=CARTESIAN_POINT('',(-34.975,-13.675,3.));
#7539=CARTESIAN_POINT('Origin',(-34.975,-13.175,3.));
#7540=CARTESIAN_POINT('',(-34.975,-13.675,0.));
#7541=CARTESIAN_POINT('Origin',(-21.975,-13.675,0.));
#7542=CARTESIAN_POINT('',(-21.975,-13.675,3.));
#7543=CARTESIAN_POINT('',(-34.975,-13.675,3.));
#7544=CARTESIAN_POINT('',(-21.975,-13.675,0.));
#7545=CARTESIAN_POINT('Origin',(-21.975,-13.175,0.));
#7546=CARTESIAN_POINT('',(-21.475,-13.175,3.));
#7547=CARTESIAN_POINT('Origin',(-21.975,-13.175,3.));
#7548=CARTESIAN_POINT('',(-21.475,-13.175,0.));
#7549=CARTESIAN_POINT('Origin',(-21.475,-0.175000000000001,0.));
#7550=CARTESIAN_POINT('',(-21.475,-0.175000000000001,3.));
#7551=CARTESIAN_POINT('',(-21.475,-0.175000000000001,3.));
#7552=CARTESIAN_POINT('',(-21.475,-0.175000000000001,0.));
#7553=CARTESIAN_POINT('Origin',(-21.975,-0.175000000000001,0.));
#7554=CARTESIAN_POINT('Origin',(-21.975,-0.175000000000001,3.));
#7555=CARTESIAN_POINT('Origin',(46.502,-65.8200000000001,0.));
#7556=CARTESIAN_POINT('',(45.052,-65.8200000000001,3.));
#7557=CARTESIAN_POINT('Origin',(46.502,-65.8200000000001,3.));
#7558=CARTESIAN_POINT('',(45.052,-65.8200000000001,0.));
#7559=CARTESIAN_POINT('Origin',(-16.425,5.87499999999999,0.));
#7560=CARTESIAN_POINT('',(-16.425,18.875,3.));
#7561=CARTESIAN_POINT('',(-16.425,18.875,0.));
#7562=CARTESIAN_POINT('',(-16.425,5.87499999999999,3.));
#7563=CARTESIAN_POINT('',(-16.425,18.875,3.));
#7564=CARTESIAN_POINT('',(-16.425,5.87499999999999,0.));
#7565=CARTESIAN_POINT('Origin',(-15.925,5.87499999999999,0.));
#7566=CARTESIAN_POINT('',(-15.925,5.375,3.));
#7567=CARTESIAN_POINT('Origin',(-15.925,5.87499999999999,3.));
#7568=CARTESIAN_POINT('',(-15.925,5.375,0.));
#7569=CARTESIAN_POINT('Origin',(-2.925,5.375,0.));
#7570=CARTESIAN_POINT('',(-2.925,5.375,3.));
#7571=CARTESIAN_POINT('',(-15.925,5.375,3.));
#7572=CARTESIAN_POINT('',(-2.925,5.375,0.));
#7573=CARTESIAN_POINT('Origin',(-2.925,5.87499999999999,0.));
#7574=CARTESIAN_POINT('',(-2.425,5.87499999999999,3.));
#7575=CARTESIAN_POINT('Origin',(-2.925,5.87499999999999,3.));
#7576=CARTESIAN_POINT('',(-2.425,5.87499999999999,0.));
#7577=CARTESIAN_POINT('Origin',(-2.425,18.875,0.));
#7578=CARTESIAN_POINT('',(-2.425,18.875,3.));
#7579=CARTESIAN_POINT('',(-2.425,18.875,3.));
#7580=CARTESIAN_POINT('',(-2.425,18.875,0.));
#7581=CARTESIAN_POINT('Origin',(-2.925,18.875,0.));
#7582=CARTESIAN_POINT('',(-2.925,19.375,3.));
#7583=CARTESIAN_POINT('Origin',(-2.925,18.875,3.));
#7584=CARTESIAN_POINT('',(-2.925,19.375,0.));
#7585=CARTESIAN_POINT('Origin',(-15.925,19.375,0.));
#7586=CARTESIAN_POINT('',(-15.925,19.375,3.));
#7587=CARTESIAN_POINT('',(-15.925,19.375,3.));
#7588=CARTESIAN_POINT('',(-15.925,19.375,0.));
#7589=CARTESIAN_POINT('Origin',(-15.925,18.875,0.));
#7590=CARTESIAN_POINT('Origin',(-15.925,18.875,3.));
#7591=CARTESIAN_POINT('Origin',(22.175,-28.25,0.));
#7592=CARTESIAN_POINT('',(35.175,-28.25,3.));
#7593=CARTESIAN_POINT('',(35.175,-28.25,0.));
#7594=CARTESIAN_POINT('',(22.175,-28.25,3.));
#7595=CARTESIAN_POINT('',(35.175,-28.25,3.));
#7596=CARTESIAN_POINT('',(22.175,-28.25,0.));
#7597=CARTESIAN_POINT('Origin',(22.175,-28.75,0.));
#7598=CARTESIAN_POINT('',(21.675,-28.75,3.));
#7599=CARTESIAN_POINT('Origin',(22.175,-28.75,3.));
#7600=CARTESIAN_POINT('',(21.675,-28.75,0.));
#7601=CARTESIAN_POINT('Origin',(21.675,-41.75,0.));
#7602=CARTESIAN_POINT('',(21.675,-41.75,3.));
#7603=CARTESIAN_POINT('',(21.675,-28.75,3.));
#7604=CARTESIAN_POINT('',(21.675,-41.75,0.));
#7605=CARTESIAN_POINT('Origin',(22.175,-41.75,0.));
#7606=CARTESIAN_POINT('',(22.175,-42.25,3.));
#7607=CARTESIAN_POINT('Origin',(22.175,-41.75,3.));
#7608=CARTESIAN_POINT('',(22.175,-42.25,0.));
#7609=CARTESIAN_POINT('Origin',(35.175,-42.25,0.));
#7610=CARTESIAN_POINT('',(35.175,-42.25,3.));
#7611=CARTESIAN_POINT('',(35.175,-42.25,3.));
#7612=CARTESIAN_POINT('',(35.175,-42.25,0.));
#7613=CARTESIAN_POINT('Origin',(35.175,-41.75,0.));
#7614=CARTESIAN_POINT('',(35.675,-41.75,3.));
#7615=CARTESIAN_POINT('Origin',(35.175,-41.75,3.));
#7616=CARTESIAN_POINT('',(35.675,-41.75,0.));
#7617=CARTESIAN_POINT('Origin',(35.675,-28.75,0.));
#7618=CARTESIAN_POINT('',(35.675,-28.75,3.));
#7619=CARTESIAN_POINT('',(35.675,-28.75,3.));
#7620=CARTESIAN_POINT('',(35.675,-28.75,0.));
#7621=CARTESIAN_POINT('Origin',(35.175,-28.75,0.));
#7622=CARTESIAN_POINT('Origin',(35.175,-28.75,3.));
#7623=CARTESIAN_POINT('Origin',(22.175,43.975,0.));
#7624=CARTESIAN_POINT('',(21.675,43.975,3.));
#7625=CARTESIAN_POINT('',(21.675,43.975,0.));
#7626=CARTESIAN_POINT('',(22.175,43.475,3.));
#7627=CARTESIAN_POINT('Origin',(22.175,43.975,3.));
#7628=CARTESIAN_POINT('',(22.175,43.475,0.));
#7629=CARTESIAN_POINT('Origin',(35.175,43.475,0.));
#7630=CARTESIAN_POINT('',(35.175,43.475,3.));
#7631=CARTESIAN_POINT('',(22.175,43.475,3.));
#7632=CARTESIAN_POINT('',(35.175,43.475,0.));
#7633=CARTESIAN_POINT('Origin',(35.175,43.975,0.));
#7634=CARTESIAN_POINT('',(35.675,43.975,3.));
#7635=CARTESIAN_POINT('Origin',(35.175,43.975,3.));
#7636=CARTESIAN_POINT('',(35.675,43.975,0.));
#7637=CARTESIAN_POINT('Origin',(35.675,56.975,0.));
#7638=CARTESIAN_POINT('',(35.675,56.975,3.));
#7639=CARTESIAN_POINT('',(35.675,56.975,3.));
#7640=CARTESIAN_POINT('',(35.675,56.975,0.));
#7641=CARTESIAN_POINT('Origin',(35.175,56.975,0.));
#7642=CARTESIAN_POINT('',(35.175,57.475,3.));
#7643=CARTESIAN_POINT('Origin',(35.175,56.975,3.));
#7644=CARTESIAN_POINT('',(35.175,57.475,0.));
#7645=CARTESIAN_POINT('Origin',(22.175,57.475,0.));
#7646=CARTESIAN_POINT('',(22.175,57.475,3.));
#7647=CARTESIAN_POINT('',(22.175,57.475,3.));
#7648=CARTESIAN_POINT('',(22.175,57.475,0.));
#7649=CARTESIAN_POINT('Origin',(22.175,56.975,0.));
#7650=CARTESIAN_POINT('',(21.675,56.975,3.));
#7651=CARTESIAN_POINT('Origin',(22.175,56.975,3.));
#7652=CARTESIAN_POINT('',(21.675,56.975,0.));
#7653=CARTESIAN_POINT('Origin',(21.675,43.975,0.));
#7654=CARTESIAN_POINT('',(21.675,56.975,3.));
#7655=CARTESIAN_POINT('Origin',(-15.925,-18.725,0.));
#7656=CARTESIAN_POINT('',(-2.925,-18.725,3.));
#7657=CARTESIAN_POINT('',(-2.925,-18.725,0.));
#7658=CARTESIAN_POINT('',(-15.925,-18.725,3.));
#7659=CARTESIAN_POINT('',(-15.925,-18.725,3.));
#7660=CARTESIAN_POINT('',(-15.925,-18.725,0.));
#7661=CARTESIAN_POINT('Origin',(-15.925,-19.225,0.));
#7662=CARTESIAN_POINT('',(-16.425,-19.225,3.));
#7663=CARTESIAN_POINT('Origin',(-15.925,-19.225,3.));
#7664=CARTESIAN_POINT('',(-16.425,-19.225,0.));
#7665=CARTESIAN_POINT('Origin',(-16.425,-32.225,0.));
#7666=CARTESIAN_POINT('',(-16.425,-32.225,3.));
#7667=CARTESIAN_POINT('',(-16.425,-19.225,3.));
#7668=CARTESIAN_POINT('',(-16.425,-32.225,0.));
#7669=CARTESIAN_POINT('Origin',(-15.925,-32.225,0.));
#7670=CARTESIAN_POINT('',(-15.925,-32.725,3.));
#7671=CARTESIAN_POINT('Origin',(-15.925,-32.225,3.));
#7672=CARTESIAN_POINT('',(-15.925,-32.725,0.));
#7673=CARTESIAN_POINT('Origin',(-2.925,-32.725,0.));
#7674=CARTESIAN_POINT('',(-2.925,-32.725,3.));
#7675=CARTESIAN_POINT('',(-15.925,-32.725,3.));
#7676=CARTESIAN_POINT('',(-2.925,-32.725,0.));
#7677=CARTESIAN_POINT('Origin',(-2.925,-32.225,0.));
#7678=CARTESIAN_POINT('',(-2.42500000000001,-32.225,3.));
#7679=CARTESIAN_POINT('Origin',(-2.925,-32.225,3.));
#7680=CARTESIAN_POINT('',(-2.42500000000001,-32.225,0.));
#7681=CARTESIAN_POINT('Origin',(-2.425,-19.225,0.));
#7682=CARTESIAN_POINT('',(-2.425,-19.225,3.));
#7683=CARTESIAN_POINT('',(-2.425,-19.225,3.));
#7684=CARTESIAN_POINT('',(-2.425,-19.225,0.));
#7685=CARTESIAN_POINT('Origin',(-2.925,-19.225,0.));
#7686=CARTESIAN_POINT('Origin',(-2.925,-19.225,3.));
#7687=CARTESIAN_POINT('Origin',(2.625,-13.175,0.));
#7688=CARTESIAN_POINT('',(2.625,-0.175000000000001,3.));
#7689=CARTESIAN_POINT('',(2.625,-0.175000000000001,0.));
#7690=CARTESIAN_POINT('',(2.625,-13.175,3.));
#7691=CARTESIAN_POINT('',(2.625,-0.175000000000001,3.));
#7692=CARTESIAN_POINT('',(2.625,-13.175,0.));
#7693=CARTESIAN_POINT('Origin',(3.125,-13.175,0.));
#7694=CARTESIAN_POINT('',(3.125,-13.675,3.));
#7695=CARTESIAN_POINT('Origin',(3.125,-13.175,3.));
#7696=CARTESIAN_POINT('',(3.125,-13.675,0.));
#7697=CARTESIAN_POINT('Origin',(16.125,-13.675,0.));
#7698=CARTESIAN_POINT('',(16.125,-13.675,3.));
#7699=CARTESIAN_POINT('',(3.125,-13.675,3.));
#7700=CARTESIAN_POINT('',(16.125,-13.675,0.));
#7701=CARTESIAN_POINT('Origin',(16.125,-13.175,0.));
#7702=CARTESIAN_POINT('',(16.625,-13.175,3.));
#7703=CARTESIAN_POINT('Origin',(16.125,-13.175,3.));
#7704=CARTESIAN_POINT('',(16.625,-13.175,0.));
#7705=CARTESIAN_POINT('Origin',(16.625,-0.175000000000001,0.));
#7706=CARTESIAN_POINT('',(16.625,-0.175000000000001,3.));
#7707=CARTESIAN_POINT('',(16.625,-0.175000000000001,3.));
#7708=CARTESIAN_POINT('',(16.625,-0.175000000000001,0.));
#7709=CARTESIAN_POINT('Origin',(16.125,-0.175000000000001,0.));
#7710=CARTESIAN_POINT('',(16.125,0.324999999999998,3.));
#7711=CARTESIAN_POINT('Origin',(16.125,-0.175000000000001,3.));
#7712=CARTESIAN_POINT('',(16.125,0.324999999999998,0.));
#7713=CARTESIAN_POINT('Origin',(3.125,0.324999999999998,0.));
#7714=CARTESIAN_POINT('',(3.125,0.324999999999998,3.));
#7715=CARTESIAN_POINT('',(3.125,0.324999999999998,3.));
#7716=CARTESIAN_POINT('',(3.125,0.324999999999998,0.));
#7717=CARTESIAN_POINT('Origin',(3.125,-0.175000000000001,0.));
#7718=CARTESIAN_POINT('Origin',(3.125,-0.175000000000001,3.));
#7719=CARTESIAN_POINT('Origin',(-16.425,-13.175,0.));
#7720=CARTESIAN_POINT('',(-16.425,-0.175000000000001,3.));
#7721=CARTESIAN_POINT('',(-16.425,-0.175000000000001,0.));
#7722=CARTESIAN_POINT('',(-16.425,-13.175,3.));
#7723=CARTESIAN_POINT('',(-16.425,-0.175000000000001,3.));
#7724=CARTESIAN_POINT('',(-16.425,-13.175,0.));
#7725=CARTESIAN_POINT('Origin',(-15.925,-13.175,0.));
#7726=CARTESIAN_POINT('',(-15.925,-13.675,3.));
#7727=CARTESIAN_POINT('Origin',(-15.925,-13.175,3.));
#7728=CARTESIAN_POINT('',(-15.925,-13.675,0.));
#7729=CARTESIAN_POINT('Origin',(-2.925,-13.675,0.));
#7730=CARTESIAN_POINT('',(-2.925,-13.675,3.));
#7731=CARTESIAN_POINT('',(-15.925,-13.675,3.));
#7732=CARTESIAN_POINT('',(-2.925,-13.675,0.));
#7733=CARTESIAN_POINT('Origin',(-2.925,-13.175,0.));
#7734=CARTESIAN_POINT('',(-2.425,-13.175,3.));
#7735=CARTESIAN_POINT('Origin',(-2.925,-13.175,3.));
#7736=CARTESIAN_POINT('',(-2.425,-13.175,0.));
#7737=CARTESIAN_POINT('Origin',(-2.425,-0.175000000000001,0.));
#7738=CARTESIAN_POINT('',(-2.425,-0.175000000000001,3.));
#7739=CARTESIAN_POINT('',(-2.425,-0.175000000000001,3.));
#7740=CARTESIAN_POINT('',(-2.425,-0.175000000000001,0.));
#7741=CARTESIAN_POINT('Origin',(-2.925,-0.175000000000001,0.));
#7742=CARTESIAN_POINT('',(-2.925,0.325000000000002,3.));
#7743=CARTESIAN_POINT('Origin',(-2.925,-0.175000000000001,3.));
#7744=CARTESIAN_POINT('',(-2.925,0.325000000000002,0.));
#7745=CARTESIAN_POINT('Origin',(-15.925,0.324999999999998,0.));
#7746=CARTESIAN_POINT('',(-15.925,0.324999999999998,3.));
#7747=CARTESIAN_POINT('',(-15.925,0.324999999999998,3.));
#7748=CARTESIAN_POINT('',(-15.925,0.324999999999998,0.));
#7749=CARTESIAN_POINT('Origin',(-15.925,-0.175000000000001,0.));
#7750=CARTESIAN_POINT('Origin',(-15.925,-0.175000000000001,3.));
#7751=CARTESIAN_POINT('Origin',(21.675,24.925,0.));
#7752=CARTESIAN_POINT('',(21.675,37.925,3.));
#7753=CARTESIAN_POINT('',(21.675,37.925,0.));
#7754=CARTESIAN_POINT('',(21.675,24.925,3.));
#7755=CARTESIAN_POINT('',(21.675,37.925,3.));
#7756=CARTESIAN_POINT('',(21.675,24.925,0.));
#7757=CARTESIAN_POINT('Origin',(22.175,24.925,0.));
#7758=CARTESIAN_POINT('',(22.175,24.425,3.));
#7759=CARTESIAN_POINT('Origin',(22.175,24.925,3.));
#7760=CARTESIAN_POINT('',(22.175,24.425,0.));
#7761=CARTESIAN_POINT('Origin',(35.175,24.425,0.));
#7762=CARTESIAN_POINT('',(35.175,24.425,3.));
#7763=CARTESIAN_POINT('',(22.175,24.425,3.));
#7764=CARTESIAN_POINT('',(35.175,24.425,0.));
#7765=CARTESIAN_POINT('Origin',(35.175,24.925,0.));
#7766=CARTESIAN_POINT('',(35.675,24.925,3.));
#7767=CARTESIAN_POINT('Origin',(35.175,24.925,3.));
#7768=CARTESIAN_POINT('',(35.675,24.925,0.));
#7769=CARTESIAN_POINT('Origin',(35.675,37.925,0.));
#7770=CARTESIAN_POINT('',(35.675,37.925,3.));
#7771=CARTESIAN_POINT('',(35.675,37.925,3.));
#7772=CARTESIAN_POINT('',(35.675,37.925,0.));
#7773=CARTESIAN_POINT('Origin',(35.175,37.925,0.));
#7774=CARTESIAN_POINT('',(35.175,38.425,3.));
#7775=CARTESIAN_POINT('Origin',(35.175,37.925,3.));
#7776=CARTESIAN_POINT('',(35.175,38.425,0.));
#7777=CARTESIAN_POINT('Origin',(22.175,38.425,0.));
#7778=CARTESIAN_POINT('',(22.175,38.425,3.));
#7779=CARTESIAN_POINT('',(22.175,38.425,3.));
#7780=CARTESIAN_POINT('',(22.175,38.425,0.));
#7781=CARTESIAN_POINT('Origin',(22.175,37.925,0.));
#7782=CARTESIAN_POINT('Origin',(22.175,37.925,3.));
#7783=CARTESIAN_POINT('Origin',(-16.425,24.925,0.));
#7784=CARTESIAN_POINT('',(-16.425,37.925,3.));
#7785=CARTESIAN_POINT('',(-16.425,37.925,0.));
#7786=CARTESIAN_POINT('',(-16.425,24.925,3.));
#7787=CARTESIAN_POINT('',(-16.425,37.925,3.));
#7788=CARTESIAN_POINT('',(-16.425,24.925,0.));
#7789=CARTESIAN_POINT('Origin',(-15.925,24.925,0.));
#7790=CARTESIAN_POINT('',(-15.925,24.425,3.));
#7791=CARTESIAN_POINT('Origin',(-15.925,24.925,3.));
#7792=CARTESIAN_POINT('',(-15.925,24.425,0.));
#7793=CARTESIAN_POINT('Origin',(-2.925,24.425,0.));
#7794=CARTESIAN_POINT('',(-2.925,24.425,3.));
#7795=CARTESIAN_POINT('',(-15.925,24.425,3.));
#7796=CARTESIAN_POINT('',(-2.925,24.425,0.));
#7797=CARTESIAN_POINT('Origin',(-2.925,24.925,0.));
#7798=CARTESIAN_POINT('',(-2.425,24.925,3.));
#7799=CARTESIAN_POINT('Origin',(-2.925,24.925,3.));
#7800=CARTESIAN_POINT('',(-2.425,24.925,0.));
#7801=CARTESIAN_POINT('Origin',(-2.425,37.925,0.));
#7802=CARTESIAN_POINT('',(-2.425,37.925,3.));
#7803=CARTESIAN_POINT('',(-2.425,37.925,3.));
#7804=CARTESIAN_POINT('',(-2.425,37.925,0.));
#7805=CARTESIAN_POINT('Origin',(-2.925,37.925,0.));
#7806=CARTESIAN_POINT('',(-2.925,38.425,3.));
#7807=CARTESIAN_POINT('Origin',(-2.925,37.925,3.));
#7808=CARTESIAN_POINT('',(-2.925,38.425,0.));
#7809=CARTESIAN_POINT('Origin',(-15.925,38.425,0.));
#7810=CARTESIAN_POINT('',(-15.925,38.425,3.));
#7811=CARTESIAN_POINT('',(-15.925,38.425,3.));
#7812=CARTESIAN_POINT('',(-15.925,38.425,0.));
#7813=CARTESIAN_POINT('Origin',(-15.925,37.925,0.));
#7814=CARTESIAN_POINT('Origin',(-15.925,37.925,3.));
#7815=CARTESIAN_POINT('Origin',(-15.925,43.975,0.));
#7816=CARTESIAN_POINT('',(-16.425,43.975,3.));
#7817=CARTESIAN_POINT('',(-16.425,43.975,0.));
#7818=CARTESIAN_POINT('',(-15.925,43.475,3.));
#7819=CARTESIAN_POINT('Origin',(-15.925,43.975,3.));
#7820=CARTESIAN_POINT('',(-15.925,43.475,0.));
#7821=CARTESIAN_POINT('Origin',(-2.925,43.475,0.));
#7822=CARTESIAN_POINT('',(-2.925,43.475,3.));
#7823=CARTESIAN_POINT('',(-15.925,43.475,3.));
#7824=CARTESIAN_POINT('',(-2.925,43.475,0.));
#7825=CARTESIAN_POINT('Origin',(-2.925,43.975,0.));
#7826=CARTESIAN_POINT('',(-2.425,43.975,3.));
#7827=CARTESIAN_POINT('Origin',(-2.925,43.975,3.));
#7828=CARTESIAN_POINT('',(-2.425,43.975,0.));
#7829=CARTESIAN_POINT('Origin',(-2.425,56.975,0.));
#7830=CARTESIAN_POINT('',(-2.425,56.975,3.));
#7831=CARTESIAN_POINT('',(-2.425,56.975,3.));
#7832=CARTESIAN_POINT('',(-2.425,56.975,0.));
#7833=CARTESIAN_POINT('Origin',(-2.925,56.975,0.));
#7834=CARTESIAN_POINT('',(-2.925,57.475,3.));
#7835=CARTESIAN_POINT('Origin',(-2.925,56.975,3.));
#7836=CARTESIAN_POINT('',(-2.925,57.475,0.));
#7837=CARTESIAN_POINT('Origin',(-15.925,57.475,0.));
#7838=CARTESIAN_POINT('',(-15.925,57.475,3.));
#7839=CARTESIAN_POINT('',(-15.925,57.475,3.));
#7840=CARTESIAN_POINT('',(-15.925,57.475,0.));
#7841=CARTESIAN_POINT('Origin',(-15.925,56.975,0.));
#7842=CARTESIAN_POINT('',(-16.425,56.975,3.));
#7843=CARTESIAN_POINT('Origin',(-15.925,56.975,3.));
#7844=CARTESIAN_POINT('',(-16.425,56.975,0.));
#7845=CARTESIAN_POINT('Origin',(-16.425,43.975,0.));
#7846=CARTESIAN_POINT('',(-16.425,56.975,3.));
#7847=CARTESIAN_POINT('Origin',(-35.475,-32.225,0.));
#7848=CARTESIAN_POINT('',(-35.475,-19.225,3.));
#7849=CARTESIAN_POINT('',(-35.475,-19.225,0.));
#7850=CARTESIAN_POINT('',(-35.475,-32.225,3.));
#7851=CARTESIAN_POINT('',(-35.475,-19.225,3.));
#7852=CARTESIAN_POINT('',(-35.475,-32.225,0.));
#7853=CARTESIAN_POINT('Origin',(-34.975,-32.225,0.));
#7854=CARTESIAN_POINT('',(-34.975,-32.725,3.));
#7855=CARTESIAN_POINT('Origin',(-34.975,-32.225,3.));
#7856=CARTESIAN_POINT('',(-34.975,-32.725,0.));
#7857=CARTESIAN_POINT('Origin',(-21.975,-32.725,0.));
#7858=CARTESIAN_POINT('',(-21.975,-32.725,3.));
#7859=CARTESIAN_POINT('',(-34.975,-32.725,3.));
#7860=CARTESIAN_POINT('',(-21.975,-32.725,0.));
#7861=CARTESIAN_POINT('Origin',(-21.975,-32.225,0.));
#7862=CARTESIAN_POINT('',(-21.475,-32.225,3.));
#7863=CARTESIAN_POINT('Origin',(-21.975,-32.225,3.));
#7864=CARTESIAN_POINT('',(-21.475,-32.225,0.));
#7865=CARTESIAN_POINT('Origin',(-21.475,-19.225,0.));
#7866=CARTESIAN_POINT('',(-21.475,-19.225,3.));
#7867=CARTESIAN_POINT('',(-21.475,-19.225,3.));
#7868=CARTESIAN_POINT('',(-21.475,-19.225,0.));
#7869=CARTESIAN_POINT('Origin',(-21.975,-19.225,0.));
#7870=CARTESIAN_POINT('',(-21.975,-18.725,3.));
#7871=CARTESIAN_POINT('Origin',(-21.975,-19.225,3.));
#7872=CARTESIAN_POINT('',(-21.975,-18.725,0.));
#7873=CARTESIAN_POINT('Origin',(-34.975,-18.725,0.));
#7874=CARTESIAN_POINT('',(-34.975,-18.725,3.));
#7875=CARTESIAN_POINT('',(-34.975,-18.725,3.));
#7876=CARTESIAN_POINT('',(-34.975,-18.725,0.));
#7877=CARTESIAN_POINT('Origin',(-34.975,-19.225,0.));
#7878=CARTESIAN_POINT('Origin',(-34.975,-19.225,3.));
#7879=CARTESIAN_POINT('Origin',(-25.95,-51.275,0.));
#7880=CARTESIAN_POINT('',(-25.95,-38.275,3.));
#7881=CARTESIAN_POINT('',(-25.95,-38.275,0.));
#7882=CARTESIAN_POINT('',(-25.95,-51.275,3.));
#7883=CARTESIAN_POINT('',(-25.95,-38.275,3.));
#7884=CARTESIAN_POINT('',(-25.95,-51.275,0.));
#7885=CARTESIAN_POINT('Origin',(-25.45,-51.275,0.));
#7886=CARTESIAN_POINT('',(-25.45,-51.775,3.));
#7887=CARTESIAN_POINT('Origin',(-25.45,-51.275,3.));
#7888=CARTESIAN_POINT('',(-25.45,-51.775,0.));
#7889=CARTESIAN_POINT('Origin',(-12.45,-51.775,0.));
#7890=CARTESIAN_POINT('',(-12.45,-51.775,3.));
#7891=CARTESIAN_POINT('',(-25.45,-51.775,3.));
#7892=CARTESIAN_POINT('',(-12.45,-51.775,0.));
#7893=CARTESIAN_POINT('Origin',(-12.45,-51.275,0.));
#7894=CARTESIAN_POINT('',(-11.95,-51.275,3.));
#7895=CARTESIAN_POINT('Origin',(-12.45,-51.275,3.));
#7896=CARTESIAN_POINT('',(-11.95,-51.275,0.));
#7897=CARTESIAN_POINT('Origin',(-11.95,-38.275,0.));
#7898=CARTESIAN_POINT('',(-11.95,-38.275,3.));
#7899=CARTESIAN_POINT('',(-11.95,-38.275,3.));
#7900=CARTESIAN_POINT('',(-11.95,-38.275,0.));
#7901=CARTESIAN_POINT('Origin',(-12.45,-38.275,0.));
#7902=CARTESIAN_POINT('',(-12.45,-37.775,3.));
#7903=CARTESIAN_POINT('Origin',(-12.45,-38.275,3.));
#7904=CARTESIAN_POINT('',(-12.45,-37.775,0.));
#7905=CARTESIAN_POINT('Origin',(-25.45,-37.775,0.));
#7906=CARTESIAN_POINT('',(-25.45,-37.775,3.));
#7907=CARTESIAN_POINT('',(-25.45,-37.775,3.));
#7908=CARTESIAN_POINT('',(-25.45,-37.775,0.));
#7909=CARTESIAN_POINT('Origin',(-25.45,-38.275,0.));
#7910=CARTESIAN_POINT('Origin',(-25.45,-38.275,3.));
#7911=CARTESIAN_POINT('Origin',(-47.6,-65.8200000000001,0.));
#7912=CARTESIAN_POINT('',(-49.05,-65.8200000000001,3.));
#7913=CARTESIAN_POINT('Origin',(-47.6,-65.8200000000001,3.));
#7914=CARTESIAN_POINT('',(-49.05,-65.8200000000001,0.));
#7915=CARTESIAN_POINT('Origin',(-35.475,43.975,0.));
#7916=CARTESIAN_POINT('',(-35.475,56.975,3.));
#7917=CARTESIAN_POINT('',(-35.475,56.975,0.));
#7918=CARTESIAN_POINT('',(-35.475,43.975,3.));
#7919=CARTESIAN_POINT('',(-35.475,56.975,3.));
#7920=CARTESIAN_POINT('',(-35.475,43.975,0.));
#7921=CARTESIAN_POINT('Origin',(-34.975,43.975,0.));
#7922=CARTESIAN_POINT('',(-34.975,43.475,3.));
#7923=CARTESIAN_POINT('Origin',(-34.975,43.975,3.));
#7924=CARTESIAN_POINT('',(-34.975,43.475,0.));
#7925=CARTESIAN_POINT('Origin',(-21.975,43.475,0.));
#7926=CARTESIAN_POINT('',(-21.975,43.475,3.));
#7927=CARTESIAN_POINT('',(-34.975,43.475,3.));
#7928=CARTESIAN_POINT('',(-21.975,43.475,0.));
#7929=CARTESIAN_POINT('Origin',(-21.975,43.975,0.));
#7930=CARTESIAN_POINT('',(-21.475,43.975,3.));
#7931=CARTESIAN_POINT('Origin',(-21.975,43.975,3.));
#7932=CARTESIAN_POINT('',(-21.475,43.975,0.));
#7933=CARTESIAN_POINT('Origin',(-21.475,56.975,0.));
#7934=CARTESIAN_POINT('',(-21.475,56.975,3.));
#7935=CARTESIAN_POINT('',(-21.475,56.975,3.));
#7936=CARTESIAN_POINT('',(-21.475,56.975,0.));
#7937=CARTESIAN_POINT('Origin',(-21.975,56.975,0.));
#7938=CARTESIAN_POINT('',(-21.975,57.475,3.));
#7939=CARTESIAN_POINT('Origin',(-21.975,56.975,3.));
#7940=CARTESIAN_POINT('',(-21.975,57.475,0.));
#7941=CARTESIAN_POINT('Origin',(-34.975,57.475,0.));
#7942=CARTESIAN_POINT('',(-34.975,57.475,3.));
#7943=CARTESIAN_POINT('',(-34.975,57.475,3.));
#7944=CARTESIAN_POINT('',(-34.975,57.475,0.));
#7945=CARTESIAN_POINT('Origin',(-34.975,56.975,0.));
#7946=CARTESIAN_POINT('Origin',(-34.975,56.975,3.));
#7947=CARTESIAN_POINT('Origin',(34.675,17.788,0.));
#7948=CARTESIAN_POINT('',(34.675,11.788,3.));
#7949=CARTESIAN_POINT('',(34.675,11.788,0.));
#7950=CARTESIAN_POINT('',(34.675,17.788,3.));
#7951=CARTESIAN_POINT('',(34.675,17.788,3.));
#7952=CARTESIAN_POINT('',(34.675,17.788,0.));
#7953=CARTESIAN_POINT('Origin',(34.175,17.788,0.));
#7954=CARTESIAN_POINT('',(34.175,18.288,3.));
#7955=CARTESIAN_POINT('Origin',(34.175,17.788,3.));
#7956=CARTESIAN_POINT('',(34.175,18.288,0.));
#7957=CARTESIAN_POINT('Origin',(20.175,18.288,0.));
#7958=CARTESIAN_POINT('',(20.175,18.288,3.));
#7959=CARTESIAN_POINT('',(34.175,18.288,3.));
#7960=CARTESIAN_POINT('',(20.175,18.288,0.));
#7961=CARTESIAN_POINT('Origin',(20.175,17.788,0.));
#7962=CARTESIAN_POINT('',(19.675,17.788,3.));
#7963=CARTESIAN_POINT('Origin',(20.175,17.788,3.));
#7964=CARTESIAN_POINT('',(19.675,17.788,0.));
#7965=CARTESIAN_POINT('Origin',(19.675,11.788,0.));
#7966=CARTESIAN_POINT('',(19.675,11.788,3.));
#7967=CARTESIAN_POINT('',(19.675,17.788,3.));
#7968=CARTESIAN_POINT('',(19.675,11.788,0.));
#7969=CARTESIAN_POINT('Origin',(20.175,11.788,0.));
#7970=CARTESIAN_POINT('',(20.175,11.288,3.));
#7971=CARTESIAN_POINT('Origin',(20.175,11.788,3.));
#7972=CARTESIAN_POINT('',(20.175,11.288,0.));
#7973=CARTESIAN_POINT('Origin',(34.175,11.288,0.));
#7974=CARTESIAN_POINT('',(34.175,11.288,3.));
#7975=CARTESIAN_POINT('',(34.175,11.288,3.));
#7976=CARTESIAN_POINT('',(34.175,11.288,0.));
#7977=CARTESIAN_POINT('Origin',(34.175,11.788,0.));
#7978=CARTESIAN_POINT('Origin',(34.175,11.788,3.));
#7979=CARTESIAN_POINT('Origin',(-10.512,-53.275,0.));
#7980=CARTESIAN_POINT('',(-10.512,-39.275,3.));
#7981=CARTESIAN_POINT('',(-10.512,-39.275,0.));
#7982=CARTESIAN_POINT('',(-10.512,-53.275,3.));
#7983=CARTESIAN_POINT('',(-10.512,-39.275,3.));
#7984=CARTESIAN_POINT('',(-10.512,-53.275,0.));
#7985=CARTESIAN_POINT('Origin',(-10.012,-53.275,0.));
#7986=CARTESIAN_POINT('',(-10.012,-53.775,3.));
#7987=CARTESIAN_POINT('Origin',(-10.012,-53.275,3.));
#7988=CARTESIAN_POINT('',(-10.012,-53.775,0.));
#7989=CARTESIAN_POINT('Origin',(-4.012,-53.775,0.));
#7990=CARTESIAN_POINT('',(-4.012,-53.775,3.));
#7991=CARTESIAN_POINT('',(-10.012,-53.775,3.));
#7992=CARTESIAN_POINT('',(-4.012,-53.775,0.));
#7993=CARTESIAN_POINT('Origin',(-4.012,-53.275,0.));
#7994=CARTESIAN_POINT('',(-3.512,-53.275,3.));
#7995=CARTESIAN_POINT('Origin',(-4.012,-53.275,3.));
#7996=CARTESIAN_POINT('',(-3.512,-53.275,0.));
#7997=CARTESIAN_POINT('Origin',(-3.512,-39.275,0.));
#7998=CARTESIAN_POINT('',(-3.512,-39.275,3.));
#7999=CARTESIAN_POINT('',(-3.512,-39.275,3.));
#8000=CARTESIAN_POINT('',(-3.512,-39.275,0.));
#8001=CARTESIAN_POINT('Origin',(-4.012,-39.275,0.));
#8002=CARTESIAN_POINT('',(-4.012,-38.775,3.));
#8003=CARTESIAN_POINT('Origin',(-4.012,-39.275,3.));
#8004=CARTESIAN_POINT('',(-4.012,-38.775,0.));
#8005=CARTESIAN_POINT('Origin',(-10.012,-38.775,0.));
#8006=CARTESIAN_POINT('',(-10.012,-38.775,3.));
#8007=CARTESIAN_POINT('',(-10.012,-38.775,3.));
#8008=CARTESIAN_POINT('',(-10.012,-38.775,0.));
#8009=CARTESIAN_POINT('Origin',(-10.012,-39.275,0.));
#8010=CARTESIAN_POINT('Origin',(-10.012,-39.275,3.));
#8011=CARTESIAN_POINT('Origin',(-34.9841326403463,19.375,0.));
#8012=CARTESIAN_POINT('',(-21.975,19.375,3.));
#8013=CARTESIAN_POINT('',(-21.975,19.375,0.));
#8014=CARTESIAN_POINT('',(-34.9841326403463,19.375,3.));
#8015=CARTESIAN_POINT('',(-34.9841326403463,19.375,3.));
#8016=CARTESIAN_POINT('',(-34.9841326403463,19.375,0.));
#8017=CARTESIAN_POINT('Origin',(-35.2071471954664,18.7283120619591,0.));
#8018=CARTESIAN_POINT('',(-35.875,18.8763438574614,3.));
#8019=CARTESIAN_POINT('Origin',(-35.2071471954664,18.7283120619591,3.));
#8020=CARTESIAN_POINT('',(-35.875,18.8763438574614,0.));
#8021=CARTESIAN_POINT('Origin',(-35.875,5.87376283622437,0.));
#8022=CARTESIAN_POINT('',(-35.875,5.87376283622437,3.));
#8023=CARTESIAN_POINT('',(-35.875,18.8763438574614,3.));
#8024=CARTESIAN_POINT('',(-35.875,5.87376283622437,0.));
#8025=CARTESIAN_POINT('Origin',(-35.2072900142294,6.02181569280391,0.));
#8026=CARTESIAN_POINT('',(-34.9850610040129,5.375,3.));
#8027=CARTESIAN_POINT('Origin',(-35.2072900142294,6.02181569280391,3.));
#8028=CARTESIAN_POINT('',(-34.9850610040129,5.375,0.));
#8029=CARTESIAN_POINT('Origin',(-21.975,5.375,0.));
#8030=CARTESIAN_POINT('',(-21.975,5.375,3.));
#8031=CARTESIAN_POINT('',(-34.9850610040129,5.375,3.));
#8032=CARTESIAN_POINT('',(-21.975,5.375,0.));
#8033=CARTESIAN_POINT('Origin',(-21.975,5.87499999999999,0.));
#8034=CARTESIAN_POINT('',(-21.475,5.87499999999999,3.));
#8035=CARTESIAN_POINT('Origin',(-21.975,5.87499999999999,3.));
#8036=CARTESIAN_POINT('',(-21.475,5.87499999999999,0.));
#8037=CARTESIAN_POINT('Origin',(-21.475,18.875,0.));
#8038=CARTESIAN_POINT('',(-21.475,18.875,3.));
#8039=CARTESIAN_POINT('',(-21.475,18.875,3.));
#8040=CARTESIAN_POINT('',(-21.475,18.875,0.));
#8041=CARTESIAN_POINT('Origin',(-21.975,18.875,0.));
#8042=CARTESIAN_POINT('Origin',(-21.975,18.875,3.));
#8043=CARTESIAN_POINT('Origin',(51.502,-70.8200000000001,0.));
#8044=CARTESIAN_POINT('',(51.502,90.938,3.));
#8045=CARTESIAN_POINT('Origin',(-9.14500000000001,90.938,0.));
#8046=CARTESIAN_POINT('',(-9.14500000000001,90.938,3.));
#8047=CARTESIAN_POINT('',(-52.6,90.938,3.));
#8048=CARTESIAN_POINT('',(-9.14500000000001,90.938,0.));
#8049=CARTESIAN_POINT('Origin',(-9.14500000000001,59.913,0.));
#8050=CARTESIAN_POINT('',(-9.14500000000001,59.913,3.));
#8051=CARTESIAN_POINT('',(-9.14500000000001,59.913,3.));
#8052=CARTESIAN_POINT('',(-9.14500000000001,59.913,0.));
#8053=CARTESIAN_POINT('Origin',(8.65499999999999,59.913,0.));
#8054=CARTESIAN_POINT('',(8.65499999999999,59.913,3.));
#8055=CARTESIAN_POINT('',(8.65499999999999,59.913,3.));
#8056=CARTESIAN_POINT('',(8.65499999999999,59.913,0.));
#8057=CARTESIAN_POINT('Origin',(8.65499999999999,90.938,0.));
#8058=CARTESIAN_POINT('',(8.65499999999999,90.938,3.));
#8059=CARTESIAN_POINT('Origin',(-0.549000000000008,10.059,3.));
#8060=UNCERTAINTY_MEASURE_WITH_UNIT(LENGTH_MEASURE(0.01),#8064,
'DISTANCE_ACCURACY_VALUE',
'Maximum model space distance between geometric entities at asserted c
onnectivities');
#8061=UNCERTAINTY_MEASURE_WITH_UNIT(LENGTH_MEASURE(0.01),#8064,
'DISTANCE_ACCURACY_VALUE',
'Maximum model space distance between geometric entities at asserted c
onnectivities');
#8062=(
GEOMETRIC_REPRESENTATION_CONTEXT(3)
GLOBAL_UNCERTAINTY_ASSIGNED_CONTEXT((#8060))
GLOBAL_UNIT_ASSIGNED_CONTEXT((#8064,#8066,#8067))
REPRESENTATION_CONTEXT('','3D')
);
#8063=(
GEOMETRIC_REPRESENTATION_CONTEXT(3)
GLOBAL_UNCERTAINTY_ASSIGNED_CONTEXT((#8061))
GLOBAL_UNIT_ASSIGNED_CONTEXT((#8064,#8066,#8067))
REPRESENTATION_CONTEXT('','3D')
);
#8064=(
LENGTH_UNIT()
NAMED_UNIT(*)
SI_UNIT(.MILLI.,.METRE.)
);
#8065=(
LENGTH_UNIT()
NAMED_UNIT(*)
SI_UNIT($,.METRE.)
);
#8066=(
NAMED_UNIT(*)
PLANE_ANGLE_UNIT()
SI_UNIT($,.RADIAN.)
);
#8067=(
NAMED_UNIT(*)
SI_UNIT($,.STERADIAN.)
SOLID_ANGLE_UNIT()
);
#8068=SHAPE_DEFINITION_REPRESENTATION(#8069,#8070);
#8069=PRODUCT_DEFINITION_SHAPE('',$,#8072);
#8070=SHAPE_REPRESENTATION('',(#4800),#8062);
#8071=PRODUCT_DEFINITION_CONTEXT('part definition',#8076,'design');
#8072=PRODUCT_DEFINITION('2026-09-16-16-45-23-767','Veekos-top',#8073,#8071);
#8073=PRODUCT_DEFINITION_FORMATION('',$,#8078);
#8074=PRODUCT_RELATED_PRODUCT_CATEGORY('Veekos-top','Veekos-top',(#8078));
#8075=APPLICATION_PROTOCOL_DEFINITION('international standard',
'automotive_design',2009,#8076);
#8076=APPLICATION_CONTEXT(
'Core Data for Automotive Mechanical Design Process');
#8077=PRODUCT_CONTEXT('part definition',#8076,'mechanical');
#8078=PRODUCT('2026-09-16-16-45-23-767','Veekos-top',$,(#8077));
#8079=PRESENTATION_STYLE_ASSIGNMENT((#8080));
#8080=SURFACE_STYLE_USAGE(.BOTH.,#8081);
#8081=SURFACE_SIDE_STYLE('',(#8082));
#8082=SURFACE_STYLE_FILL_AREA(#8083);
#8083=FILL_AREA_STYLE('Steel - Satin',(#8084));
#8084=FILL_AREA_STYLE_COLOUR('Steel - Satin',#8085);
#8085=COLOUR_RGB('Steel - Satin',0.627450980392157,0.627450980392157,0.627450980392157);
ENDSEC;
END-ISO-10303-21;
